1786835738.035977904,1.8840,45.5,1700021120,0x0
1786835739.082171172,1.7463,45.0,1500012800,0x0
1786835740.125574769,1.9180,46.6,1500016128,0x0
1786835741.168940697,1.7182,46.1,1500016128,0x0
1786835742.212459419,1.4536,45.5,1500016128,0x0
1786835743.255874494,1.7081,45.0,1500019456,0x0
1786835744.299344271,1.7266,45.5,1500019456,0x0
1786835745.342678938,1.4528,45.0,1500012800,0x0
1786835746.385926754,1.4319,45.0,1500019456,0x0
1786835747.429171291,1.4233,45.5,1500016128,0x0
1786835748.472426269,1.4485,45.5,1500016128,0x0
1786835749.515724580,1.4433,45.0,1500016128,0x0
1786835750.559219034,1.4557,45.0,1500019456,0x0
1786835751.602632413,1.4361,45.5,1500016128,0x0
1786835752.645948533,1.4435,45.5,1500016128,0x0
1786835753.689176358,1.4802,45.0,1500012800,0x0
1786835754.732498270,1.4428,45.0,1500022656,0x0
1786835755.775775959,1.4485,45.0,1500019456,0x0
1786835756.819018312,1.4676,45.0,1500016128,0x0
1786835757.862277853,1.4478,44.4,1500019456,0x0
1786835758.905415113,1.4590,46.1,1500012800,0x0
1786835759.948632189,1.4490,45.0,1500022656,0x0
1786835760.991896225,1.4322,45.5,1500016128,0x0
1786835762.037175353,1.4382,45.5,1500012800,0x0
1786835763.082460533,1.4860,45.0,1500012800,0x0
1786835764.127805154,1.6819,45.0,1500022656,0x0
1786835765.172977204,1.4274,45.0,1500022656,0x0
1786835766.216278731,1.4204,45.0,1500012800,0x0
1786835767.261528814,1.4394,45.0,1500016128,0x0
1786835768.304901299,1.4390,45.5,1500022656,0x0
1786835769.350299930,1.6421,45.5,1500012800,0x0
1786835770.395571635,1.4320,46.6,1500016128,0x0
1786835771.440927817,1.4551,44.4,1500016128,0x0
1786835772.486294090,1.4447,46.6,1500022656,0x0
1786835773.531696121,1.4398,45.0,1500012800,0x0
1786835774.575146239,1.4324,45.5,1500016128,0x0
1786835775.620479025,1.4245,45.0,1500012800,0x0
1786835776.665676365,1.4539,45.0,1500022656,0x0
1786835777.710834148,1.4354,45.5,1500016128,0x0
1786835778.756127741,1.7061,45.0,1500016128,0x0
1786835779.801443537,1.7055,45.5,1500019456,0x0
1786835780.844687624,1.4325,46.1,1500012800,0x0
1786835781.889826584,1.4229,46.1,1500019456,0x0
1786835782.932944099,1.4598,45.5,1500016128,0x0
1786835783.978080151,1.4498,45.0,1500016128,0x0
1786835785.023278606,1.4358,44.4,1500016128,0x0
1786835786.068774220,1.4399,45.5,1500022656,0x0
1786835787.114102760,1.4500,45.0,1500016128,0x0
1786835788.159306985,1.4453,45.5,1500012800,0x0
1786835789.202532688,1.4379,46.1,1500016128,0x0
1786835790.248517469,1.4275,45.5,1500016128,0x0
1786835791.293670169,1.4413,45.5,1500012800,0x0
1786835792.338897974,1.4411,45.0,1500022656,0x0
1786835793.384099389,1.4333,45.0,1500012800,0x0
1786835794.427371281,1.4693,46.1,1500019456,0x0
1786835795.472449136,1.6268,44.4,1500016128,0x0
1786835796.517662857,1.4875,46.1,1500016128,0x0
1786835797.562837390,1.7103,46.1,1500019456,0x0
1786835798.608131510,1.6895,46.1,1500019456,0x0
1786835799.653313981,1.4466,45.5,1500019456,0x0
1786835800.696415689,1.4359,45.0,1500022656,0x0
1786835801.741531099,1.4423,46.1,1500016128,0x0
1786835802.784644857,1.4456,45.5,1500016128,0x0
1786835803.829769778,1.4687,45.0,1500022656,0x0
1786835804.875016713,1.4347,45.5,1500012800,0x0
1786835805.920193812,1.4448,43.9,1500019456,0x0
1786835806.965246027,1.4414,45.5,1500019456,0x0
1786835808.010330128,1.4452,45.0,1500016128,0x0
1786835809.053592147,1.4310,46.6,1500016128,0x0
1786835810.098706944,1.4425,45.0,1500022656,0x0
1786835811.243799258,1.4466,45.0,1500016128,0x0
1786835812.286874530,1.4458,46.1,1500016128,0x0
1786835813.330058909,1.4478,45.0,1500022656,0x0
1786835814.373188671,1.4294,45.5,1500019456,0x0
1786835815.416246174,1.4455,45.5,1500019456,0x0
1786835816.461545244,1.4372,45.0,1500019456,0x0
1786835817.506831070,1.4854,43.3,1500019456,0x0
1786835818.552092115,1.4649,44.4,1500019456,0x0
1786835819.597380896,1.4545,46.1,1500016128,0x0
1786835820.640565418,1.7010,44.4,1500016128,0x0
1786835821.685819137,1.9130,43.3,1500012800,0x0
1786835822.731861062,1.4397,43.9,1500016128,0x0
1786835823.777055997,1.4364,45.0,1500019456,0x0
1786835824.822262371,1.2826,46.1,1500016128,0x0
1786835825.867541837,1.4445,45.5,1500016128,0x0
1786835826.912946336,1.4425,45.5,1500016128,0x0
1786835827.958361312,1.4425,45.0,1500016128,0x0
1786835829.001576711,1.4385,45.0,1500022656,0x0
1786835830.046864146,1.4405,45.0,1500016128,0x0
1786835831.092210149,1.4521,45.5,1500016128,0x0
1786835832.137467836,1.5490,45.0,1500016128,0x0
1786835833.182863533,1.4589,45.0,1500016128,0x0
1786835834.228076120,1.6301,45.5,1500016128,0x0
1786835835.271320161,1.4461,43.9,1500022656,0x0
1786835836.316516833,1.4469,45.5,1500019456,0x0
1786835837.359755903,1.4328,46.1,1500012800,0x0
1786835838.404887735,1.4289,45.0,1500016128,0x0
1786835839.450107854,1.4301,45.0,1500019456,0x0
1786835840.495333433,1.4691,45.0,1500012800,0x0
1786835841.540730967,1.4537,45.0,1500016128,0x0
1786835842.585900557,1.4484,46.1,1500016128,0x0
1786835843.629080251,1.4254,46.1,1500022656,0x0
1786835844.674242442,1.3854,43.9,1500016128,0x0
1786835845.719439925,1.4377,45.0,1500019456,0x0
1786835846.762622236,1.4359,45.0,1500016128,0x0
1786835847.807845949,1.4504,45.5,1500016128,0x0
1786835848.850923288,1.4262,45.0,1500022656,0x0
1786835849.896042350,1.4416,45.0,1500016128,0x0
1786835850.941030005,1.4534,45.0,1500016128,0x0
1786835851.986201763,1.4723,44.4,1500016128,0x0
1786835853.031507348,1.6200,45.0,1500022656,0x0
1786835854.076774688,1.6644,43.9,1500016128,0x0
1786835855.119846858,1.6901,45.0,1500022656,0x0
1786835856.164991025,1.6420,45.5,1500012800,0x0
1786835857.309083083,1.6861,45.5,1500016128,0x0
1786835858.352418067,1.4394,45.5,1500016128,0x0
1786835859.395667604,1.4571,45.5,1500012800,0x0
1786835860.439023044,2.7801,46.6,2400023808,0x0
1786835861.482113132,2.4144,46.6,2400023808,0x0
1786835862.523642372,2.3616,46.1,2400027136,0x0
1786835863.565990445,2.0754,45.5,2400030464,0x0
1786835864.607567119,2.0314,46.1,2400030464,0x0
1786835865.650658818,3.1149,46.6,2400027136,0x0
1786835866.706693328,4.4661,49.4,2400030464,0x0
1786835867.791609488,2.0747,48.3,2400030464,0x0
1786835868.832728070,2.0976,47.2,2400020480,0x0
1786835869.873815110,1.8119,46.6,2400027136,0x0
1786835870.915092538,1.7055,47.2,1500022656,0x0
1786835871.958261893,1.7315,46.1,1500012800,0x0
1786835873.001560554,1.6328,46.1,1500019456,0x0
1786835874.044786305,1.4457,45.0,1500019456,0x0
1786835875.088004180,3.2054,45.0,1500012800,0x0
1786835876.131262364,1.6994,45.5,1500019456,0x0
1786835877.174486358,1.4221,45.5,1500012800,0x0
1786835878.217643366,1.4420,45.5,1500019456,0x0
1786835879.260849425,1.4679,45.5,1500016128,0x0
1786835880.304062458,1.4282,45.5,1500016128,0x0
1786835881.347186025,1.4355,45.5,1500022656,0x0
1786835882.390423751,1.4526,45.0,1500016128,0x0
1786835883.433610102,1.4336,46.1,1500012800,0x0
1786835884.476692227,1.4350,45.5,1500022656,0x0
1786835885.520012175,2.9584,45.5,1500016128,0x0
1786835886.563146809,1.4220,45.5,1500016128,0x0
1786835887.606517230,1.5446,46.6,1500016128,0x0
1786835888.649817703,1.5434,45.5,1500019456,0x0
1786835889.692939948,1.4690,44.4,1500019456,0x0
1786835890.736070097,1.4649,45.0,1500019456,0x0
1786835891.779287828,1.5093,47.2,1500019456,0x0
1786835892.822497151,1.4822,46.1,1500022656,0x0
1786835893.865804257,1.4544,46.1,1500012800,0x0
1786835894.908932811,1.4705,45.5,1500019456,0x0
1786835895.952234894,1.4487,46.1,1500016128,0x0
1786835896.997546419,1.4144,45.0,1500016128,0x0
1786835898.040862286,1.4312,45.0,1500016128,0x0
1786835899.086182504,1.4021,45.5,1500016128,0x0
1786835900.140375550,1.4440,45.5,1500016128,0x0
1786835901.184034856,1.4296,44.4,1500016128,0x0
1786835902.229300557,1.4663,45.0,1500016128,0x0
1786835903.374270095,1.7543,45.5,1500012800,0x0
1786835904.417494356,1.7588,45.0,1500012800,0x0
1786835905.460715147,1.4454,45.0,1500016128,0x0
1786835906.504020931,1.4700,45.5,1500022656,0x0
1786835907.547207140,1.4302,45.0,1500016128,0x0
1786835908.592544045,1.4423,44.4,1500016128,0x0
1786835909.635854641,1.4308,45.0,1500019456,0x0
1786835910.681048499,1.4257,45.5,1500019456,0x0
1786835911.726313662,1.6211,45.5,1500019456,0x0
1786835912.771583528,1.4345,45.5,1500019456,0x0
1786835913.816894034,1.4401,46.1,1500016128,0x0
1786835914.862084262,1.4388,46.1,1500016128,0x0
1786835915.905282550,1.4577,45.5,1500012800,0x0
1786835916.950539524,1.4590,46.1,1500012800,0x0
1786835917.993792541,1.4365,44.4,1500019456,0x0
1786835919.039083613,1.4345,45.0,1500022656,0x0
1786835920.084319605,1.6422,46.1,1500012800,0x0
1786835921.129631127,1.4804,45.5,1500019456,0x0
1786835922.175021288,1.4389,45.0,1500016128,0x0
1786835923.220323869,1.6791,45.5,1500016128,0x0
1786835924.263741680,1.6978,45.0,1500012800,0x0
1786835925.309057416,1.6869,45.0,1500016128,0x0
1786835926.354319962,1.4500,46.6,1500019456,0x0
1786835927.397574495,1.4382,46.1,1500016128,0x0
1786835928.442920269,1.4373,46.1,1500019456,0x0
1786835929.486299771,1.3988,44.4,1500012800,0x0
1786835930.531616013,1.7342,46.1,1500016128,0x0
1786835931.577013837,1.4384,45.0,1500016128,0x0
1786835932.622245879,1.4749,45.5,1500019456,0x0
1786835933.667479915,1.4432,44.4,1500022656,0x0
1786835934.712647594,1.4214,45.5,1500016128,0x0
1786835935.755824631,1.7360,45.0,1500012800,0x0
1786835936.801079315,1.4654,45.5,1500016128,0x0
1786835937.846392290,1.4674,45.0,1500022656,0x0
1786835938.891672278,1.4324,45.0,1500019456,0x0
1786835939.936967926,1.4274,45.5,1500022656,0x0
1786835940.982272159,1.4446,45.5,1500012800,0x0
1786835942.027721421,1.4284,46.6,1500012800,0x0
1786835943.072955123,1.4505,45.5,1500012800,0x0
1786835944.116229572,1.4735,45.5,1500019456,0x0
1786835945.161489483,1.6985,46.1,1500019456,0x0
1786835946.206659555,1.6771,45.0,1500022656,0x0
1786835947.251952636,1.4391,45.5,1500016128,0x0
1786835948.297255764,1.4330,44.4,1500012800,0x0
1786835949.342478667,1.4442,45.0,1500022656,0x0
1786835950.385775610,1.4432,45.0,1500012800,0x0
1786835951.431056440,1.4531,45.0,1500016128,0x0
1786835952.474407608,1.5306,45.0,1500016128,0x0
1786835953.519695683,1.4448,45.0,1500019456,0x0
1786835954.565098177,1.4675,45.0,1500022656,0x0
1786835955.608362844,1.4483,45.5,1500022656,0x0
1786835956.653616974,1.4526,44.4,1500016128,0x0
1786835957.705262350,1.4768,45.0,1500022656,0x0
1786835958.750487988,1.4470,44.4,1500016128,0x0
1786835959.795809004,1.4568,46.1,1500019456,0x0
1786835960.841036720,1.5358,46.1,1500016128,0x0
1786835961.886191374,1.4412,46.6,1500012800,0x0
1786835962.931368614,1.4384,45.5,1500016128,0x0
1786835963.974566674,1.4450,46.1,1500016128,0x0
1786835965.019890860,1.4871,45.0,1500019456,0x0
1786835966.065120448,1.6655,45.5,1500019456,0x0
1786835967.110589450,1.6233,44.4,1500016128,0x0
1786835968.155846670,1.4283,45.5,1500019456,0x0
1786835969.201090793,1.4330,45.5,1500019456,0x0
1786835970.246370238,1.4373,45.5,1500012800,0x0
1786835971.291592382,1.4787,45.0,1500022656,0x0
1786835972.334946900,1.5093,45.0,1500016128,0x0
1786835973.380337452,1.4368,45.5,1500012800,0x0
1786835974.425689811,1.4338,45.0,1500016128,0x0
1786835975.470915072,1.4467,45.0,1500022656,0x0
1786835976.516376824,1.4487,45.0,1500012800,0x0
1786835977.561578865,1.4457,45.0,1500022656,0x0
1786835978.604853965,1.4271,43.9,1500022656,0x0
1786835979.650089398,1.4494,45.5,1500016128,0x0
1786835980.693356709,1.4812,45.5,1500019456,0x0
1786835981.738625347,1.4668,45.0,1500016128,0x0
1786835982.783874385,1.6870,45.5,1500016128,0x0
1786835983.829131583,1.6826,45.0,1500016128,0x0
1786835984.874401587,1.4319,45.5,1500019456,0x0
1786835985.919720996,1.4295,45.0,1500016128,0x0
1786835986.964870362,1.4290,45.5,1500022656,0x0
1786835988.008213564,1.4675,45.0,1500022656,0x0
1786835989.052918478,1.4978,45.0,1500016128,0x0
1786835990.096286220,1.4576,45.5,1500019456,0x0
1786835991.141561275,1.4426,46.6,1500012800,0x0
1786835992.186741065,1.4260,45.0,1500016128,0x0
1786835993.232034325,1.4301,45.5,1500019456,0x0
1786835994.277340653,1.4424,45.0,1500016128,0x0
1786835995.322544290,1.4469,44.4,1500019456,0x0
1786835996.365831151,1.4598,44.4,1500016128,0x0
1786835997.411236602,1.5715,45.5,1500022656,0x0
1786835998.557026687,1.4460,45.5,1500019456,0x0
1786835999.600526969,1.4295,45.0,1500019456,0x0
1786836000.643849281,1.4490,45.0,1500019456,0x0
1786836001.687082495,1.4364,43.9,1500022656,0x0
1786836002.730384312,1.4559,44.4,1500012800,0x0
1786836003.775587942,1.4665,45.0,1500016128,0x0
1786836004.818914834,1.4449,44.4,1500016128,0x0
1786836005.864290334,1.6219,45.5,1500019456,0x0
1786836006.909553328,1.4150,46.1,1500016128,0x0
1786836007.954869000,1.4429,45.0,1500012800,0x0
1786836009.000168810,1.4555,45.5,1500016128,0x0
1786836010.045394762,1.4720,46.6,1500016128,0x0
1786836011.088592293,1.4656,45.5,1500019456,0x0
1786836012.133950135,2.8560,45.5,1500016128,0x0
1786836013.179233469,1.6415,45.0,1500012800,0x0
1786836014.222606138,1.4804,45.0,1500012800,0x0
1786836015.267872604,1.4452,45.0,1500022656,0x0
1786836016.311177869,1.4369,45.0,1500022656,0x0
1786836017.356500355,1.4346,44.4,1500019456,0x0
1786836018.401730850,1.5510,45.5,1500016128,0x0
1786836019.446938950,1.4573,44.4,1500016128,0x0
1786836020.492295556,1.4474,45.0,1500016128,0x0
1786836021.537667524,1.6912,45.5,1500016128,0x0
1786836022.580873478,1.6983,46.1,1500012800,0x0
1786836023.626022638,1.4367,43.9,1500016128,0x0
1786836024.669178003,1.4331,45.0,1500022656,0x0
1786836025.714376311,1.4414,45.0,1500016128,0x0
1786836026.759663592,1.4883,45.5,1500019456,0x0
1786836027.804830423,1.4345,46.1,1500019456,0x0
1786836028.850121329,1.4376,45.5,1500019456,0x0
1786836029.895415788,1.4360,45.0,1500019456,0x0
1786836030.938617806,1.4511,46.1,1500016128,0x0
1786836031.984164783,1.4458,45.0,1500016128,0x0
1786836033.029496642,1.4144,45.0,1500019456,0x0
1786836034.074740994,1.4614,45.0,1500022656,0x0
1786836035.119958690,1.4360,44.4,1500016128,0x0
1786836036.165135322,1.4290,45.5,1500022656,0x0
1786836037.210260648,1.3800,43.3,1500016128,0x0
1786836038.255505280,1.4345,45.5,1500019456,0x0
1786836039.298675267,1.4567,45.0,1500012800,0x0
1786836040.343858012,1.4457,45.0,1500019456,0x0
1786836041.388955917,1.4422,45.0,1500019456,0x0
1786836042.432036714,1.4327,45.0,1500022656,0x0
1786836043.477314895,1.4264,45.0,1500016128,0x0
1786836044.622242761,1.6241,46.1,1500019456,0x0
1786836045.665470974,1.4411,44.4,1500019456,0x0
1786836046.708545941,1.4398,45.0,1500016128,0x0
1786836047.751715286,1.4394,45.0,1500012800,0x0
1786836048.794849437,1.4342,45.0,1500016128,0x0
1786836049.840164749,1.4520,46.1,1500022656,0x0
1786836050.883286882,1.4955,45.0,1500019456,0x0
1786836051.928382311,1.4215,45.5,1500016128,0x0
1786836052.983610226,7.6661,49.4,2400023808,0x0
1786836054.056955322,7.6607,53.2,2400033792,0x0
1786836055.126147399,7.4797,55.4,2400023808,0x0
1786836056.214135925,6.5325,55.4,2400033792,0x0
1786836057.296946484,6.4220,56.5,2400030464,0x0
1786836058.373086561,7.7231,57.6,2400020480,0x0
1786836059.453233235,7.5920,57.6,2400020480,0x0
1786836060.533018629,7.6754,56.5,2400030464,0x0
1786836061.602988217,6.0062,56.5,2400027136,0x0
1786836062.656425710,5.7094,54.9,2400020480,0x0
1786836063.705901828,5.4650,54.3,2400023808,0x0
1786836064.757768975,5.3573,55.4,2400033792,0x0
1786836065.810166716,4.7403,54.9,2400020480,0x0
1786836066.862724372,5.5652,56.0,2400033792,0x0
1786836067.914684323,5.2329,54.9,2400020480,0x0
1786836068.964439706,2.1091,52.7,2400027136,0x0
1786836070.005459451,2.1141,51.0,2400027136,0x0
1786836071.046359688,1.8397,49.9,2400020480,0x0
1786836072.096998289,5.5622,52.7,2400023808,0x0
1786836073.156857133,6.6505,56.5,2400033792,0x0
1786836074.224708646,6.4075,59.3,2400023808,0x0
1786836075.300837489,6.4842,58.7,2400020480,0x0
1786836076.379331121,5.3006,58.2,2400033792,0x0
1786836077.433550772,5.6115,57.6,2400027136,0x0
1786836078.486385897,4.6829,58.2,2400023808,0x0
1786836079.538086233,5.8736,56.5,2400023808,0x0
1786836080.593305582,4.8821,57.1,2400027136,0x0
1786836081.645732129,5.6877,56.5,2400027136,0x0
1786836082.697211718,5.7182,57.1,2400030464,0x0
1786836083.749716228,4.7394,56.5,2400030464,0x0
1786836084.802283411,4.7250,57.1,2400030464,0x0
1786836085.855292357,5.6188,57.1,2400023808,0x0
1786836086.906476931,2.1148,54.9,2400030464,0x0
1786836087.947332409,2.1408,52.1,2400020480,0x0
1786836088.988135487,1.8926,50.5,2400027136,0x0
1786836090.041118340,5.7320,56.5,2400033792,0x0
1786836091.127119937,7.4928,57.6,2400023808,0x0
1786836092.209132232,6.4488,58.7,2400027136,0x0
1786836093.287792957,4.7828,58.7,2400030464,0x0
1786836094.341738628,3.7578,57.6,2400027136,0x0
1786836095.395336462,5.7484,57.1,2400020480,0x0
1786836096.449031877,5.2334,57.6,2400023808,0x0
1786836097.502356159,5.1352,58.2,2400020480,0x0
1786836098.555519378,6.1846,58.7,2400023808,0x0
1786836099.608743882,5.2896,57.6,2400033792,0x0
1786836100.662109449,5.3351,59.8,2400027136,0x0
1786836101.714340152,5.1052,57.6,2400030464,0x0
1786836102.765725562,5.4653,58.2,2400027136,0x0
1786836103.818768252,5.5719,58.2,2400023808,0x0
1786836104.969814998,2.1389,54.9,2400030464,0x0
1786836106.010835253,2.1460,53.2,2400023808,0x0
1786836107.051725500,1.8563,52.7,2400030464,0x0
1786836108.093131063,1.8709,52.1,2400033792,0x0
1786836109.213919254,7.6807,57.6,2400033792,0x0
1786836110.290985795,5.2579,58.2,2400023808,0x0
1786836111.342556977,4.3197,58.2,2400023808,0x0
1786836112.396575039,4.9722,58.2,2400030464,0x0
1786836113.450123784,5.3655,57.6,2400030464,0x0
1786836114.503376300,4.2153,58.2,2400027136,0x0
1786836115.555627562,4.0269,58.2,2400027136,0x0
1786836116.608515416,4.5765,58.2,2400027136,0x0
1786836117.660800750,5.4519,59.3,2400027136,0x0
1786836118.711648780,2.1395,57.1,2400027136,0x0
1786836119.752729108,2.1334,53.8,2400027136,0x0
1786836120.793730279,1.8460,52.7,2400027136,0x0
1786836121.835443429,2.1232,52.7,2400023808,0x0
1786836122.887286923,5.1615,58.2,2400020480,0x0
1786836123.965110308,7.4247,61.5,2400033792,0x0
1786836125.035467754,5.8316,58.7,2400033792,0x0
1786836126.088310741,4.7970,57.1,2400030464,0x0
1786836127.156906415,4.5649,57.6,2400023808,0x0
1786836128.211625188,5.5473,60.4,2400023808,0x0
1786836129.260663162,2.1307,54.3,2400027136,0x0
1786836130.301686148,2.1138,53.2,2400023808,0x0
1786836131.343482578,2.8448,52.1,2400033792,0x0
1786836132.395502959,7.5812,57.1,2400027136,0x0
1786836133.470767088,5.7285,57.6,2400033792,0x0
1786836134.525119916,3.2150,59.3,2400030464,0x0
1786836135.578792188,5.8537,57.6,2400030464,0x0
1786836136.631131894,5.2114,57.6,2400033792,0x0
1786836137.682732101,5.5172,58.2,2400027136,0x0
1786836138.734194577,2.3089,53.8,2400020480,0x0
1786836139.775335042,2.1202,53.2,2400027136,0x0
1786836140.816363460,1.8889,52.7,2400030464,0x0
1786836141.857291279,2.1038,52.7,2400020480,0x0
1786836142.898173328,2.1269,51.0,2400020480,0x0
1786836143.939317530,1.5012,51.0,1500025984,0x0
1786836144.982452156,2.1146,51.0,2400020480,0x0
1786836146.023419042,2.0819,52.7,2400033792,0x0
1786836147.064364104,2.0538,50.5,2400020480,0x0
1786836148.106575618,2.7090,51.6,2400027136,0x0
1786836149.161115594,7.3720,58.2,2400030464,0x0
1786836150.239285444,5.3784,58.7,2400020480,0x0
1786836151.292919172,2.7976,56.5,2400030464,0x0
1786836152.345409997,3.1490,58.2,2400033792,0x0
1786836153.397823591,5.3644,57.1,2400020480,0x0
1786836154.449770903,2.1251,54.9,2400033792,0x0
1786836155.490772970,2.1372,54.3,2400027136,0x0
1786836156.531871359,2.1395,52.1,2400023808,0x0
1786836157.573342306,3.0783,52.1,2400020480,0x0
1786836158.616350850,2.0965,49.9,2400030464,0x0
1786836159.657567149,1.7207,52.1,1600013696,0x0
1786836160.701342680,2.3199,49.9,1500016128,0x0
1786836161.757138455,7.6916,55.4,2400033792,0x0
1786836162.833394800,6.7597,58.7,2400023808,0x0
1786836163.897352197,7.2763,59.3,2400027136,0x0
1786836164.977243302,7.3765,59.8,2400030464,0x0
1786836166.053012345,7.4369,61.5,2400023808,0x0
1786836167.129186797,7.3527,61.5,2400030464,0x0
1786836168.203114641,5.2019,60.9,2400023808,0x0
1786836169.256282195,5.0465,57.6,2400023808,0x0
1786836170.307236880,5.2379,58.2,2400027136,0x0
1786836171.358707417,4.8299,58.2,2400023808,0x0
1786836172.413410990,5.6294,58.7,2400033792,0x0
1786836173.490378479,5.2518,57.6,2400023808,0x0
1786836174.548251838,5.6309,58.2,2400027136,0x0
1786836175.600154807,6.0081,58.7,2400030464,0x0
1786836176.649612355,2.1794,56.0,2400020480,0x0
1786836177.690537142,2.1214,53.8,2400027136,0x0
1786836178.731341845,2.1309,53.2,2400023808,0x0
1786836179.772805176,2.8857,52.7,2400033792,0x0
1786836180.829012603,4.3247,58.2,1800015360,0x0
1786836181.905356774,3.2166,59.8,2400020480,0x0
1786836183.004811627,7.6170,62.0,2400027136,0x0
1786836184.089124036,7.3603,60.9,2400030464,0x0
1786836185.166766897,6.7598,63.1,2400027136,0x0
1786836186.243487169,4.6876,62.6,2400030464,0x0
1786836187.318718376,4.9356,59.3,2400030464,0x0
1786836188.369626858,4.8344,59.3,2400030464,0x0
1786836189.419915282,5.0128,59.3,2400020480,0x0
1786836190.471578361,5.5557,57.6,2400023808,0x0
1786836191.523878586,5.9350,58.2,2400027136,0x0
1786836192.576600406,5.1232,58.7,2400033792,0x0
1786836193.629876114,5.1369,58.7,2400033792,0x0
1786836194.680800510,5.3564,59.3,2400030464,0x0
1786836195.731756766,5.1166,59.8,2400030464,0x0
1786836196.781587544,2.1655,55.4,2400027136,0x0
1786836197.822539729,2.1345,53.8,2400033792,0x0
1786836198.863413497,1.8859,53.2,2400023808,0x0
1786836199.913168946,7.3714,56.5,2400030464,0x0
1786836200.989200813,4.4631,57.1,2400023808,0x0
1786836202.069264818,3.2139,61.5,2400020480,0x0
1786836203.141278202,6.7402,60.9,2400020480,0x0
1786836204.216923061,6.8377,60.9,2400030464,0x0
1786836205.306145275,6.7009,62.0,2400030464,0x0
1786836206.381377192,7.5407,61.5,2400027136,0x0
1786836207.455142878,3.9539,63.7,2400027136,0x0
1786836208.530934283,5.3331,61.5,2400023808,0x0
1786836209.584207564,4.2487,61.5,2400027136,0x0
1786836210.635386048,5.2026,59.3,2400020480,0x0
1786836211.687889150,4.6340,59.3,2400023808,0x0
1786836212.741133768,4.8129,59.8,2400033792,0x0
1786836213.792131887,5.3384,58.7,2400020480,0x0
1786836214.842225210,5.1805,59.8,2400033792,0x0
1786836215.893234936,5.3547,59.3,2400023808,0x0
1786836216.942169178,4.4407,59.3,2400027136,0x0
1786836217.993300397,5.2015,58.7,2400027136,0x0
1786836219.044295422,5.9178,59.3,2400020480,0x0
1786836220.094979865,5.8308,58.7,2400023808,0x0
1786836221.146216844,3.1375,59.3,2400030464,0x0
1786836222.191936035,2.1363,54.9,2400023808,0x0
1786836223.232867838,2.1686,53.2,2400033792,0x0
1786836224.274184253,2.7983,54.9,2400030464,0x0
1786836225.316781656,2.1442,52.7,2400030464,0x0
1786836226.357953030,1.7485,52.1,1500016128,0x0
1786836227.401185105,1.7667,51.6,1500016128,0x0
1786836228.457372953,6.0448,57.1,2400020480,0x0
1786836229.531278064,5.6289,57.1,2400027136,0x0
1786836230.585863578,5.2723,58.2,2400020480,0x0
1786836231.639155006,5.2532,58.2,2400033792,0x0
1786836232.692345145,4.7368,58.2,2400030464,0x0
1786836233.745656900,5.6002,58.2,2400030464,0x0
1786836234.796990986,5.6857,58.2,2400030464,0x0
1786836235.850128498,5.9397,59.8,2400030464,0x0
1786836236.902530713,5.6609,58.2,2400023808,0x0
1786836237.955031488,5.2251,58.7,2400033792,0x0
1786836239.007669342,5.0052,59.3,2400027136,0x0
1786836240.059110942,2.1565,54.9,2400027136,0x0
1786836241.100068617,2.1504,55.4,2400030464,0x0
1786836242.141060279,1.8742,52.7,2400027136,0x0
1786836243.182410907,1.7731,52.7,1500012800,0x0
1786836244.225639793,1.7380,51.6,1500019456,0x0
1786836245.268810816,1.4739,50.5,1500016128,0x0
1786836246.324770283,6.0181,55.4,2400023808,0x0
1786836247.421205611,5.8823,58.7,2400033792,0x0
1786836248.477615400,4.9038,58.2,2400023808,0x0
1786836249.531536637,5.5838,57.1,2400033792,0x0
1786836250.585524657,5.6062,56.5,2400027136,0x0
1786836251.638332719,2.1375,54.3,2400020480,0x0
1786836252.679325725,2.1264,53.2,2400027136,0x0
1786836253.720521143,1.9059,52.7,2400030464,0x0
1786836254.761679604,2.1116,52.1,2400023808,0x0
1786836255.802965329,1.7642,51.0,1600013696,0x0
1786836256.846600345,1.4863,50.5,1500016128,0x0
1786836257.889966573,2.1869,51.0,2400037120,0x0
1786836258.961125116,7.4087,58.7,2400027136,0x0
1786836260.033116765,7.3499,59.3,2400033792,0x0
1786836261.113115072,3.4776,60.4,2400023808,0x0
1786836262.201142943,4.5210,62.6,2400023808,0x0
1786836263.273953750,6.7782,62.0,2400023808,0x0
1786836264.345502988,4.0061,62.0,2400023808,0x0
1786836265.419904601,4.9070,60.4,2400020480,0x0
1786836266.473064435,4.8641,59.3,2400027136,0x0
1786836267.526359921,5.1438,58.2,2400027136,0x0
1786836268.578623112,5.0308,59.3,2400027136,0x0
1786836269.632728637,5.0433,58.7,2400027136,0x0
1786836270.686822779,5.5429,58.7,2400023808,0x0
1786836271.739746240,4.4465,59.3,2400033792,0x0
1786836272.792455710,5.5445,59.3,2400027136,0x0
1786836273.843191787,2.1711,57.6,2400030464,0x0
1786836274.884064374,2.1317,54.9,2400023808,0x0
1786836275.924897023,2.1472,53.2,2400033792,0x0
1786836276.966781830,2.9622,54.9,2400030464,0x0
1786836278.025107515,7.5824,58.2,2400023808,0x0
1786836279.101498241,6.9520,62.0,2400027136,0x0
1786836280.184842362,6.7536,61.5,2400023808,0x0
1786836281.261132528,7.5188,63.1,2400023808,0x0
1786836282.360980717,6.4575,62.0,2400023808,0x0
1786836283.449458566,7.2695,63.7,2400033792,0x0
1786836284.529092762,6.3394,62.6,2400023808,0x0
1786836285.608097270,5.2670,63.1,2400023808,0x0
1786836286.687026952,5.5695,59.8,2400030464,0x0
1786836287.736073318,5.0323,60.9,2400023808,0x0
1786836288.786988314,5.2690,59.8,2400023808,0x0
1786836289.837404601,5.7344,59.3,2400030464,0x0
1786836290.890186306,5.6380,58.7,2400027136,0x0
1786836291.944504645,5.6485,57.6,2400027136,0x0
1786836292.995027986,5.2124,58.7,2400030464,0x0
1786836294.046048826,5.5823,59.3,2400023808,0x0
1786836295.096697269,4.9255,59.3,2400023808,0x0
1786836296.145695481,4.0653,58.7,2400027136,0x0
1786836297.195419468,2.1958,58.2,2400030464,0x0
1786836298.236448835,2.1600,53.8,2400030464,0x0
1786836299.277367636,2.0535,54.9,2400020480,0x0
1786836300.322184428,6.3917,57.1,2400020480,0x0
1786836301.401629005,5.7303,56.5,2400020480,0x0
1786836302.455328171,5.3451,58.2,2400023808,0x0
1786836303.509169102,5.3585,57.6,2400023808,0x0
1786836304.562429971,5.2517,58.7,2400030464,0x0
1786836305.615902029,4.9910,58.2,2400030464,0x0
1786836306.670107806,4.2559,58.7,2400020480,0x0
1786836307.725279538,6.0185,58.7,2400027136,0x0
1786836308.777624536,5.3535,58.7,2400027136,0x0
1786836309.830761752,5.5491,58.7,2400023808,0x0
1786836310.884251339,4.5020,59.8,2400027136,0x0
1786836311.936335747,5.2049,57.6,2400020480,0x0
1786836312.989447629,5.6293,58.7,2400020480,0x0
1786836314.041992413,5.7423,59.3,2400033792,0x0
1786836315.095363766,5.6808,59.3,2400033792,0x0
1786836316.149573799,5.3938,59.8,2400027136,0x0
1786836317.204045908,5.5923,59.3,2400030464,0x0
1786836318.257832273,4.8848,58.7,2400030464,0x0
1786836319.311931455,5.9059,59.3,2400020480,0x0
1786836320.365400113,5.7977,59.3,2400027136,0x0
1786836321.418290804,5.7515,59.8,2400020480,0x0
1786836322.471073001,5.2030,60.4,2400027136,0x0
1786836323.525627718,5.2507,59.3,2400023808,0x0
1786836324.579505449,4.9627,59.3,2400030464,0x0
1786836325.635895376,5.6888,59.3,2400027136,0x0
1786836326.688221324,5.2807,58.2,2400020480,0x0
1786836327.741223029,5.0285,59.8,2400023808,0x0
1786836328.795444297,5.8465,59.8,2400030464,0x0
1786836329.849403278,5.0467,61.5,2400033792,0x0
1786836330.902978511,5.8052,59.8,2400030464,0x0
1786836331.957472737,5.3522,60.4,2400033792,0x0
1786836333.010725077,5.7879,60.9,2400030464,0x0
1786836334.064226142,4.7849,60.4,2400023808,0x0
1786836335.117352811,5.4732,58.7,2400027136,0x0
1786836336.171570008,5.6109,59.3,2400030464,0x0
1786836337.226084447,5.7615,59.8,2400020480,0x0
1786836338.279381908,5.3921,60.4,2400030464,0x0
1786836339.333313532,5.8453,60.4,2400020480,0x0
1786836340.388025226,5.2945,60.4,2400023808,0x0
1786836341.441329611,5.7200,60.4,2400023808,0x0
1786836342.494225673,5.8033,60.4,2400020480,0x0
1786836343.547030927,5.4151,61.5,2400023808,0x0
1786836344.594097428,5.2193,60.4,2400023808,0x0
1786836345.648500450,5.2236,60.9,2400027136,0x0
1786836346.701771566,5.3362,59.8,2400030464,0x0
1786836347.755787382,5.3635,60.9,2400033792,0x0
1786836348.809946886,4.5464,60.4,2400027136,0x0
1786836349.863320184,5.9896,59.8,2400020480,0x0
1786836350.917132092,5.7069,60.4,2400033792,0x0
1786836351.970322478,4.6530,60.9,2400020480,0x0
1786836353.023703440,5.6772,62.0,2400033792,0x0
1786836354.077814028,4.8698,60.4,2400030464,0x0
1786836355.136818983,5.6319,60.9,2400020480,0x0
1786836356.190112925,4.5140,60.4,2400027136,0x0
1786836357.242463182,5.5670,59.8,2400030464,0x0
1786836358.295670155,5.6885,60.4,2400027136,0x0
1786836359.350103598,5.4105,60.4,2400023808,0x0
1786836360.403626319,5.2858,61.5,2400020480,0x0
1786836361.458089958,5.1626,59.8,2400033792,0x0
1786836362.512633416,5.5239,60.4,2400027136,0x0
1786836363.566958864,5.8540,60.4,2400023808,0x0
1786836364.620420550,5.9030,60.4,2400020480,0x0
1786836365.673361990,5.2447,59.8,2400027136,0x0
1786836366.726095308,5.3077,59.3,2400020480,0x0
1786836367.779093738,5.2065,62.6,2400020480,0x0
1786836368.832366485,5.0745,59.8,2400030464,0x0
1786836369.885878494,5.7216,60.4,2400020480,0x0
1786836370.940516400,4.9138,61.5,2400023808,0x0
1786836371.994196620,4.9953,59.8,2400023808,0x0
1786836373.047123782,5.1163,61.5,2400030464,0x0
1786836374.101745760,4.6187,59.8,2400030464,0x0
1786836375.155976526,5.3834,60.4,2400027136,0x0
1786836376.210434239,5.8176,60.4,2400027136,0x0
1786836377.264357204,5.0887,59.8,2400030464,0x0
1786836378.317934031,5.8816,60.9,2400033792,0x0
1786836379.372761125,4.3256,60.9,2400030464,0x0
1786836380.427049250,5.2239,60.4,2400033792,0x0
1786836381.480055451,5.6516,59.8,2400020480,0x0
1786836382.533280044,5.2315,60.4,2400023808,0x0
1786836383.586666492,5.2194,59.8,2400027136,0x0
1786836384.640325422,4.9636,60.4,2400023808,0x0
1786836385.693591974,5.0958,59.8,2400030464,0x0
1786836386.746654737,4.9569,59.3,2400033792,0x0
1786836387.801251245,4.5569,60.4,2400023808,0x0
1786836388.855608446,5.2868,59.8,2400027136,0x0
1786836389.909244069,5.6305,60.4,2400027136,0x0
1786836390.962954196,5.1542,60.9,2400023808,0x0
1786836392.016797660,5.2088,61.5,2400030464,0x0
1786836393.071850243,5.9043,59.8,2400023808,0x0
1786836394.125039836,5.0502,59.3,2400027136,0x0
1786836395.178306563,5.3038,59.8,2400030464,0x0
1786836396.231277687,5.8776,60.9,2400023808,0x0
1786836397.284836272,5.3762,61.5,2400020480,0x0
1786836398.337589817,4.0282,59.8,2400027136,0x0
1786836399.390458698,5.3694,59.8,2400030464,0x0
1786836400.443695209,5.5916,60.4,2400033792,0x0
1786836401.498007971,5.6719,61.5,2400033792,0x0
1786836402.551716986,4.9849,61.5,2400033792,0x0
1786836403.605118028,5.4615,61.5,2400020480,0x0
1786836404.659441082,5.6378,60.4,2400020480,0x0
1786836405.713097760,5.6538,59.8,2400030464,0x0
1786836406.766439818,4.9551,59.8,2400023808,0x0
1786836407.819702659,5.7731,59.8,2400030464,0x0
1786836408.873278760,5.1871,59.8,2400027136,0x0
1786836409.926183542,5.3943,59.8,2400033792,0x0
1786836410.981060284,5.7224,58.7,2400033792,0x0
1786836412.035410446,4.9621,59.3,2400023808,0x0
1786836413.088388278,5.6076,60.9,2400033792,0x0
1786836414.142142402,5.3144,59.3,2400027136,0x0
1786836415.196235063,5.6216,59.8,2400027136,0x0
1786836416.244019772,5.3520,59.8,2400023808,0x0
1786836417.297542801,5.3641,60.4,2400030464,0x0
1786836418.351768567,5.5151,58.7,2400027136,0x0
1786836419.404913018,5.3031,60.9,2400020480,0x0
1786836420.459403420,5.8626,59.8,2400030464,0x0
1786836421.513515072,5.6355,61.5,2400030464,0x0
1786836422.567576415,5.1537,60.4,2400030464,0x0
1786836423.621402728,5.2139,59.8,2400033792,0x0
1786836424.674571332,5.7582,59.8,2400023808,0x0
1786836425.727830755,5.6903,60.4,2400020480,0x0
1786836426.781715192,5.6092,59.8,2400033792,0x0
1786836427.834154912,5.2154,58.7,2400020480,0x0
1786836428.888119747,5.8044,59.8,2400033792,0x0
1786836429.941239709,5.6437,61.5,2400027136,0x0
1786836430.995236015,4.7464,60.9,2400033792,0x0
1786836432.049186050,5.2140,58.7,2400027136,0x0
1786836433.102932017,4.7329,60.4,2400027136,0x0
1786836434.157094410,5.1207,59.3,2400033792,0x0
1786836435.211011421,5.5484,60.4,2400020480,0x0
1786836436.264793291,5.6909,59.8,2400020480,0x0
1786836437.319520950,4.9831,60.4,2400033792,0x0
1786836438.372967333,5.1094,60.4,2400033792,0x0
1786836439.427462577,5.9466,60.4,2400030464,0x0
1786836440.482224231,5.2651,60.4,2400030464,0x0
1786836441.535221541,5.5483,60.4,2400033792,0x0
1786836442.589207472,5.0263,60.9,2400033792,0x0
1786836443.643501812,4.4192,59.8,2400033792,0x0
1786836444.697228793,5.2346,60.4,2400027136,0x0
1786836445.751724398,4.8514,60.4,2400033792,0x0
1786836446.805340722,5.2295,59.8,2400030464,0x0
1786836447.858916274,4.8989,60.4,2400030464,0x0
1786836448.912345925,4.5483,60.4,2400030464,0x0
1786836449.966154575,5.9919,59.3,2400030464,0x0
1786836451.020584222,5.6869,60.9,2400027136,0x0
1786836452.074437178,4.9876,59.3,2400027136,0x0
1786836453.128388266,5.9277,60.9,2400020480,0x0
1786836454.182657410,5.2551,59.8,2400027136,0x0
1786836455.235797869,5.2964,59.8,2400033792,0x0
1786836456.290119836,5.4041,59.8,2400030464,0x0
1786836457.343563559,5.6667,59.8,2400030464,0x0
1786836458.397155933,4.5191,60.9,2400027136,0x0
1786836459.452339717,5.4206,59.8,2400030464,0x0
1786836460.507284509,4.7308,59.8,2400027136,0x0
1786836461.562092455,5.4479,60.4,2400033792,0x0
1786836462.615936899,5.6703,60.4,2400033792,0x0
1786836463.670095880,6.0965,60.4,2400023808,0x0
1786836464.723472986,5.6374,60.4,2400033792,0x0
1786836465.777030539,5.2449,60.4,2400030464,0x0
1786836466.830392766,5.6645,61.5,2400033792,0x0
1786836467.884311175,5.7313,60.4,2400023808,0x0
1786836468.938798544,5.1341,60.9,2400033792,0x0
1786836469.992881367,5.8823,60.4,2400023808,0x0
1786836471.046149519,4.9031,62.0,2400033792,0x0
1786836472.099857819,5.2759,59.8,2400027136,0x0
1786836473.152553172,5.3060,59.8,2400027136,0x0
1786836474.206877972,5.8972,62.0,2400027136,0x0
1786836475.261125648,5.2070,60.9,2400030464,0x0
1786836476.314935518,5.4568,60.9,2400027136,0x0
1786836477.369481032,5.0753,60.4,2400030464,0x0
1786836478.422565365,5.4699,60.9,2400027136,0x0
1786836479.477331718,5.6810,61.5,2400023808,0x0
1786836480.531665617,5.2093,60.4,2400020480,0x0
1786836481.584750037,5.7458,61.5,2400023808,0x0
1786836482.638080142,5.0341,59.8,2400027136,0x0
1786836483.691906339,5.7799,60.9,2400023808,0x0
1786836484.746350716,5.2136,60.4,2400033792,0x0
1786836485.799939868,5.9012,59.8,2400033792,0x0
1786836486.852494871,4.8876,58.7,2400033792,0x0
1786836487.904982211,4.8375,59.8,2400030464,0x0
1786836488.959211664,5.7074,60.4,2400033792,0x0
1786836490.013508842,5.3862,61.5,2400033792,0x0
1786836491.068095540,5.3193,60.4,2400030464,0x0
1786836492.121704216,3.9129,60.4,2400027136,0x0
1786836493.176460216,5.7348,59.8,2400030464,0x0
1786836494.230302398,5.4274,61.5,2400027136,0x0
1786836495.283503185,5.7262,59.8,2400033792,0x0
1786836496.337368930,5.8958,60.4,2400023808,0x0
1786836497.391109033,5.1242,59.8,2400027136,0x0
1786836498.444055798,5.5500,60.4,2400023808,0x0
1786836499.497128621,5.4398,60.4,2400020480,0x0
1786836500.550014340,6.1641,59.8,2400023808,0x0
1786836501.603051116,5.3872,60.4,2400020480,0x0
1786836502.657206511,5.5372,60.4,2400020480,0x0
1786836503.711875942,5.3830,60.9,2400033792,0x0
1786836504.765622517,5.8104,60.4,2400020480,0x0
1786836505.819636760,5.1027,59.8,2400020480,0x0
1786836506.873960040,6.0352,60.9,2400033792,0x0
1786836507.928955705,5.8117,59.8,2400030464,0x0
1786836508.981925917,4.9980,59.3,2400027136,0x0
1786836510.035442590,5.8386,60.9,2400030464,0x0
1786836511.089534000,5.8406,58.7,2400020480,0x0
1786836512.142211358,5.2623,62.6,2400030464,0x0
1786836513.196483736,5.8800,60.4,2400023808,0x0
1786836514.250484215,5.1031,59.8,2400033792,0x0
1786836515.304535605,5.0146,60.9,2400033792,0x0
1786836516.357469345,5.2560,59.8,2400033792,0x0
1786836517.411914386,5.0803,60.9,2400037120,0x0
1786836518.465554329,5.1696,59.8,2400030464,0x0
1786836519.519638622,5.0812,62.0,2400027136,0x0
1786836520.573697198,5.1239,60.9,2400023808,0x0
1786836521.627757296,5.8786,59.8,2400033792,0x0
1786836522.681949637,5.2119,59.8,2400033792,0x0
1786836523.736029853,5.0031,59.8,2400023808,0x0
1786836524.788910792,5.1961,60.4,2400030464,0x0
1786836525.842647150,5.8134,60.4,2400023808,0x0
1786836526.896964412,5.6032,60.9,2400020480,0x0
1786836527.950967905,6.0965,60.9,2400033792,0x0
1786836529.004925568,5.3817,60.9,2400020480,0x0
1786836530.057132257,5.1725,59.8,2400027136,0x0
1786836531.112255821,5.0649,60.4,2400030464,0x0
1786836532.165704224,5.5472,59.8,2400023808,0x0
1786836533.220252580,5.3347,60.4,2400027136,0x0
1786836534.273483512,4.7309,60.4,2400030464,0x0
1786836535.327089981,5.4186,59.8,2400027136,0x0
1786836536.381390815,5.6914,59.8,2400030464,0x0
1786836537.435482414,5.3102,60.4,2400023808,0x0
1786836538.488802675,5.2611,59.8,2400030464,0x0
1786836539.543055335,5.9294,60.4,2400020480,0x0
1786836540.596717674,5.2731,60.4,2400030464,0x0
1786836541.649277807,5.6519,60.4,2400030464,0x0
1786836542.702800821,5.1237,62.0,2400023808,0x0
1786836543.755699680,5.8956,60.9,2400030464,0x0
1786836544.808921112,5.3228,60.4,2400037120,0x0
1786836545.862994094,4.7438,60.4,2400027136,0x0
1786836546.916426513,5.1946,60.9,2400027136,0x0
1786836547.969776344,5.2910,60.4,2400027136,0x0
1786836549.023915391,4.9396,60.4,2400033792,0x0
1786836550.077315896,5.1667,60.9,2400033792,0x0
1786836551.131036992,6.2303,59.8,2400027136,0x0
1786836552.185234198,5.5271,62.0,2400030464,0x0
1786836553.239268058,4.6315,60.9,2400020480,0x0
1786836554.293023276,5.6655,59.8,2400027136,0x0
1786836555.346178635,4.8872,59.8,2400030464,0x0
1786836556.399971305,5.9442,60.4,2400030464,0x0
1786836557.452888323,5.2735,60.4,2400033792,0x0
1786836558.506716203,4.5095,60.4,2400020480,0x0
1786836559.556138345,5.3423,60.4,2400020480,0x0
1786836560.611042385,5.3834,60.4,2400027136,0x0
1786836561.663973102,5.2106,58.7,2400033792,0x0
1786836562.718632968,5.8227,59.8,2400027136,0x0
1786836563.772969231,5.6315,59.8,2400020480,0x0
1786836564.826594765,5.4801,59.3,2400033792,0x0
1786836565.880294708,5.4219,62.6,2400020480,0x0
1786836566.933127833,5.5201,60.4,2400033792,0x0
1786836567.987204428,5.1234,60.9,2400033792,0x0
1786836569.041958777,4.9259,59.8,2400027136,0x0
1786836570.095423997,5.0569,60.9,2400020480,0x0
1786836571.148974998,5.1589,60.4,2400033792,0x0
1786836572.201267314,5.1313,60.9,2400030464,0x0
1786836573.256743113,5.2394,59.8,2400027136,0x0
1786836574.309795723,5.0772,60.4,2400023808,0x0
1786836575.363492625,4.6245,59.3,2400030464,0x0
1786836576.417639598,5.5441,60.4,2400027136,0x0
1786836577.471103288,5.8079,60.9,2400030464,0x0
1786836578.525289676,5.1185,59.8,2400023808,0x0
1786836579.579271162,5.6325,61.5,2400030464,0x0
1786836580.633365743,5.3157,59.8,2400027136,0x0
1786836581.687074295,5.9424,59.8,2400020480,0x0
1786836582.740859239,5.4778,60.4,2400030464,0x0
1786836583.793967064,5.4023,59.8,2400023808,0x0
1786836584.847672515,4.8983,59.8,2400030464,0x0
1786836585.901475673,5.7499,59.8,2400020480,0x0
1786836586.954540398,5.8971,59.8,2400030464,0x0
1786836588.008966295,5.6681,61.5,2400027136,0x0
1786836589.062758926,5.1394,60.4,2400033792,0x0
1786836590.117083998,5.0331,59.8,2400023808,0x0
1786836591.170659620,5.2402,59.8,2400033792,0x0
1786836592.223332126,5.4409,60.4,2400020480,0x0
1786836593.277017013,5.4293,61.5,2400030464,0x0
1786836594.330643607,6.2012,60.4,2400030464,0x0
1786836595.384645533,5.2433,61.5,2400023808,0x0
1786836596.438597982,5.3101,60.9,2400023808,0x0
1786836597.491836794,5.7763,61.5,2400030464,0x0
1786836598.545156128,5.4956,59.8,2400030464,0x0
1786836599.598682777,6.0128,59.8,2400020480,0x0
1786836600.651961803,5.3193,59.8,2400033792,0x0
1786836601.706436392,5.4040,59.8,2400033792,0x0
1786836602.759547796,5.0899,60.4,2400023808,0x0
1786836603.812962738,5.7324,60.4,2400033792,0x0
1786836604.867072841,5.3014,60.9,2400023808,0x0
1786836605.921086671,5.2504,60.4,2400033792,0x0
1786836606.974265810,5.0323,62.0,2400023808,0x0
1786836608.027255807,5.0352,61.5,2400030464,0x0
1786836609.080661987,5.8369,61.5,2400027136,0x0
1786836610.135717818,5.2637,60.4,2400027136,0x0
1786836611.189168745,5.8506,62.0,2400030464,0x0
1786836612.243298908,4.9847,60.4,2400030464,0x0
1786836613.301245732,5.8286,59.8,2400020480,0x0
1786836614.354858352,5.4146,60.9,2400027136,0x0
1786836615.411118314,5.3423,60.9,2400033792,0x0
1786836616.465210194,5.5637,60.9,2400030464,0x0
1786836617.519362947,5.2003,59.8,2400030464,0x0
1786836618.576433612,6.1888,59.8,2400030464,0x0
1786836619.631008218,4.9672,58.7,2400020480,0x0
1786836620.685317405,5.3803,59.3,2400023808,0x0
1786836621.739840481,5.4335,59.3,2400030464,0x0
1786836622.793752512,5.3910,60.4,2400033792,0x0
1786836623.847305865,5.9008,59.8,2400027136,0x0
1786836624.902614886,5.1980,58.7,2400030464,0x0
1786836625.956369632,5.5002,59.8,2400020480,0x0
1786836627.009764256,5.5717,59.8,2400020480,0x0
1786836628.063322511,5.3661,60.9,2400033792,0x0
1786836629.117302153,5.1834,59.8,2400023808,0x0
1786836630.169853056,5.8741,60.4,2400037120,0x0
1786836631.215463157,5.3154,60.4,2400037120,0x0
1786836632.268614244,5.2772,61.5,2400027136,0x0
1786836633.322958820,4.6038,60.4,2400030464,0x0
1786836634.376324356,5.4794,60.9,2400027136,0x0
1786836635.429874003,5.2780,59.3,2400030464,0x0
1786836636.483126657,4.9551,61.5,2400030464,0x0
1786836637.536547275,5.6078,59.8,2400020480,0x0
1786836638.590894459,5.0324,60.4,2400020480,0x0
1786836639.644279992,5.1788,60.4,2400020480,0x0
1786836640.698168872,5.8719,58.7,2400023808,0x0
1786836641.751019047,5.3314,59.8,2400023808,0x0
1786836642.805232467,4.5070,58.7,2400023808,0x0
1786836643.858792583,4.6593,61.5,2400030464,0x0
1786836644.913592262,5.3283,59.3,2400020480,0x0
1786836645.967003053,5.2825,59.8,2400020480,0x0
1786836647.021396761,4.4594,59.3,2400027136,0x0
1786836648.075634122,5.0861,60.9,2400020480,0x0
1786836649.129373807,5.1528,61.5,2400027136,0x0
1786836650.182395671,5.5628,59.8,2400027136,0x0
1786836651.236564523,5.3909,59.8,2400030464,0x0
1786836652.290564381,5.9101,60.4,2400030464,0x0
1786836653.344530131,5.4558,60.4,2400020480,0x0
1786836654.397868225,3.4875,60.4,2400027136,0x0
1786836655.451889443,4.9883,61.5,2400030464,0x0
1786836656.504606161,4.9480,59.8,2400020480,0x0
1786836657.559183138,5.2159,60.4,2400027136,0x0
1786836658.612357838,5.7423,60.9,2400020480,0x0
1786836659.666758656,5.5768,60.4,2400030464,0x0
1786836660.821679998,5.9438,60.9,2400027136,0x0
1786836661.876065193,5.7869,60.9,2400023808,0x0
1786836662.929555772,5.9574,59.8,2400020480,0x0
1786836663.984310802,5.7404,60.9,2400020480,0x0
1786836665.038768635,5.1988,60.4,2400020480,0x0
1786836666.091929245,5.2343,60.9,2400020480,0x0
1786836667.145460057,4.4904,60.9,2400033792,0x0
1786836668.199862122,5.1167,60.9,2400033792,0x0
1786836669.253505087,5.0833,59.8,2400027136,0x0
1786836670.306956298,5.9369,59.8,2400033792,0x0
1786836671.362354470,5.2026,60.4,2400027136,0x0
1786836672.415822798,5.3101,59.8,2400020480,0x0
1786836673.468565860,6.1300,60.9,2400023808,0x0
1786836674.523346289,5.7372,61.5,2400027136,0x0
1786836675.577224065,5.5992,60.4,2400020480,0x0
1786836676.631935389,5.7542,60.4,2400023808,0x0
1786836677.685638192,5.4644,60.4,2400030464,0x0
1786836678.739862194,5.9738,60.9,2400023808,0x0
1786836679.793787814,5.6007,60.4,2400030464,0x0
1786836680.847721493,5.6770,60.9,2400030464,0x0
1786836681.901361085,5.1547,59.8,2400033792,0x0
1786836682.954771294,5.5271,59.8,2400033792,0x0
1786836684.008267172,4.7646,59.8,2400020480,0x0
1786836685.062412989,5.2099,60.4,2400030464,0x0
1786836686.119583550,5.2589,60.4,2400020480,0x0
1786836687.172726848,5.1955,59.8,2400030464,0x0
1786836688.227144244,5.1760,61.5,2400033792,0x0
1786836689.282159229,4.9696,60.9,2400027136,0x0
1786836690.336947312,5.1053,59.3,2400030464,0x0
1786836691.391357717,5.2978,60.4,2400033792,0x0
1786836692.445041411,4.7148,62.0,2400020480,0x0
1786836693.499021697,5.9590,60.4,2400033792,0x0
1786836694.552887561,4.4730,59.8,2400030464,0x0
1786836695.606115342,5.3706,60.9,2400023808,0x0
1786836696.760083914,5.0287,60.9,2400020480,0x0
1786836697.814163876,5.6996,61.5,2400027136,0x0
1786836698.867341760,5.4016,62.0,2400020480,0x0
1786836699.920408092,6.1536,60.4,2400033792,0x0
1786836700.974691245,5.5859,60.4,2400023808,0x0
1786836702.028484778,5.0962,61.5,2400020480,0x0
1786836703.081943521,5.1356,59.8,2400027136,0x0
1786836704.135841280,5.3440,60.9,2400030464,0x0
1786836705.190210740,5.3735,60.4,2400020480,0x0
1786836706.244587555,5.5539,60.9,2400027136,0x0
1786836707.301284122,5.2786,60.9,2400033792,0x0
1786836708.354804156,5.3709,60.9,2400033792,0x0
1786836709.409045554,5.9351,60.4,2400030464,0x0
1786836710.462523149,5.4906,59.8,2400027136,0x0
1786836711.517133752,5.1870,60.9,2400023808,0x0
1786836712.570383374,5.7421,60.4,2400023808,0x0
1786836713.624837521,5.2038,59.8,2400023808,0x0
1786836714.678398311,5.8252,60.4,2400030464,0x0
1786836715.733317717,5.1471,59.3,2400030464,0x0
1786836716.787261304,5.5315,59.8,2400037120,0x0
1786836717.841413373,5.8909,60.4,2400033792,0x0
1786836718.895784960,5.9397,60.4,2400030464,0x0
1786836719.949786073,5.6883,60.4,2400020480,0x0
1786836721.006666673,5.8091,60.4,2400030464,0x0
1786836722.061530799,5.4592,60.4,2400033792,0x0
1786836723.218134988,5.3762,60.4,2400023808,0x0
1786836724.272675013,5.3037,59.8,2400033792,0x0
1786836725.326690028,5.9474,59.8,2400030464,0x0
1786836726.380989264,5.2351,60.4,2400023808,0x0
1786836727.435277003,5.3170,60.4,2400027136,0x0
1786836728.490835693,5.2955,60.9,2400030464,0x0
1786836729.543986932,5.7777,61.5,2400023808,0x0
1786836730.595707950,1.9256,59.3,2400030464,0x0
1786836731.645545456,5.8640,60.9,2400027136,0x0
1786836732.699883763,5.3028,60.4,2400027136,0x0
1786836733.753568932,5.3716,59.8,2400033792,0x0
1786836734.807507564,5.1225,60.4,2400027136,0x0
1786836735.861002611,5.4435,62.0,2400030464,0x0
1786836736.914296163,5.4586,62.0,2400033792,0x0
1786836737.967879825,6.2355,60.4,2400023808,0x0
1786836739.023027823,5.3122,60.4,2400023808,0x0
1786836740.076371363,5.2183,60.4,2400027136,0x0
1786836741.130420657,5.7734,62.0,2400023808,0x0
1786836742.184727155,5.6901,59.8,2400027136,0x0
1786836743.238128776,5.7037,60.9,2400023808,0x0
1786836744.290518523,5.4149,59.8,2400027136,0x0
1786836745.344134647,5.3067,60.9,2400023808,0x0
1786836746.397877420,5.5568,60.4,2400023808,0x0
1786836747.452565703,5.1942,59.8,2400030464,0x0
1786836748.507009102,5.4094,61.5,2400033792,0x0
1786836749.561636021,5.3863,60.4,2400030464,0x0
1786836750.614888921,5.3315,59.8,2400020480,0x0
1786836751.669210088,5.8041,60.4,2400030464,0x0
1786836752.724111863,6.1059,60.9,2400023808,0x0
1786836753.777392122,4.7979,60.4,2400023808,0x0
1786836754.830864547,5.7520,61.5,2400030464,0x0
1786836755.884031183,5.1983,60.4,2400027136,0x0
1786836757.039186199,5.3402,61.5,2400033792,0x0
1786836758.092497264,5.7051,60.4,2400033792,0x0
1786836759.146358659,5.2458,61.5,2400027136,0x0
1786836760.199579970,4.7681,60.4,2400033792,0x0
1786836761.256753812,5.4343,60.4,2400023808,0x0
1786836762.311948291,5.0943,59.8,2400027136,0x0
1786836763.366085506,5.3474,60.4,2400020480,0x0
1786836764.424740708,6.0226,61.5,2400033792,0x0
1786836765.479075686,5.7818,60.4,2400033792,0x0
1786836766.533492109,5.1893,60.4,2400020480,0x0
1786836767.587929312,5.4739,60.9,2400023808,0x0
1786836768.641654415,5.9743,60.4,2400027136,0x0
1786836769.694860563,5.2333,60.4,2400027136,0x0
1786836770.747815013,5.9272,61.5,2400027136,0x0
1786836771.801248164,5.7816,60.4,2400023808,0x0
1786836772.854112897,5.8089,60.9,2400027136,0x0
1786836773.907004836,5.1863,59.8,2400020480,0x0
1786836774.961564684,4.8205,59.3,2400020480,0x0
1786836776.016592140,5.0424,60.9,2400023808,0x0
1786836777.070097376,5.6766,62.0,2400030464,0x0
1786836778.123480671,5.8072,61.5,2400030464,0x0
1786836779.177547516,5.6349,61.5,2400027136,0x0
1786836780.231306626,5.2171,60.9,2400027136,0x0
1786836781.285369327,5.3726,60.9,2400027136,0x0
1786836782.339102220,5.6408,60.9,2400020480,0x0
1786836783.393589940,4.8940,60.4,2400033792,0x0
1786836784.446326515,4.6487,59.8,2400030464,0x0
1786836785.500129562,4.9100,61.5,2400033792,0x0
1786836786.552882846,5.3972,60.9,2400023808,0x0
1786836787.606565510,5.0488,61.5,2400023808,0x0
1786836788.659234263,5.0777,60.9,2400030464,0x0
1786836789.713353315,5.3768,62.0,2400023808,0x0
1786836790.767182855,4.9652,60.4,2400023808,0x0
1786836791.821019342,5.7098,62.6,2400030464,0x0
1786836792.875218456,5.9022,59.8,2400030464,0x0
1786836793.929169575,5.1966,61.5,2400030464,0x0
1786836794.982893199,4.9609,62.0,2400020480,0x0
1786836796.038217400,4.9761,61.5,2400027136,0x0
1786836797.092053416,6.0660,60.9,2400030464,0x0
1786836798.145948878,5.3050,61.5,2400030464,0x0
1786836799.198910280,6.1698,61.5,2400023808,0x0
1786836800.252245235,4.9523,60.9,2400027136,0x0
1786836801.305124327,5.8809,60.9,2400030464,0x0
1786836802.357887886,5.7112,60.4,2400030464,0x0
1786836803.412521092,5.6892,60.9,2400027136,0x0
1786836804.469428125,5.8945,60.4,2400027136,0x0
1786836805.523088254,5.2403,59.3,2400027136,0x0
1786836806.578568698,5.4619,60.9,2400020480,0x0
1786836807.633535742,5.8938,59.3,2400030464,0x0
1786836808.688848173,5.6603,60.9,2400033792,0x0
1786836809.741462490,5.0263,58.7,2400033792,0x0
1786836810.794567951,5.1225,60.4,2400030464,0x0
1786836811.848460257,5.2960,59.8,2400023808,0x0
1786836812.902193327,4.9730,60.9,2400027136,0x0
1786836813.955775215,5.7488,59.8,2400023808,0x0
1786836815.009013851,5.0889,59.8,2400027136,0x0
1786836816.062643465,5.2249,60.4,2400027136,0x0
1786836817.115850587,4.9800,60.4,2400030464,0x0
1786836818.169598204,5.2240,59.8,2400020480,0x0
1786836819.225345375,4.9723,60.4,2400027136,0x0
1786836820.279417530,5.3184,60.4,2400027136,0x0
1786836821.333254486,5.9709,61.5,2400023808,0x0
1786836822.387194017,6.1929,60.4,2400027136,0x0
1786836823.442139465,4.6156,60.4,2400030464,0x0
1786836824.496023242,5.7158,58.7,2400023808,0x0
1786836825.550331350,5.7763,60.4,2400027136,0x0
1786836826.605120824,5.2396,61.5,2400023808,0x0
1786836827.658888590,4.8989,60.4,2400030464,0x0
1786836828.712746821,5.3122,59.8,2400020480,0x0
1786836829.767485932,5.2418,61.5,2400027136,0x0
1786836830.821285371,4.8372,59.8,2400023808,0x0
1786836831.874876314,5.2688,60.4,2400020480,0x0
1786836832.928621147,5.3755,59.8,2400030464,0x0
1786836833.982977326,5.1977,61.5,2400027136,0x0
1786836835.036550128,5.3233,60.4,2400023808,0x0
1786836836.091092236,5.6589,60.4,2400027136,0x0
1786836837.145285183,5.7174,60.4,2400027136,0x0
1786836838.199789018,5.8049,62.0,2400033792,0x0
1786836839.252824038,5.4130,60.9,2400030464,0x0
1786836840.305735802,5.9519,60.4,2400020480,0x0
1786836841.359142452,5.1862,59.8,2400023808,0x0
1786836842.412814823,5.7230,61.5,2400027136,0x0
1786836843.467848625,5.2082,60.9,2400030464,0x0
1786836844.521385261,5.7576,61.5,2400033792,0x0
1786836845.576043775,5.1025,61.5,2400030464,0x0
1786836846.630193352,5.5568,60.4,2400023808,0x0
1786836847.684672465,5.2034,62.6,2400033792,0x0
1786836848.739446780,5.1156,60.4,2400023808,0x0
1786836849.793556845,5.0853,60.9,2400023808,0x0
1786836850.847682968,5.6004,60.4,2400020480,0x0
1786836851.900727272,5.9018,61.5,2400023808,0x0
1786836852.954781956,5.7274,60.4,2400030464,0x0
1786836854.109202577,5.0090,60.4,2400033792,0x0
1786836855.162081149,4.9925,60.4,2400027136,0x0
1786836856.215465531,4.9720,60.4,2400023808,0x0
1786836857.268704677,4.6584,59.3,2400023808,0x0
1786836858.322752185,4.9738,60.4,2400030464,0x0
1786836859.376281591,5.0497,60.4,2400020480,0x0
1786836860.429998330,5.7735,60.4,2400030464,0x0
1786836861.483594683,5.6976,59.8,2400027136,0x0
1786836862.538138879,5.5837,60.4,2400027136,0x0
1786836863.592354544,5.6255,59.8,2400027136,0x0
1786836864.647052464,5.8315,60.4,2400020480,0x0
1786836865.802041363,5.8901,61.5,2400030464,0x0
1786836866.856262274,5.8268,60.4,2400023808,0x0
1786836867.909160574,4.8287,59.3,2400027136,0x0
1786836868.963564968,5.8076,62.0,2400020480,0x0
1786836870.018214011,5.2271,59.8,2400030464,0x0
1786836871.071324369,5.8703,60.4,2400033792,0x0
1786836872.124523099,5.2511,60.4,2400023808,0x0
1786836873.178099752,5.8027,60.4,2400030464,0x0
1786836874.232800875,4.5436,60.9,2400020480,0x0
1786836875.287255059,5.8856,59.8,2400027136,0x0
1786836876.341834281,5.2823,60.4,2400030464,0x0
1786836877.396001213,4.5157,61.5,2400030464,0x0
1786836878.449542598,5.6941,60.9,2400027136,0x0
1786836879.503555425,6.1205,60.4,2400027136,0x0
1786836880.557455069,5.5254,60.4,2400023808,0x0
1786836881.612088504,5.1865,60.4,2400033792,0x0
1786836882.665481473,5.8511,60.4,2400023808,0x0
1786836883.719661916,5.0954,59.3,2400020480,0x0
1786836884.774104636,5.4425,60.9,2400023808,0x0
1786836885.828091456,6.0886,61.5,2400020480,0x0
1786836886.880160577,5.1537,59.8,2400027136,0x0
1786836887.934383953,4.3168,62.0,2400027136,0x0
1786836888.986615299,5.4006,62.0,2400027136,0x0
1786836890.041585430,5.9929,59.3,2400023808,0x0
1786836891.095556574,5.7761,60.4,2400033792,0x0
1786836892.149585645,5.0241,61.5,2400033792,0x0
1786836893.203796957,5.9445,58.7,2400020480,0x0
1786836894.258212009,5.2338,59.8,2400023808,0x0
1786836895.312556305,5.1295,61.5,2400020480,0x0
1786836896.366661031,5.1170,60.4,2400033792,0x0
1786836897.420468633,5.7281,60.9,2400033792,0x0
1786836898.475625036,5.2621,60.4,2400033792,0x0
1786836899.529044017,5.7057,59.8,2400030464,0x0
1786836900.583037974,5.2927,60.9,2400027136,0x0
1786836901.636341459,6.0142,61.5,2400023808,0x0
1786836902.691405759,5.5774,60.4,2400030464,0x0
1786836903.746043400,5.3224,59.8,2400023808,0x0
1786836904.801000557,4.8942,61.5,2400030464,0x0
1786836905.854604972,4.9746,59.3,2400033792,0x0
1786836906.908382165,5.3191,60.4,2400033792,0x0
1786836907.962149934,5.6470,61.5,2400020480,0x0
1786836909.016994007,5.0421,60.4,2400020480,0x0
1786836910.070014992,5.1557,60.9,2400030464,0x0
1786836911.123252846,4.7837,59.8,2400030464,0x0
1786836912.177448877,5.7119,60.4,2400030464,0x0
1786836913.230184296,5.7582,61.5,2400027136,0x0
1786836914.284154092,5.7796,59.8,2400023808,0x0
1786836915.336673036,5.4352,60.9,2400023808,0x0
1786836916.389838271,5.0771,59.8,2400020480,0x0
1786836917.443291356,5.4424,60.9,2400023808,0x0
1786836918.498518552,5.7787,61.5,2400020480,0x0
1786836919.551576016,5.6554,60.9,2400033792,0x0
1786836920.604445909,3.7803,60.9,2400020480,0x0
1786836921.659020896,5.9250,59.3,2400023808,0x0
1786836922.713268796,6.0817,61.5,2400023808,0x0
1786836923.767198331,5.2710,60.4,2400023808,0x0
1786836924.820810871,4.9622,60.9,2400033792,0x0
1786836925.874088750,5.8537,62.0,2400030464,0x0
1786836926.927177466,5.1657,60.4,2400020480,0x0
1786836927.980695587,5.2256,60.9,2400023808,0x0
1786836929.034516113,5.2537,60.4,2400030464,0x0
1786836930.087776018,5.7029,60.9,2400023808,0x0
1786836931.142405612,4.4563,60.4,2400030464,0x0
1786836932.196665806,5.2832,60.4,2400037120,0x0
1786836933.251837175,5.4732,60.4,2400023808,0x0
1786836934.306557219,5.3021,60.4,2400030464,0x0
1786836935.361574038,5.0454,59.3,2400027136,0x0
1786836936.415453706,5.4974,60.9,2400027136,0x0
1786836937.469678908,5.8435,60.4,2400020480,0x0
1786836938.524567252,5.3178,60.9,2400033792,0x0
1786836939.578629016,5.9061,60.9,2400027136,0x0
1786836940.633209423,6.2832,60.9,2400020480,0x0
1786836941.686213442,5.3740,59.3,2400020480,0x0
1786836942.739572237,5.5597,61.5,2400027136,0x0
1786836943.792777868,5.3382,60.9,2400033792,0x0
1786836944.845387916,5.7875,61.5,2400033792,0x0
1786836945.898121001,5.2955,60.9,2400037120,0x0
1786836946.952641770,5.3741,60.4,2400020480,0x0
1786836948.006363421,5.2221,60.4,2400033792,0x0
1786836949.059642024,5.3111,60.9,2400020480,0x0
1786836950.114398222,5.8732,62.0,2400023808,0x0
1786836951.168394856,5.9884,60.4,2400033792,0x0
1786836952.223162039,5.6839,60.9,2400020480,0x0
1786836953.276826977,5.5604,60.9,2400027136,0x0
1786836954.330084180,4.9198,60.9,2400020480,0x0
1786836955.384161728,5.3953,60.9,2400033792,0x0
1786836956.437598285,5.2999,58.7,2400023808,0x0
1786836957.490983973,4.9566,59.8,2400030464,0x0
1786836958.543602042,5.1417,60.4,2400030464,0x0
1786836959.597209898,4.5934,60.9,2400027136,0x0
1786836960.650676072,5.2878,62.0,2400020480,0x0
1786836961.705545917,5.1701,60.4,2400023808,0x0
1786836962.759629661,5.3365,60.4,2400030464,0x0
1786836963.813263079,5.1578,61.5,2400023808,0x0
1786836964.867398548,5.8187,61.5,2400027136,0x0
1786836965.921143542,5.7637,60.9,2400023808,0x0
1786836966.974954184,5.1487,60.9,2400027136,0x0
1786836968.029177176,5.4293,59.8,2400033792,0x0
1786836969.082991896,5.9458,60.9,2400033792,0x0
1786836970.135765982,4.9391,60.9,2400030464,0x0
1786836971.189485873,5.0697,62.0,2400023808,0x0
1786836972.242803788,5.1402,60.4,2400027136,0x0
1786836973.295413418,5.7736,60.9,2400023808,0x0
1786836974.350352763,4.7461,61.5,2400023808,0x0
1786836975.405091889,5.7541,60.4,2400020480,0x0
1786836976.459347967,5.3349,60.4,2400020480,0x0
1786836977.513236181,5.5103,60.9,2400023808,0x0
1786836978.567532336,5.1629,60.4,2400033792,0x0
1786836979.621360368,4.6437,60.4,2400033792,0x0
1786836980.675674619,5.7779,60.4,2400023808,0x0
1786836981.729908150,5.3039,60.4,2400023808,0x0
1786836982.783037139,5.6491,60.4,2400023808,0x0
1786836983.838828156,5.9066,60.4,2400033792,0x0
1786836984.892866027,5.2697,58.7,2400023808,0x0
1786836985.946359461,5.5976,60.4,2400030464,0x0
1786836987.000084357,5.1542,60.9,2400023808,0x0
1786836988.052890951,5.7981,59.8,2400027136,0x0
1786836989.110428807,5.4481,61.5,2400030464,0x0
1786836990.163985118,5.4350,60.9,2400033792,0x0
1786836991.217515097,5.4286,60.9,2400023808,0x0
1786836992.272060843,4.6518,60.9,2400023808,0x0
1786836993.326466778,5.3722,59.8,2400027136,0x0
1786836994.381265248,5.7197,59.3,2400027136,0x0
1786836995.435158766,4.9372,60.9,2400030464,0x0
1786836996.489252098,5.2471,61.5,2400030464,0x0
1786836997.542431238,5.0779,60.4,2400023808,0x0
1786836998.595794859,5.0123,62.0,2400023808,0x0
1786836999.649924177,5.8683,61.5,2400027136,0x0
1786837000.704141143,5.0208,62.6,2400030464,0x0
1786837001.757329308,4.9798,60.4,2400023808,0x0
1786837002.812016809,5.1026,60.4,2400030464,0x0
1786837003.866297909,5.7686,60.4,2400030464,0x0
1786837004.921470426,5.4073,60.4,2400023808,0x0
1786837005.976468206,5.1740,60.4,2400033792,0x0
1786837007.030927087,5.3853,59.8,2400023808,0x0
1786837008.085160249,5.1882,60.4,2400030464,0x0
1786837009.138869140,5.8517,61.5,2400023808,0x0
1786837010.192615163,5.3690,60.9,2400023808,0x0
1786837011.246165818,5.1651,61.5,2400020480,0x0
1786837012.299691902,5.6336,60.4,2400020480,0x0
1786837013.354908116,5.3106,59.8,2400030464,0x0
1786837014.408155520,5.3433,60.4,2400033792,0x0
1786837015.463310034,5.6003,61.5,2400023808,0x0
1786837016.515773487,5.9198,61.5,2400030464,0x0
1786837017.568553587,4.9345,60.4,2400030464,0x0
1786837018.623292221,5.3768,61.5,2400033792,0x0
1786837019.677225643,5.1762,60.4,2400027136,0x0
1786837020.731656710,5.0088,59.8,2400027136,0x0
1786837021.786026445,5.1820,60.4,2400030464,0x0
1786837022.840210610,5.9525,61.5,2400023808,0x0
1786837023.894788550,6.2304,60.9,2400033792,0x0
1786837024.949478323,5.1630,60.4,2400030464,0x0
1786837026.003616918,5.1776,60.4,2400023808,0x0
1786837027.058115141,5.7245,60.4,2400023808,0x0
1786837028.112644031,5.3981,60.4,2400033792,0x0
1786837029.165867975,5.8943,60.4,2400033792,0x0
1786837030.219445120,4.9748,60.4,2400030464,0x0
1786837031.273329874,6.2057,60.9,2400027136,0x0
1786837032.326553099,5.5486,60.9,2400027136,0x0
1786837033.380775778,4.5852,60.4,2400033792,0x0
1786837034.434640722,4.6960,59.8,2400033792,0x0
1786837035.488425075,4.5926,58.7,2400030464,0x0
1786837036.541750565,5.3951,60.9,2400020480,0x0
1786837037.595671901,5.3113,60.9,2400027136,0x0
1786837038.650130158,5.4971,59.8,2400033792,0x0
1786837039.704978727,5.3330,61.5,2400033792,0x0
1786837040.758197224,5.1178,61.5,2400030464,0x0
1786837041.812293693,5.6831,60.9,2400023808,0x0
1786837042.864875940,5.1552,60.4,2400027136,0x0
1786837043.918756507,5.4873,60.4,2400030464,0x0
1786837044.971665883,5.7619,60.4,2400030464,0x0
1786837046.024942682,5.0440,61.5,2400027136,0x0
1786837047.079475672,6.0074,62.0,2400030464,0x0
1786837048.134264179,5.2273,60.4,2400030464,0x0
1786837049.187912978,4.8817,62.0,2400033792,0x0
1786837050.241589112,5.5277,61.5,2400030464,0x0
1786837051.295331412,4.9756,60.9,2400030464,0x0
1786837052.349919187,5.5877,60.9,2400023808,0x0
1786837053.405211954,5.3831,61.5,2400033792,0x0
1786837054.459897193,4.9016,58.7,2400030464,0x0
1786837055.513477519,5.6404,61.5,2400030464,0x0
1786837056.566996144,4.9470,60.4,2400033792,0x0
1786837057.620620232,5.5367,61.5,2400033792,0x0
1786837058.674901463,5.4306,60.4,2400020480,0x0
1786837059.727658785,6.2227,60.9,2400023808,0x0
1786837060.782282551,4.5836,60.9,2400030464,0x0
1786837061.836773209,5.2878,61.5,2400027136,0x0
1786837062.890892632,4.9281,60.4,2400023808,0x0
1786837063.944547024,5.1537,60.9,2400020480,0x0
1786837064.997925365,5.4456,61.5,2400027136,0x0
1786837066.051930441,5.9039,60.4,2400020480,0x0
1786837067.106067888,5.9492,62.0,2400027136,0x0
1786837068.160598294,5.5316,62.6,2400030464,0x0
1786837069.213931696,5.9646,61.5,2400033792,0x0
1786837070.268454031,4.9162,60.9,2400020480,0x0
1786837071.321364774,4.4747,61.5,2400020480,0x0
1786837072.376022851,6.1362,60.9,2400030464,0x0
1786837073.428761618,4.7111,59.8,2400027136,0x0
1786837074.482512744,5.4368,60.9,2400030464,0x0
1786837075.535494362,5.0112,60.9,2400020480,0x0
1786837076.590274517,4.7561,61.5,2400027136,0x0
1786837077.644123035,4.9824,60.9,2400020480,0x0
1786837078.698522234,4.4274,60.9,2400023808,0x0
1786837079.751702207,5.4020,60.4,2400023808,0x0
1786837080.805460675,5.9512,60.9,2400030464,0x0
1786837081.858646724,5.1398,60.9,2400030464,0x0
1786837082.912294955,5.3176,61.5,2400027136,0x0
1786837083.966393349,5.7652,62.0,2400020480,0x0
1786837085.020690149,5.2797,61.5,2400023808,0x0
1786837086.073876685,5.7401,61.5,2400020480,0x0
1786837087.127665142,5.1123,60.9,2400023808,0x0
1786837088.180837422,5.8682,60.9,2400030464,0x0
1786837089.234823323,5.3366,60.4,2400030464,0x0
1786837090.289778696,4.9877,60.9,2400020480,0x0
1786837091.343373160,5.2314,60.9,2400033792,0x0
1786837092.397028662,5.6736,62.6,2400027136,0x0
1786837093.450683017,4.0680,62.0,2400027136,0x0
1786837094.505443953,5.8811,61.5,2400027136,0x0
1786837095.560250779,4.9927,61.5,2400033792,0x0
1786837096.613991711,5.2741,62.0,2400027136,0x0
1786837097.667129632,5.7842,61.5,2400030464,0x0
1786837098.722026997,4.9328,60.9,2400033792,0x0
1786837099.775077848,5.3851,62.0,2400023808,0x0
1786837100.829052171,5.2194,60.9,2400030464,0x0
1786837101.881489790,5.3301,60.4,2400033792,0x0
1786837102.934947214,5.0181,60.9,2400030464,0x0
1786837103.987852997,5.1430,61.5,2400030464,0x0
1786837105.140744591,4.9700,59.8,2400023808,0x0
1786837106.194431072,5.3903,60.9,2400033792,0x0
1786837107.247783113,4.5291,60.9,2400023808,0x0
1786837108.301803852,5.5380,61.5,2400027136,0x0
1786837109.355403522,4.9851,61.5,2400027136,0x0
1786837110.411698534,6.4320,62.0,2400030464,0x0
1786837111.465923682,4.8338,61.5,2400030464,0x0
1786837112.518595940,5.6087,60.9,2400027136,0x0
1786837113.572982792,5.6280,60.9,2400033792,0x0
1786837114.625973420,5.6380,60.9,2400033792,0x0
1786837115.680291590,5.4790,59.3,2400030464,0x0
1786837116.732373490,5.3475,60.9,2400023808,0x0
1786837117.785889838,5.4381,60.9,2400027136,0x0
1786837118.839796386,5.2074,60.9,2400030464,0x0
1786837119.893354310,5.1027,62.0,2400023808,0x0
1786837120.947376785,5.0849,59.8,2400030464,0x0
1786837122.000805084,4.7846,62.0,2400023808,0x0
1786837123.054226050,5.0040,62.0,2400023808,0x0
1786837124.107291410,5.8571,60.9,2400030464,0x0
1786837125.161362408,5.7681,61.5,2400020480,0x0
1786837126.214722304,5.0422,60.9,2400030464,0x0
1786837127.267605374,5.6075,60.9,2400030464,0x0
1786837128.321037550,4.8646,61.5,2400033792,0x0
1786837129.375958117,5.2252,60.9,2400027136,0x0
1786837130.430687559,5.3672,60.9,2400027136,0x0
1786837131.483946073,5.8326,60.4,2400020480,0x0
1786837132.537329087,4.7808,58.7,2400023808,0x0
1786837133.592221919,5.4351,61.5,2400023808,0x0
1786837134.645498567,5.2305,60.4,2400023808,0x0
1786837135.698982806,5.5738,60.4,2400033792,0x0
1786837136.753408035,5.3953,60.4,2400027136,0x0
1786837137.807769137,5.5431,59.8,2400027136,0x0
1786837138.862565865,5.4990,60.9,2400020480,0x0
1786837139.917634368,4.9811,62.0,2400023808,0x0
1786837140.971318426,4.9550,60.9,2400030464,0x0
1786837142.025083668,5.6555,60.4,2400023808,0x0
1786837143.078805802,4.8558,60.9,2400033792,0x0
1786837144.132032923,5.8857,60.9,2400030464,0x0
1786837145.186354330,5.1307,60.9,2400023808,0x0
1786837146.240107985,5.4198,60.4,2400027136,0x0
1786837147.287765875,5.1127,61.5,2400033792,0x0
1786837148.342296005,4.9272,61.5,2400030464,0x0
1786837149.395697575,5.3134,60.9,2400027136,0x0
1786837150.449053442,5.1429,60.9,2400030464,0x0
1786837151.503832258,5.1781,60.9,2400027136,0x0
1786837152.557683437,5.9117,60.4,2400023808,0x0
1786837153.612629161,5.2546,60.4,2400030464,0x0
1786837154.667655755,5.3200,60.4,2400023808,0x0
1786837155.721628344,6.1615,60.4,2400027136,0x0
1786837156.777173398,5.3982,60.4,2400027136,0x0
1786837157.829777207,6.1009,62.0,2400027136,0x0
1786837158.882673293,5.3971,60.9,2400030464,0x0
1786837159.935775562,5.7401,61.5,2400023808,0x0
1786837160.990439908,5.0277,60.4,2400033792,0x0
1786837162.044988404,5.4375,60.4,2400033792,0x0
1786837163.099653215,4.9032,60.9,2400030464,0x0
1786837164.257044294,4.9670,61.5,2400020480,0x0
1786837165.413148556,5.7179,61.5,2400033792,0x0
1786837166.467257451,6.2560,60.4,2400033792,0x0
1786837167.521906452,6.1076,60.4,2400027136,0x0
1786837168.574835029,5.2300,60.9,2400030464,0x0
1786837169.627874512,5.8245,60.4,2400027136,0x0
1786837170.681293586,5.2527,61.5,2400030464,0x0
1786837171.734705420,5.9468,61.5,2400023808,0x0
1786837172.789597720,5.6770,61.5,2400020480,0x0
1786837173.843115703,5.9181,60.9,2400033792,0x0
1786837174.898337631,5.5492,61.5,2400030464,0x0
1786837175.951956226,5.9161,60.4,2400030464,0x0
1786837177.006458776,5.5867,61.5,2400023808,0x0
1786837178.061239823,5.9706,60.4,2400027136,0x0
1786837179.115029660,5.0228,62.0,2400020480,0x0
1786837180.169501417,5.4987,61.5,2400023808,0x0
1786837181.224098007,5.2798,60.4,2400027136,0x0
1786837182.277997142,5.0846,60.4,2400023808,0x0
1786837183.331527579,5.0749,59.8,2400027136,0x0
1786837184.385536309,5.6489,60.9,2400030464,0x0
1786837185.440237624,5.1832,59.8,2400033792,0x0
1786837186.493983043,5.7149,60.9,2400027136,0x0
1786837187.547216173,5.2845,62.6,2400023808,0x0
1786837188.600622765,5.9162,60.9,2400020480,0x0
1786837189.654922625,5.1594,60.4,2400023808,0x0
1786837190.709729926,5.1572,60.9,2400023808,0x0
1786837191.764496506,5.1955,61.5,2400020480,0x0
1786837192.819311883,5.4105,61.5,2400030464,0x0
1786837193.872739368,4.8489,60.9,2400030464,0x0
1786837194.927549192,5.5919,60.9,2400027136,0x0
1786837195.981485915,5.2842,61.5,2400023808,0x0
1786837197.035634784,5.2703,59.8,2400030464,0x0
1786837198.088778907,5.8154,61.5,2400023808,0x0
1786837199.142848021,4.6487,60.9,2400023808,0x0
1786837200.195631742,5.6862,60.9,2400033792,0x0
1786837201.249342862,6.1270,60.9,2400027136,0x0
1786837202.302713430,4.8636,60.9,2400027136,0x0
1786837203.356376682,5.0778,60.9,2400030464,0x0
1786837204.409048020,5.3485,60.9,2400027136,0x0
1786837205.463359340,5.1529,62.0,2400023808,0x0
1786837206.518253267,4.3888,61.5,2400030464,0x0
1786837207.572752384,5.4027,60.9,2400030464,0x0
1786837208.627021615,5.3471,60.9,2400027136,0x0
1786837209.681367032,5.7973,59.8,2400023808,0x0
1786837210.735978984,5.0691,60.9,2400023808,0x0
1786837211.789480987,5.0743,60.4,2400027136,0x0
1786837212.842564736,6.0230,60.9,2400023808,0x0
1786837213.897088803,5.2500,60.4,2400027136,0x0
1786837214.949486005,5.8681,60.4,2400030464,0x0
1786837216.003968112,5.4801,61.5,2400020480,0x0
1786837217.056886330,5.8549,60.9,2400020480,0x0
1786837218.109705846,5.3364,61.5,2400037120,0x0
1786837219.165046279,5.5761,60.9,2400027136,0x0
1786837220.219643481,5.1938,60.9,2400030464,0x0
1786837221.273935151,4.8525,61.5,2400020480,0x0
1786837222.328354338,4.4902,60.9,2400027136,0x0
1786837223.381339561,5.5594,60.9,2400030464,0x0
1786837224.436070062,5.7113,60.4,2400030464,0x0
1786837225.490287662,5.0862,61.5,2400023808,0x0
1786837226.543419200,5.4259,60.9,2400027136,0x0
1786837227.596872663,5.9834,60.9,2400023808,0x0
1786837228.650637215,5.1234,62.6,2400027136,0x0
1786837229.703734628,6.1360,60.4,2400023808,0x0
1786837230.756916429,5.6477,60.9,2400023808,0x0
1786837231.810466950,5.5291,60.9,2400027136,0x0
1786837232.863115333,5.3813,60.9,2400027136,0x0
1786837233.916749577,5.4355,62.0,2400023808,0x0
1786837234.970970704,5.1669,60.4,2400027136,0x0
1786837236.024681746,5.3667,61.5,2400030464,0x0
1786837237.079033688,4.4600,60.9,2400020480,0x0
1786837238.132982340,5.7456,60.9,2400020480,0x0
1786837239.187536949,5.5250,60.9,2400027136,0x0
1786837240.242156910,5.2957,62.0,2400033792,0x0
1786837241.295077076,5.8364,60.9,2400020480,0x0
1786837242.348917455,4.8240,62.6,2400030464,0x0
1786837243.402914573,5.3560,60.9,2400023808,0x0
1786837244.456691233,5.0071,60.9,2400030464,0x0
1786837245.509341516,4.5399,60.4,2400030464,0x0
1786837246.562231299,4.9453,61.5,2400020480,0x0
1786837247.614753586,5.1613,60.9,2400033792,0x0
1786837248.669895530,5.2654,60.9,2400030464,0x0
1786837249.723749489,4.9783,60.9,2400023808,0x0
1786837250.778002482,5.2294,60.9,2400033792,0x0
1786837251.831796981,5.5901,60.9,2400030464,0x0
1786837252.885715535,5.7124,60.4,2400020480,0x0
1786837253.938031552,5.3768,61.5,2400027136,0x0
1786837254.991311875,4.8626,61.5,2400023808,0x0
1786837256.045276338,5.6662,60.4,2400030464,0x0
1786837257.097416805,5.4791,61.5,2400030464,0x0
1786837258.150895405,5.8589,62.6,2400033792,0x0
1786837259.205228979,5.2744,60.9,2400023808,0x0
1786837260.258859376,5.7271,62.0,2400020480,0x0
1786837261.311145178,3.1385,60.4,2400020480,0x0
1786837262.365147202,4.8993,61.5,2400027136,0x0
1786837263.418800009,5.2523,60.9,2400027136,0x0
1786837264.473493769,5.7637,60.9,2400020480,0x0
1786837265.530975239,5.9021,59.8,2400020480,0x0
1786837266.585187413,5.9587,60.9,2400033792,0x0
1786837267.639178609,5.3856,60.9,2400023808,0x0
1786837268.694330385,4.5644,60.9,2400023808,0x0
1786837269.747667368,5.8824,60.9,2400027136,0x0
1786837270.802438576,4.8894,61.5,2400023808,0x0
1786837271.855272585,4.8678,60.9,2400023808,0x0
1786837272.909604355,4.4941,60.9,2400020480,0x0
1786837273.963102358,5.7496,61.5,2400020480,0x0
1786837275.015608910,5.6241,60.9,2400030464,0x0
1786837276.068453644,5.3154,60.9,2400020480,0x0
1786837277.123106378,5.0057,61.5,2400023808,0x0
1786837278.177391227,5.7104,60.9,2400027136,0x0
1786837279.231613579,5.2770,61.5,2400033792,0x0
1786837280.285797394,5.8736,60.9,2400027136,0x0
1786837281.338956703,5.1409,60.9,2400033792,0x0
1786837282.392502953,5.1256,60.9,2400023808,0x0
1786837283.445546729,4.9759,61.5,2400023808,0x0
1786837284.500364855,5.9890,60.9,2400027136,0x0
1786837285.554486380,5.0012,62.0,2400023808,0x0
1786837286.608310649,5.8986,61.5,2400033792,0x0
1786837287.662085012,5.3561,60.9,2400027136,0x0
1786837288.715353382,5.6474,62.6,2400030464,0x0
1786837289.768450865,5.6497,60.4,2400037120,0x0
1786837290.822616356,4.6456,61.5,2400023808,0x0
1786837291.877108696,5.7597,60.9,2400033792,0x0
1786837292.931000618,5.2568,59.8,2400027136,0x0
1786837293.985734069,5.9906,59.8,2400033792,0x0
1786837295.040570185,5.8554,60.4,2400033792,0x0
1786837296.094928420,5.7530,60.9,2400030464,0x0
1786837297.149100212,5.7641,59.8,2400020480,0x0
1786837298.202617420,5.2814,60.9,2400033792,0x0
1786837299.256439959,5.1977,60.4,2400023808,0x0
1786837300.310401682,5.4492,61.5,2400030464,0x0
1786837301.363981929,6.1019,61.5,2400027136,0x0
1786837302.418855440,5.5559,61.5,2400023808,0x0
1786837303.472443966,6.0997,60.4,2400027136,0x0
1786837304.526492322,5.6009,60.4,2400020480,0x0
1786837305.580776435,5.6541,61.5,2400030464,0x0
1786837306.634724182,5.0253,60.4,2400033792,0x0
1786837307.689194979,5.1570,60.4,2400020480,0x0
1786837308.742673844,6.1280,60.4,2400030464,0x0
1786837309.796861832,5.8730,60.4,2400027136,0x0
1786837310.851502667,5.3680,62.0,2400023808,0x0
1786837311.904932517,5.2486,62.0,2400033792,0x0
1786837312.958859658,5.9052,60.4,2400023808,0x0
1786837314.013028834,4.8407,60.9,2400023808,0x0
1786837315.065811138,6.1248,61.5,2400033792,0x0
1786837316.119734115,4.9426,61.5,2400023808,0x0
1786837317.172660289,5.7575,60.4,2400023808,0x0
1786837318.226039032,5.3292,61.5,2400023808,0x0
1786837319.279930197,5.3850,61.5,2400037120,0x0
1786837320.334157730,5.4346,62.6,2400027136,0x0
1786837321.388809870,5.2896,62.0,2400023808,0x0
1786837322.443158365,5.8095,61.5,2400023808,0x0
1786837323.497406789,5.9277,60.9,2400027136,0x0
1786837324.552610388,5.3214,60.9,2400033792,0x0
1786837325.607044737,5.3180,61.5,2400033792,0x0
1786837326.659816661,3.6170,61.5,2400030464,0x0
1786837327.713602778,5.3484,62.0,2400033792,0x0
1786837328.768555939,5.0448,60.9,2400020480,0x0
1786837329.822182392,5.1826,60.9,2400033792,0x0
1786837330.874637878,4.9634,61.5,2400027136,0x0
1786837331.927499120,5.2991,60.9,2400020480,0x0
1786837332.981586886,5.8430,60.9,2400030464,0x0
1786837334.036443199,5.7127,60.9,2400020480,0x0
1786837335.090558133,5.8817,62.0,2400023808,0x0
1786837336.144310646,5.9110,61.5,2400020480,0x0
1786837337.198568154,5.4769,63.1,2400020480,0x0
1786837338.252546314,5.2579,60.9,2400030464,0x0
1786837339.307591611,5.1083,60.4,2400033792,0x0
1786837340.360267398,5.5136,62.0,2400023808,0x0
1786837341.413948416,6.0050,62.0,2400030464,0x0
1786837342.468946401,5.6324,60.9,2400020480,0x0
1786837343.522261868,5.5908,62.6,2400027136,0x0
1786837344.575140267,5.1224,59.8,2400030464,0x0
1786837345.628467921,5.6842,60.9,2400030464,0x0
1786837346.682193979,4.8469,61.5,2400027136,0x0
1786837347.735840372,5.7305,62.6,2400027136,0x0
1786837348.790323053,5.9186,63.1,2400033792,0x0
1786837349.844798531,5.7254,60.4,2400033792,0x0
1786837350.898164262,5.8275,62.0,2400023808,0x0
1786837351.952989978,5.6674,60.9,2400030464,0x0
1786837353.007020315,5.4950,59.8,2400030464,0x0
1786837354.060321550,4.5022,60.4,2400033792,0x0
1786837355.113106235,5.8670,61.5,2400027136,0x0
1786837356.167252407,5.6902,60.9,2400020480,0x0
1786837357.221367690,5.7496,60.9,2400020480,0x0
1786837358.275021387,5.9177,60.4,2400020480,0x0
1786837359.329904627,4.6527,61.5,2400023808,0x0
1786837360.383368956,5.5464,61.5,2400023808,0x0
1786837361.436674141,5.7306,62.6,2400033792,0x0
1786837362.491153572,5.5809,61.5,2400030464,0x0
1786837363.545060622,5.8421,61.5,2400020480,0x0
1786837364.599181540,5.7535,60.9,2400023808,0x0
1786837365.653371033,5.8306,62.0,2400020480,0x0
1786837366.707672617,4.5729,61.5,2400023808,0x0
1786837367.760793104,5.7756,60.9,2400027136,0x0
1786837368.814117571,4.9981,61.5,2400023808,0x0
1786837369.867315355,5.6064,61.5,2400023808,0x0
1786837370.921117522,5.8040,60.9,2400027136,0x0
1786837371.976486543,5.6326,62.0,2400027136,0x0
1786837373.129435147,5.6468,61.5,2400033792,0x0
1786837374.184222787,5.4519,60.9,2400033792,0x0
1786837375.237921558,5.9658,61.5,2400023808,0x0
1786837376.291286120,5.8457,61.5,2400027136,0x0
1786837377.345251723,5.3569,60.4,2400020480,0x0
1786837378.398616926,4.5017,60.4,2400023808,0x0
1786837379.452353059,5.6825,60.9,2400020480,0x0
1786837380.507020416,5.9781,62.6,2400020480,0x0
1786837381.561002208,5.7373,60.4,2400020480,0x0
1786837382.615982186,6.0055,62.0,2400033792,0x0
1786837383.670736542,5.3796,60.9,2400020480,0x0
1786837384.724304426,4.9883,61.5,2400030464,0x0
1786837385.778179926,6.0199,61.5,2400030464,0x0
1786837386.831396657,5.2984,60.4,2400030464,0x0
1786837387.885134095,5.4988,62.0,2400030464,0x0
1786837388.937935746,4.8366,59.8,2400027136,0x0
1786837389.992308527,5.2089,60.9,2400033792,0x0
1786837391.046320425,5.5023,60.9,2400030464,0x0
1786837392.100625551,4.4347,61.5,2400027136,0x0
1786837393.154239370,5.1783,60.4,2400027136,0x0
1786837394.207548437,5.2765,59.8,2400027136,0x0
1786837395.262070561,5.4603,60.9,2400020480,0x0
1786837396.315958823,5.9018,61.5,2400033792,0x0
1786837397.369484741,5.0933,62.0,2400023808,0x0
1786837398.424811102,5.1456,60.9,2400030464,0x0
1786837399.477747275,4.5932,60.9,2400030464,0x0
1786837400.532063801,5.3309,61.5,2400027136,0x0
1786837401.586244481,5.2348,60.9,2400027136,0x0
1786837402.639425023,5.3280,62.0,2400030464,0x0
1786837403.693056866,5.8144,62.6,2400023808,0x0
1786837404.746794326,5.2801,61.5,2400037120,0x0
1786837405.800003147,5.4417,61.5,2400020480,0x0
1786837406.854167599,4.6213,62.6,2400030464,0x0
1786837407.907256636,5.3387,61.5,2400033792,0x0
1786837408.960710696,4.6379,61.5,2400030464,0x0
1786837410.014361188,4.8571,59.8,2400020480,0x0
1786837411.067629595,5.8460,60.9,2400033792,0x0
1786837412.121934855,5.3297,61.5,2400023808,0x0
1786837413.175134016,5.4059,62.6,2400023808,0x0
1786837414.229050346,5.7703,60.9,2400020480,0x0
1786837415.282455204,5.1088,60.9,2400027136,0x0
1786837416.335263182,5.9969,62.6,2400020480,0x0
1786837417.389050514,5.1274,61.5,2400020480,0x0
1786837418.441862950,4.6581,60.4,2400027136,0x0
1786837419.494680299,5.1901,61.5,2400033792,0x0
1786837420.548403133,5.2372,60.9,2400020480,0x0
1786837421.601597086,5.2417,60.9,2400020480,0x0
1786837422.654781251,5.0206,59.8,2400020480,0x0
1786837423.708727659,5.3023,61.5,2400027136,0x0
1786837424.763011591,5.4883,61.5,2400030464,0x0
1786837425.817262252,5.7726,60.9,2400023808,0x0
1786837426.870970403,5.0195,61.5,2400030464,0x0
1786837427.924079583,5.1361,62.6,2400027136,0x0
1786837428.977205399,5.7242,62.0,2400020480,0x0
1786837430.030799663,5.5794,61.5,2400020480,0x0
1786837431.084535490,5.9067,60.9,2400027136,0x0
1786837432.137843714,4.9097,61.5,2400020480,0x0
1786837433.192475939,5.2256,62.0,2400027136,0x0
1786837434.246074194,5.4536,60.9,2400027136,0x0
1786837435.298976551,5.2436,61.5,2400033792,0x0
1786837436.352856208,5.2259,61.5,2400030464,0x0
1786837437.406317707,5.1727,62.0,2400023808,0x0
1786837438.459522510,5.2028,60.9,2400033792,0x0
1786837439.514584830,4.9844,62.6,2400027136,0x0
1786837440.567848092,5.1305,60.4,2400030464,0x0
1786837441.625366341,5.7690,61.5,2400030464,0x0
1786837442.679486020,5.8035,61.5,2400027136,0x0
1786837443.734843904,5.2221,62.0,2400030464,0x0
1786837444.788624488,5.2184,61.5,2400023808,0x0
1786837445.843262760,4.9106,60.9,2400020480,0x0
1786837446.897425634,5.8010,60.4,2400027136,0x0
1786837447.950993204,5.3051,60.4,2400027136,0x0
1786837449.004999630,5.4909,62.0,2400020480,0x0
1786837450.058391751,5.2288,61.5,2400030464,0x0
1786837451.111826861,5.9928,60.4,2400023808,0x0
1786837452.166424010,5.0772,60.9,2400027136,0x0
1786837453.220005448,5.8547,60.4,2400023808,0x0
1786837454.275131776,5.9711,59.8,2400033792,0x0
1786837455.330838830,4.8619,61.5,2400030464,0x0
1786837456.383972867,5.3465,60.9,2400020480,0x0
1786837457.437570780,5.9108,60.4,2400020480,0x0
1786837458.491269495,5.5758,62.6,2400033792,0x0
1786837459.544781849,5.9388,60.9,2400030464,0x0
1786837460.599826536,5.2213,61.5,2400033792,0x0
1786837461.653214221,5.2503,60.4,2400033792,0x0
1786837462.706359562,5.2979,60.9,2400023808,0x0
1786837463.760464202,5.3972,60.9,2400023808,0x0
1786837464.814641479,5.6582,62.6,2400027136,0x0
1786837465.868561950,4.9293,61.5,2400030464,0x0
1786837466.921899635,4.6752,60.4,2400027136,0x0
1786837467.974479369,4.5343,60.9,2400020480,0x0
1786837469.027545682,5.9366,61.5,2400030464,0x0
1786837470.080700446,4.8260,60.9,2400027136,0x0
1786837471.133373943,4.7438,60.9,2400030464,0x0
1786837472.186718685,5.7553,60.4,2400023808,0x0
1786837473.239245179,5.7943,60.9,2400030464,0x0
1786837474.292865583,5.7966,62.0,2400023808,0x0
1786837475.346246126,5.5345,59.8,2400020480,0x0
1786837476.398175017,5.3046,60.9,2400037120,0x0
1786837477.451574816,5.4691,60.4,2400023808,0x0
1786837478.506008267,5.0990,60.4,2400033792,0x0
1786837479.559738710,5.0028,60.9,2400027136,0x0
1786837480.613138329,5.3124,60.9,2400023808,0x0
1786837481.667026268,5.2060,60.9,2400027136,0x0
1786837482.721217585,4.0834,60.9,2400030464,0x0
1786837483.776803865,5.8309,60.4,2400027136,0x0
1786837484.830045294,5.1019,61.5,2400020480,0x0
1786837485.883290102,5.7467,60.9,2400030464,0x0
1786837486.937687376,4.4761,59.8,2400033792,0x0
1786837487.990692479,5.6896,61.5,2400030464,0x0
1786837489.043879644,5.7969,61.5,2400030464,0x0
1786837490.096771930,5.6811,60.9,2400020480,0x0
1786837491.150348999,5.4106,60.9,2400030464,0x0
1786837492.205009033,5.1089,61.5,2400020480,0x0
1786837493.259479965,5.3285,61.5,2400030464,0x0
1786837494.313419964,5.0848,60.9,2400030464,0x0
1786837495.367018898,4.7864,61.5,2400020480,0x0
1786837496.420819192,5.4816,60.9,2400033792,0x0
1786837497.475055751,5.6785,62.6,2400027136,0x0
1786837498.530077833,5.6431,61.5,2400020480,0x0
1786837499.583260247,4.4609,62.6,2400033792,0x0
1786837500.636663502,5.7787,61.5,2400020480,0x0
1786837501.691457017,5.0792,60.4,2400033792,0x0
1786837502.744685159,5.8424,61.5,2400027136,0x0
1786837503.799549728,5.2650,60.9,2400030464,0x0
1786837504.952336761,5.6960,62.0,2400033792,0x0
1786837506.006490071,5.3487,62.0,2400033792,0x0
1786837507.061063925,5.1818,62.6,2400027136,0x0
1786837508.115527824,5.0068,61.5,2400027136,0x0
1786837509.169721770,5.6894,61.5,2400023808,0x0
1786837510.223600560,5.9664,61.5,2400020480,0x0
1786837511.277609191,5.0436,62.6,2400030464,0x0
1786837512.332443844,5.1854,61.5,2400033792,0x0
1786837513.385452960,5.7483,60.4,2400030464,0x0
1786837514.439296136,4.6573,61.5,2400020480,0x0
1786837515.492083456,4.4828,61.5,2400023808,0x0
1786837516.544988321,4.8532,62.6,2400027136,0x0
1786837517.598749894,4.9050,61.5,2400023808,0x0
1786837518.653236638,5.4522,60.9,2400020480,0x0
1786837519.705861846,5.5170,60.4,2400030464,0x0
1786837520.760686680,5.6340,61.5,2400020480,0x0
1786837521.815747688,5.7334,61.5,2400030464,0x0
1786837522.872073013,5.5360,60.4,2400023808,0x0
1786837523.926381024,5.8140,59.3,2400023808,0x0
1786837524.980777358,4.9976,60.9,2400033792,0x0
1786837526.034877536,5.2839,60.9,2400027136,0x0
1786837527.088301929,5.2409,60.4,2400027136,0x0
1786837528.142407754,5.9251,61.5,2400030464,0x0
1786837529.196305200,5.0954,60.4,2400033792,0x0
1786837530.249737139,5.6342,60.9,2400033792,0x0
1786837531.302811718,4.9888,62.0,2400020480,0x0
1786837532.355841121,5.8417,60.9,2400020480,0x0
1786837533.408773645,5.5605,60.9,2400033792,0x0
1786837534.463651297,5.1735,60.9,2400027136,0x0
1786837535.518145293,5.1024,60.9,2400023808,0x0
1786837536.571829210,5.7144,60.9,2400027136,0x0
1786837537.625532896,5.2853,62.0,2400020480,0x0
1786837538.679656717,5.6793,61.5,2400023808,0x0
1786837539.734607062,5.3358,61.5,2400027136,0x0
1786837540.788837253,5.9152,59.8,2400023808,0x0
1786837541.842277569,5.5522,58.7,2400027136,0x0
1786837542.896515908,5.1697,62.6,2400030464,0x0
1786837543.950044556,5.7956,62.0,2400020480,0x0
1786837545.003817176,6.0048,60.4,2400020480,0x0
1786837546.057740951,5.1625,60.4,2400027136,0x0
1786837547.111727883,5.7463,60.4,2400020480,0x0
1786837548.165249142,5.7588,62.0,2400020480,0x0
1786837549.220098495,5.2599,62.6,2400023808,0x0
1786837550.275541058,5.8982,61.5,2400023808,0x0
1786837551.331706422,5.5274,62.6,2400030464,0x0
1786837552.385045349,5.4840,62.0,2400020480,0x0
1786837553.538772296,5.3936,60.9,2400023808,0x0
1786837554.592598868,5.2116,61.5,2400030464,0x0
1786837555.645783211,5.6710,61.5,2400030464,0x0
1786837556.700080132,5.3635,62.0,2400023808,0x0
1786837557.752797219,5.9745,60.9,2400020480,0x0
1786837558.806132479,5.4436,60.9,2400020480,0x0
1786837559.858161663,5.3034,60.4,2400027136,0x0
1786837560.911281424,4.4394,62.6,2400030464,0x0
1786837561.964079179,5.1391,60.4,2400033792,0x0
1786837563.017755197,6.1569,61.5,2400020480,0x0
1786837564.074351392,5.7248,60.4,2400027136,0x0
1786837565.229999662,5.1432,61.5,2400027136,0x0
1786837566.284004354,5.0670,60.4,2400033792,0x0
1786837567.338534608,5.7832,60.9,2400030464,0x0
1786837568.392946223,4.9203,62.6,2400020480,0x0
1786837569.446668575,5.0613,60.9,2400023808,0x0
1786837570.500132567,4.8885,60.4,2400020480,0x0
1786837571.553310238,5.6339,60.4,2400027136,0x0
1786837572.607615559,5.0245,60.4,2400030464,0x0
1786837573.661200173,5.9374,60.4,2400023808,0x0
1786837574.714195855,5.5095,60.9,2400020480,0x0
1786837575.767541081,5.4023,60.9,2400027136,0x0
1786837576.822946398,4.9987,61.5,2400027136,0x0
1786837577.877079603,5.0192,61.5,2400023808,0x0
1786837578.931236484,5.3051,61.5,2400033792,0x0
1786837579.984306714,5.2438,62.0,2400020480,0x0
1786837581.037473416,5.0574,61.5,2400027136,0x0
1786837582.092333452,5.2753,61.5,2400020480,0x0
1786837583.146598296,4.9442,61.5,2400020480,0x0
1786837584.201225927,5.6640,61.5,2400020480,0x0
1786837585.253862172,5.3051,62.0,2400033792,0x0
1786837586.307584568,6.0720,61.5,2400027136,0x0
1786837587.360849440,4.9448,60.4,2400023808,0x0
1786837588.414110710,5.8314,61.5,2400030464,0x0
1786837589.468862871,4.9718,60.9,2400027136,0x0
1786837590.522793121,5.6727,61.5,2400020480,0x0
1786837591.572116556,5.5086,59.8,2400033792,0x0
1786837592.627012227,6.0962,63.1,2400030464,0x0
1786837593.681360523,5.2103,60.9,2400023808,0x0
1786837594.734740427,5.1455,60.9,2400027136,0x0
1786837595.788368432,5.3033,61.5,2400027136,0x0
1786837596.842976720,6.2445,62.0,2400023808,0x0
1786837597.897275834,5.5922,60.9,2400023808,0x0
1786837598.951271645,5.0368,61.5,2400023808,0x0
1786837600.004160528,5.9096,61.5,2400030464,0x0
1786837601.058872392,5.0116,60.9,2400020480,0x0
1786837602.111413483,5.5685,60.9,2400023808,0x0
1786837603.164496525,5.2225,62.0,2400027136,0x0
1786837604.218588589,5.4687,60.9,2400027136,0x0
1786837605.271549597,5.1761,61.5,2400027136,0x0
1786837606.326227197,5.3648,60.9,2400020480,0x0
1786837607.379548353,5.8710,61.5,2400027136,0x0
1786837608.434288899,5.5673,61.5,2400033792,0x0
1786837609.488739364,5.4649,61.5,2400030464,0x0
1786837610.543349302,5.2167,61.5,2400027136,0x0
1786837611.596876257,5.7908,61.5,2400023808,0x0
1786837612.650305648,5.1744,60.9,2400023808,0x0
1786837613.704645267,5.2227,61.5,2400030464,0x0
1786837614.759975149,5.8518,62.0,2400030464,0x0
1786837615.813175184,5.3218,62.0,2400033792,0x0
1786837616.866476859,5.8069,60.9,2400027136,0x0
1786837617.921797920,5.0946,60.9,2400020480,0x0
1786837618.975767167,5.9762,62.6,2400020480,0x0
1786837620.029196835,5.3095,61.5,2400030464,0x0
1786837621.083593619,5.3092,61.5,2400030464,0x0
1786837622.136706642,4.9808,62.6,2400030464,0x0
1786837623.189994954,5.0222,60.9,2400023808,0x0
1786837624.243906160,5.2770,59.8,2400020480,0x0
1786837625.297404435,4.2290,61.5,2400033792,0x0
1786837626.351888734,5.8561,62.0,2400023808,0x0
1786837627.405800565,5.1549,62.0,2400020480,0x0
1786837628.458329044,4.5802,59.3,2400030464,0x0
1786837629.512138286,4.7980,59.3,2400023808,0x0
1786837630.569401702,5.3116,62.0,2400027136,0x0
1786837631.623219205,5.3240,61.5,2400030464,0x0
1786837632.675857745,5.6031,60.9,2400030464,0x0
1786837633.728680258,4.7897,60.9,2400020480,0x0
1786837634.782453053,4.8777,61.5,2400023808,0x0
1786837635.836551912,4.4660,61.5,2400020480,0x0
1786837636.889949898,5.1627,61.5,2400020480,0x0
1786837637.943270376,4.9755,59.8,2400033792,0x0
1786837638.996401755,5.3214,62.0,2400027136,0x0
1786837640.050777840,5.9016,60.9,2400023808,0x0
1786837641.104959919,5.5869,60.4,2400020480,0x0
1786837642.157978016,5.3009,61.5,2400033792,0x0
1786837643.211825044,5.7832,62.0,2400030464,0x0
1786837644.265184975,4.4529,60.9,2400023808,0x0
1786837645.318251586,4.9447,61.5,2400033792,0x0
1786837646.372742142,5.3148,61.5,2400020480,0x0
1786837647.426007699,6.0736,59.8,2400027136,0x0
1786837648.480837942,5.2049,61.5,2400030464,0x0
1786837649.534719054,5.3598,61.5,2400030464,0x0
1786837650.588128217,5.3326,60.9,2400023808,0x0
1786837651.641837185,4.9932,61.5,2400033792,0x0
1786837652.695907032,5.5218,62.0,2400027136,0x0
1786837653.749864743,5.4352,62.0,2400033792,0x0
1786837654.803470244,5.9327,60.9,2400023808,0x0
1786837655.857475273,5.1497,62.0,2400023808,0x0
1786837656.911434109,5.2202,61.5,2400030464,0x0
1786837657.964685443,5.9245,61.5,2400020480,0x0
1786837659.017805991,5.7270,63.1,2400027136,0x0
1786837660.070795552,5.9195,62.6,2400020480,0x0
1786837661.125716888,4.5015,60.9,2400027136,0x0
1786837662.179379559,5.6215,61.5,2400023808,0x0
1786837663.227189723,5.4089,60.9,2400037120,0x0
1786837664.281067878,4.4683,62.0,2400030464,0x0
1786837665.335711576,5.0219,61.5,2400030464,0x0
1786837666.388912424,5.2382,61.5,2400027136,0x0
1786837667.443318071,4.9765,63.1,2400027136,0x0
1786837668.496965124,5.8794,63.1,2400030464,0x0
1786837669.550932315,5.8028,60.9,2400027136,0x0
1786837670.604241392,5.2096,62.0,2400023808,0x0
1786837671.657727109,5.8644,61.5,2400020480,0x0
1786837672.711765371,5.2669,61.5,2400027136,0x0
1786837673.764680095,5.2921,60.9,2400033792,0x0
1786837674.817715386,5.9059,62.6,2400027136,0x0
1786837675.870026396,5.8383,62.6,2400027136,0x0
1786837676.923272356,5.3521,62.0,2400020480,0x0
1786837677.979553586,5.3713,60.9,2400033792,0x0
1786837679.033783080,5.4457,60.9,2400027136,0x0
1786837680.087434923,5.8604,61.5,2400023808,0x0
1786837681.141168888,5.5571,61.5,2400030464,0x0
1786837682.195013734,6.0077,60.4,2400033792,0x0
1786837683.248329576,5.2291,62.0,2400020480,0x0
1786837684.302024779,5.4108,62.6,2400027136,0x0
1786837685.354666222,4.9954,60.9,2400033792,0x0
1786837686.407697508,5.2514,61.5,2400023808,0x0
1786837687.461619781,5.2176,61.5,2400020480,0x0
1786837688.515237085,5.8329,60.9,2400030464,0x0
1786837689.568304313,5.9378,61.5,2400020480,0x0
1786837690.622141287,5.2977,61.5,2400023808,0x0
1786837691.675008427,5.7785,60.9,2400030464,0x0
1786837692.729231867,5.3196,61.5,2400027136,0x0
1786837693.783128746,5.3678,62.0,2400030464,0x0
1786837694.837111487,5.3244,60.4,2400030464,0x0
1786837695.891174092,5.0226,60.4,2400020480,0x0
1786837696.948733815,5.8632,62.0,2400030464,0x0
1786837698.004021786,5.8401,60.9,2400023808,0x0
1786837699.057361819,5.9072,60.9,2400027136,0x0
1786837700.111234563,6.0135,61.5,2400027136,0x0
1786837701.164799081,5.2599,60.4,2400030464,0x0
1786837702.219262197,5.1833,61.5,2400027136,0x0
1786837703.273491918,5.1065,61.5,2400027136,0x0
1786837704.326296031,5.0927,62.6,2400027136,0x0
1786837705.379730929,4.7999,60.9,2400033792,0x0
1786837706.434551367,5.2463,60.9,2400033792,0x0
1786837707.488040677,5.7487,61.5,2400023808,0x0
1786837708.542751232,4.9989,62.0,2400023808,0x0
1786837709.596288102,5.2316,61.5,2400030464,0x0
1786837710.650692034,4.2788,60.9,2400027136,0x0
1786837711.704252317,5.8849,61.5,2400027136,0x0
1786837712.759546859,5.3662,62.0,2400020480,0x0
1786837713.813412904,5.0937,62.0,2400027136,0x0
1786837714.866741650,5.8459,62.6,2400027136,0x0
1786837715.920836476,5.2952,59.3,2400027136,0x0
1786837716.973859525,5.6729,60.9,2400023808,0x0
1786837718.028968072,4.6315,61.5,2400033792,0x0
1786837719.081898867,5.9018,61.5,2400027136,0x0
1786837720.136660199,5.2439,61.5,2400030464,0x0
1786837721.191442543,5.5291,61.5,2400033792,0x0
1786837722.245016295,5.5222,61.5,2400027136,0x0
1786837723.299046705,5.3710,60.9,2400030464,0x0
1786837724.352822351,5.7144,60.9,2400023808,0x0
1786837725.407245948,4.9058,60.9,2400023808,0x0
1786837726.460605935,5.8308,61.5,2400027136,0x0
1786837727.515759848,5.0175,62.0,2400030464,0x0
1786837728.568810713,5.2806,60.9,2400027136,0x0
1786837729.621721313,5.7874,63.1,2400030464,0x0
1786837730.676118341,4.7231,61.5,2400020480,0x0
1786837731.730088958,5.2938,60.9,2400023808,0x0
1786837732.884115309,5.0573,61.5,2400020480,0x0
1786837733.936773921,5.8584,60.4,2400030464,0x0
1786837734.990453335,6.0815,60.9,2400020480,0x0
1786837736.044719831,5.7911,62.0,2400023808,0x0
1786837737.099230726,5.7435,61.5,2400023808,0x0
1786837738.153811558,5.1461,62.0,2400023808,0x0
1786837739.208866566,5.3841,61.5,2400023808,0x0
1786837740.262802038,5.6944,61.5,2400023808,0x0
1786837741.315791992,5.4045,61.5,2400027136,0x0
1786837742.369650601,5.5562,61.5,2400023808,0x0
1786837743.422976595,5.2375,60.4,2400033792,0x0
1786837744.476277213,6.1044,62.6,2400020480,0x0
1786837745.530582614,5.3837,60.9,2400030464,0x0
1786837746.583287798,5.9123,60.9,2400030464,0x0
1786837747.636421583,5.1273,60.9,2400027136,0x0
1786837748.689748065,5.1291,59.8,2400023808,0x0
1786837749.745475116,6.2163,60.9,2400020480,0x0
1786837750.800630146,5.9979,62.0,2400030464,0x0
1786837751.855281248,5.6855,61.5,2400033792,0x0
1786837752.909843011,5.3511,60.4,2400020480,0x0
1786837753.964630765,4.9429,60.4,2400023808,0x0
1786837755.018363818,4.7457,60.9,2400023808,0x0
1786837756.071866384,6.1760,60.9,2400023808,0x0
1786837757.125763348,5.1785,61.5,2400027136,0x0
1786837758.179937694,5.5154,62.6,2400033792,0x0
1786837759.233591703,5.9384,60.9,2400020480,0x0
1786837760.288596660,5.1255,59.8,2400020480,0x0
1786837761.341452681,5.8173,62.0,2400027136,0x0
1786837762.396155535,5.1600,62.6,2400027136,0x0
1786837763.450248869,4.7791,60.4,2400027136,0x0
1786837764.503450259,4.9025,60.9,2400023808,0x0
1786837765.557170250,4.9709,60.4,2400023808,0x0
1786837766.610591718,5.1677,62.6,2400020480,0x0
1786837767.664552732,5.3119,62.0,2400030464,0x0
1786837768.717734320,4.9540,61.5,2400020480,0x0
1786837769.771981468,5.9410,60.9,2400027136,0x0
1786837770.825535597,5.0086,61.5,2400030464,0x0
1786837771.879132311,5.1403,59.8,2400027136,0x0
1786837772.932491911,5.8596,61.5,2400030464,0x0
1786837773.985882375,5.3586,60.4,2400033792,0x0
1786837775.038759502,5.9559,60.4,2400027136,0x0
1786837776.092322008,5.3385,60.4,2400033792,0x0
1786837777.145833286,5.0913,60.4,2400030464,0x0
1786837778.199414410,5.2445,60.4,2400033792,0x0
1786837779.254130445,5.0008,60.4,2400027136,0x0
1786837780.308398274,5.1015,60.4,2400030464,0x0
1786837781.362195989,5.2354,62.6,2400023808,0x0
1786837782.416016884,5.4144,60.9,2400030464,0x0
1786837783.470162177,4.9555,61.5,2400030464,0x0
1786837784.523827950,5.6170,60.9,2400030464,0x0
1786837785.577735734,4.7656,61.5,2400023808,0x0
1786837786.631008127,5.3855,62.0,2400027136,0x0
1786837787.685199268,5.3334,62.0,2400020480,0x0
1786837788.738515520,5.4710,60.9,2400020480,0x0
1786837789.791700970,5.3878,61.5,2400027136,0x0
1786837790.844826731,5.5835,61.5,2400033792,0x0
1786837791.899577585,4.9306,60.9,2400027136,0x0
1786837792.956632138,5.4587,61.5,2400020480,0x0
1786837794.010833800,5.3030,60.9,2400020480,0x0
1786837795.065302712,5.3573,59.8,2400023808,0x0
1786837796.119069124,5.1288,60.9,2400033792,0x0
1786837797.172792512,5.3023,62.0,2400030464,0x0
1786837798.227053001,5.7531,59.3,2400020480,0x0
1786837799.281226078,5.3517,61.5,2400027136,0x0
1786837800.334777839,5.7423,60.9,2400027136,0x0
1786837801.388344113,5.7149,60.4,2400023808,0x0
1786837802.441648920,6.1627,62.6,2400030464,0x0
1786837803.494238967,4.3021,61.5,2400020480,0x0
1786837804.547507541,5.3003,60.4,2400033792,0x0
1786837805.601101144,5.9622,60.9,2400020480,0x0
1786837806.646850502,5.2113,61.5,2400027136,0x0
1786837807.701236366,4.9333,60.9,2400020480,0x0
1786837808.755108228,5.3691,60.9,2400020480,0x0
1786837809.808233052,5.3596,60.4,2400030464,0x0
1786837810.861796646,5.2185,62.0,2400027136,0x0
1786837811.914781850,5.1918,61.5,2400030464,0x0
1786837812.969370184,5.9626,61.5,2400020480,0x0
1786837814.024518287,5.3246,60.9,2400027136,0x0
1786837815.078724983,5.2708,62.0,2400027136,0x0
1786837816.132853360,5.7102,62.0,2400030464,0x0
1786837817.187388894,4.8969,60.9,2400033792,0x0
1786837818.240811599,5.7749,60.4,2400020480,0x0
1786837819.294314945,5.2668,62.6,2400023808,0x0
1786837820.347904803,5.2842,62.6,2400033792,0x0
1786837821.402073078,5.2608,61.5,2400023808,0x0
1786837822.456644141,6.0498,61.5,2400020480,0x0
1786837823.510015837,6.0423,61.5,2400027136,0x0
1786837824.564522426,5.3011,62.0,2400030464,0x0
1786837825.618650124,5.8215,59.3,2400033792,0x0
1786837826.673492867,5.3235,61.5,2400033792,0x0
1786837827.727217576,5.6717,61.5,2400023808,0x0
1786837828.781635070,5.3891,61.5,2400027136,0x0
1786837829.835810357,5.3635,62.0,2400027136,0x0
1786837830.889299589,5.3933,59.8,2400030464,0x0
1786837831.943099016,5.1837,61.5,2400033792,0x0
1786837832.997859783,5.1738,61.5,2400033792,0x0
1786837834.050316265,5.3363,61.5,2400020480,0x0
1786837835.105310816,5.3200,60.9,2400033792,0x0
1786837836.161627555,5.9713,60.9,2400030464,0x0
1786837837.216761260,5.8484,61.5,2400030464,0x0
1786837838.270140140,5.7410,60.4,2400027136,0x0
1786837839.324926930,5.4158,60.9,2400033792,0x0
1786837840.378511095,5.1796,62.0,2400020480,0x0
1786837841.432053384,5.3737,60.4,2400033792,0x0
1786837842.485840443,5.7227,60.9,2400037120,0x0
1786837843.539461055,5.7759,61.5,2400023808,0x0
1786837844.593065568,5.8125,60.4,2400027136,0x0
1786837845.646701391,5.3860,61.5,2400023808,0x0
1786837846.699951027,6.0492,60.4,2400027136,0x0
1786837847.752770494,5.2050,62.0,2400033792,0x0
1786837848.805638307,5.2956,61.5,2400027136,0x0
1786837849.859864049,5.7157,61.5,2400023808,0x0
1786837850.914500061,5.0868,59.8,2400023808,0x0
1786837851.969031272,5.6030,61.5,2400023808,0x0
1786837853.023269184,5.1868,62.0,2400027136,0x0
1786837854.076934040,4.9809,59.8,2400020480,0x0
1786837855.130129116,5.1265,62.0,2400023808,0x0
1786837856.183201669,5.9472,62.0,2400027136,0x0
1786837857.237293081,5.4742,61.5,2400033792,0x0
1786837858.290940934,5.4208,60.9,2400027136,0x0
1786837859.343939232,5.9408,60.9,2400023808,0x0
1786837860.396663713,4.5759,63.1,2400027136,0x0
1786837861.449278855,5.7691,60.9,2400023808,0x0
1786837862.504063736,5.1501,60.9,2400030464,0x0
1786837863.557703379,5.1929,62.0,2400033792,0x0
1786837864.613029079,5.4178,60.9,2400023808,0x0
1786837865.666473511,5.4203,60.9,2400030464,0x0
1786837866.721342963,5.3567,60.9,2400023808,0x0
1786837867.775811062,5.2773,60.9,2400027136,0x0
1786837868.829652198,5.1754,60.9,2400030464,0x0
1786837869.883610438,5.3208,62.6,2400020480,0x0
1786837870.937255899,5.9377,59.8,2400023808,0x0
1786837871.990724245,5.1982,60.9,2400030464,0x0
1786837873.043731256,3.4306,60.9,2400023808,0x0
1786837874.097963345,4.4761,60.9,2400027136,0x0
1786837875.150258759,4.9963,61.5,2400020480,0x0
1786837876.207053726,5.3778,61.5,2400020480,0x0
1786837877.261025321,5.6516,62.6,2400027136,0x0
1786837878.306486642,5.5924,60.9,2400030464,0x0
1786837879.360703374,5.7337,61.5,2400023808,0x0
1786837880.414923341,4.7961,61.5,2400027136,0x0
1786837881.468983194,4.9859,63.7,2400023808,0x0
1786837882.523039172,5.6144,62.0,2400033792,0x0
1786837883.577122737,6.0227,61.5,2400033792,0x0
1786837884.630623690,6.0005,60.9,2400030464,0x0
1786837885.684591821,5.2044,60.9,2400027136,0x0
1786837886.738435799,5.7808,60.4,2400033792,0x0
1786837887.792817195,5.2272,61.5,2400023808,0x0
1786837888.845366155,5.8696,60.9,2400020480,0x0
1786837889.899856596,5.5427,60.4,2400027136,0x0
1786837890.954097293,6.0371,62.6,2400027136,0x0
1786837892.007203920,5.3073,61.5,2400023808,0x0
1786837893.061806530,4.9280,60.4,2400020480,0x0
1786837894.115407588,5.4702,62.0,2400023808,0x0
1786837895.169115011,5.4520,60.9,2400027136,0x0
1786837896.223457628,5.0654,60.9,2400030464,0x0
1786837897.276889043,5.2896,60.9,2400033792,0x0
1786837898.330568045,5.6975,61.5,2400033792,0x0
1786837899.385444273,5.6662,61.5,2400030464,0x0
1786837900.439115636,4.6374,60.4,2400027136,0x0
1786837901.492307868,5.8268,61.5,2400023808,0x0
1786837902.545273153,5.2280,59.8,2400030464,0x0
1786837903.598266192,5.9550,61.5,2400020480,0x0
1786837904.652466828,4.8773,61.5,2400020480,0x0
1786837905.705203434,5.5054,59.8,2400030464,0x0
1786837906.759438042,5.3885,62.6,2400027136,0x0
1786837907.813443796,4.8383,61.5,2400023808,0x0
1786837908.867184861,5.2567,61.5,2400027136,0x0
1786837909.920904608,4.9519,62.0,2400023808,0x0
1786837910.973979170,5.8323,62.0,2400027136,0x0
1786837912.027668833,5.2739,60.9,2400030464,0x0
1786837913.083197404,5.6611,61.5,2400027136,0x0
1786837914.137349036,5.3429,60.9,2400027136,0x0
1786837915.191579941,5.1666,60.4,2400030464,0x0
1786837916.245723527,5.8721,59.8,2400023808,0x0
1786837917.299142763,5.1013,60.9,2400033792,0x0
1786837918.352781659,5.7983,60.9,2400020480,0x0
1786837919.406341995,4.5721,62.0,2400020480,0x0
1786837920.460816227,5.1086,60.9,2400027136,0x0
1786837921.514500665,4.8830,61.5,2400033792,0x0
1786837922.567941545,5.2493,60.9,2400020480,0x0
1786837923.621994544,5.5466,60.9,2400030464,0x0
1786837924.675497637,5.2695,61.5,2400023808,0x0
1786837925.729163594,5.7191,61.5,2400027136,0x0
1786837926.783153488,5.1451,60.9,2400020480,0x0
1786837927.836632401,5.5755,60.9,2400030464,0x0
1786837928.890640046,5.2849,60.9,2400023808,0x0
1786837929.944155653,4.9470,60.9,2400030464,0x0
1786837931.000769583,5.1796,61.5,2400030464,0x0
1786837932.054299663,4.9852,61.5,2400033792,0x0
1786837933.107990829,5.0735,62.6,2400027136,0x0
1786837934.160840313,5.3202,60.9,2400027136,0x0
1786837935.214362417,5.8572,61.5,2400023808,0x0
1786837936.369192315,5.8679,60.9,2400030464,0x0
1786837937.423248812,5.1843,62.0,2400020480,0x0
1786837938.477606951,5.9451,61.5,2400027136,0x0
1786837939.532520915,5.9695,61.5,2400023808,0x0
1786837940.587630040,5.3126,61.5,2400027136,0x0
1786837941.641940296,5.2678,59.8,2400033792,0x0
1786837942.695630942,4.6486,61.5,2400030464,0x0
1786837943.748923771,5.5629,60.4,2400020480,0x0
1786837944.803132867,5.7036,59.8,2400030464,0x0
1786837945.856386133,5.5496,60.9,2400030464,0x0
1786837946.909592025,4.9339,62.6,2400023808,0x0
1786837947.962082585,5.5964,62.0,2400030464,0x0
1786837949.016843455,5.6846,60.9,2400037120,0x0
1786837950.071238214,5.8115,62.0,2400027136,0x0
1786837951.125961206,4.9484,60.9,2400020480,0x0
1786837952.180473010,5.7061,61.5,2400027136,0x0
1786837953.235340400,5.6243,62.0,2400027136,0x0
1786837954.289206738,5.7164,61.5,2400027136,0x0
1786837955.343081850,5.2331,62.6,2400030464,0x0
1786837956.396124538,5.1090,62.0,2400027136,0x0
1786837957.449656774,6.0725,62.0,2400027136,0x0
1786837958.503269431,5.3479,62.0,2400027136,0x0
1786837959.557044619,5.1897,61.5,2400027136,0x0
1786837960.610821877,5.2690,61.5,2400023808,0x0
1786837961.664079802,4.5435,62.6,2400027136,0x0
1786837962.718280030,5.1944,61.5,2400030464,0x0
1786837963.771189802,4.9958,61.5,2400020480,0x0
1786837964.825622075,5.0334,61.5,2400033792,0x0
1786837965.879548645,4.9766,61.5,2400033792,0x0
1786837966.933618932,5.7314,60.9,2400030464,0x0
1786837967.987055831,5.7702,62.0,2400020480,0x0
1786837969.040957481,5.8061,60.4,2400023808,0x0
1786837970.095001107,5.3477,62.0,2400023808,0x0
1786837971.148303828,5.3320,62.0,2400033792,0x0
1786837972.202560575,5.6196,60.4,2400023808,0x0
1786837973.256654522,5.3280,61.5,2400027136,0x0
1786837974.310861260,5.3529,60.9,2400030464,0x0
1786837975.364252613,5.0051,61.5,2400030464,0x0
1786837976.418605694,5.6579,61.5,2400033792,0x0
1786837977.471473338,5.0990,60.9,2400027136,0x0
1786837978.525031362,5.4907,60.9,2400030464,0x0
1786837979.579598226,5.7380,60.9,2400023808,0x0
1786837980.633475980,5.2085,62.6,2400027136,0x0
1786837981.688325167,5.4887,61.5,2400027136,0x0
1786837982.742427874,5.8217,60.9,2400023808,0x0
1786837983.796912834,5.6358,61.5,2400033792,0x0
1786837984.851560844,5.3612,61.5,2400023808,0x0
1786837985.904590085,5.6992,60.9,2400027136,0x0
1786837986.958308909,5.8215,60.9,2400030464,0x0
1786837988.011900805,4.2898,62.6,2400030464,0x0
1786837989.064767239,5.6336,61.5,2400020480,0x0
1786837990.118815975,5.0941,61.5,2400033792,0x0
1786837991.171691012,6.0193,62.6,2400020480,0x0
1786837992.225143411,5.9446,59.8,2400037120,0x0
1786837993.279890333,5.4256,62.0,2400020480,0x0
1786837994.334553659,5.1426,61.5,2400023808,0x0
1786837995.389026372,5.2136,62.0,2400023808,0x0
1786837996.442491015,4.5214,61.5,2400023808,0x0
1786837997.495963135,5.7948,60.4,2400020480,0x0
1786837998.550741964,5.5282,60.9,2400023808,0x0
1786837999.603632507,5.4975,61.5,2400030464,0x0
1786838000.656587972,4.8755,61.5,2400033792,0x0
1786838001.710329834,4.9600,62.0,2400030464,0x0
1786838002.763270107,5.7346,60.4,2400023808,0x0
1786838003.816962591,5.5312,62.6,2400030464,0x0
1786838004.869393971,5.1926,60.9,2400027136,0x0
1786838005.922016234,5.3612,60.9,2400027136,0x0
1786838006.976303314,5.3598,60.9,2400020480,0x0
1786838008.029879581,5.3869,61.5,2400033792,0x0
1786838009.084554279,5.2476,62.6,2400030464,0x0
1786838010.137900799,4.8839,62.0,2400023808,0x0
1786838011.192331251,5.6959,60.4,2400023808,0x0
1786838012.245933317,5.6917,60.4,2400033792,0x0
1786838013.300230837,5.7309,63.1,2400027136,0x0
1786838014.353172086,4.3902,60.4,2400030464,0x0
1786838015.406867677,5.7206,62.0,2400030464,0x0
1786838016.462247195,5.2468,60.4,2400027136,0x0
1786838017.516412793,5.1115,61.5,2400023808,0x0
1786838018.570570018,5.0739,60.9,2400023808,0x0
1786838019.625001625,5.8854,60.9,2400023808,0x0
1786838020.679687190,4.7089,60.4,2400027136,0x0
1786838021.735158059,5.5927,60.9,2400037120,0x0
1786838022.789685655,5.5566,61.5,2400033792,0x0
1786838023.844328375,5.6198,60.9,2400033792,0x0
1786838024.898633910,5.3710,60.9,2400030464,0x0
1786838025.953517954,5.8832,60.9,2400030464,0x0
1786838027.007775463,5.9652,61.5,2400023808,0x0
1786838028.061792748,5.2760,61.5,2400023808,0x0
1786838029.116454969,5.1679,61.5,2400023808,0x0
1786838030.169922880,5.5933,60.4,2400030464,0x0
1786838031.224869073,5.1867,60.9,2400030464,0x0
1786838032.278215793,6.1590,62.6,2400023808,0x0
1786838033.331974581,5.0464,60.4,2400030464,0x0
1786838034.384758002,6.0216,62.0,2400030464,0x0
1786838035.438103156,5.7871,61.5,2400033792,0x0
1786838036.492878388,5.2127,61.5,2400030464,0x0
1786838037.546901307,5.5675,61.5,2400020480,0x0
1786838038.601135962,5.3438,60.9,2400020480,0x0
1786838039.655678017,5.6993,59.8,2400023808,0x0
1786838040.709455002,5.7241,62.0,2400020480,0x0
1786838041.763595758,5.0387,61.5,2400023808,0x0
1786838042.816725241,5.3282,61.5,2400027136,0x0
1786838043.869983145,5.4548,60.4,2400033792,0x0
1786838044.927996192,4.9407,61.5,2400027136,0x0
1786838045.980731723,5.1341,61.5,2400020480,0x0
1786838047.033710285,5.2141,62.0,2400030464,0x0
1786838048.088020444,5.2562,61.5,2400020480,0x0
1786838049.141037259,5.2701,61.5,2400023808,0x0
1786838050.195318467,5.6585,61.5,2400030464,0x0
1786838051.249985224,4.9641,62.6,2400030464,0x0
1786838052.303714855,5.2414,60.9,2400030464,0x0
1786838053.358006867,5.6400,62.6,2400027136,0x0
1786838054.412150581,5.0021,60.4,2400020480,0x0
1786838055.465308225,5.8340,60.4,2400027136,0x0
1786838056.519352692,5.1601,62.6,2400027136,0x0
1786838057.573236787,5.5997,61.5,2400027136,0x0
1786838058.627001768,5.9098,60.9,2400027136,0x0
1786838059.680695857,5.4291,60.4,2400033792,0x0
1786838060.734478109,5.2959,60.9,2400033792,0x0
1786838061.788290634,5.1411,61.5,2400027136,0x0
1786838062.842260193,5.7266,59.8,2400020480,0x0
1786838063.895649215,5.5641,61.5,2400027136,0x0
1786838064.950457926,5.2065,60.9,2400033792,0x0
1786838066.004802730,5.1500,62.6,2400027136,0x0
1786838067.058349538,5.3057,61.5,2400023808,0x0
1786838068.113037184,5.1432,60.9,2400033792,0x0
1786838069.167272034,5.2935,60.9,2400033792,0x0
1786838070.221379086,5.9105,60.4,2400023808,0x0
1786838071.274887936,5.3493,59.3,2400020480,0x0
1786838072.327970341,5.3346,60.9,2400020480,0x0
1786838073.381258038,5.9640,60.9,2400027136,0x0
1786838074.436153125,5.3352,62.6,2400023808,0x0
1786838075.489415594,5.8097,60.9,2400023808,0x0
1786838076.543311738,5.6325,61.5,2400020480,0x0
1786838077.596937845,5.8093,62.0,2400030464,0x0
1786838078.650665799,5.0789,61.5,2400030464,0x0
1786838079.704682026,5.0038,60.9,2400030464,0x0
1786838080.758265401,5.5896,59.3,2400030464,0x0
1786838081.812088085,5.5467,62.0,2400020480,0x0
1786838082.865250272,5.2506,60.9,2400023808,0x0
1786838083.919041080,4.4766,59.3,2400033792,0x0
1786838084.973418176,5.6525,61.5,2400020480,0x0
1786838086.027634270,5.7537,62.0,2400020480,0x0
1786838087.080803702,5.3953,61.5,2400023808,0x0
1786838088.135794839,5.9491,60.9,2400027136,0x0
1786838089.190300958,5.4244,60.4,2400027136,0x0
1786838090.244110394,5.9202,59.8,2400027136,0x0
1786838091.299165891,5.0178,60.9,2400027136,0x0
1786838092.352946987,5.4153,59.8,2400030464,0x0
1786838093.407057412,5.1916,60.9,2400027136,0x0
1786838094.460671411,5.2135,61.5,2400023808,0x0
1786838095.514282462,5.0818,60.9,2400023808,0x0
1786838096.567650642,5.2760,61.5,2400020480,0x0
1786838097.620997893,5.3064,61.5,2400030464,0x0
1786838098.674937747,6.1448,60.9,2400033792,0x0
1786838099.729695443,5.5717,60.9,2400030464,0x0
1786838100.782599226,5.3246,60.9,2400020480,0x0
1786838101.835462394,5.9021,60.4,2400023808,0x0
1786838102.890641077,4.9006,60.9,2400027136,0x0
1786838103.942805745,4.8631,62.0,2400030464,0x0
1786838104.996042160,5.1218,61.5,2400030464,0x0
1786838106.050549432,5.8459,60.4,2400030464,0x0
1786838107.104070746,4.9744,60.9,2400033792,0x0
1786838108.157548483,5.1592,60.9,2400030464,0x0
1786838109.210910070,5.2895,60.9,2400027136,0x0
1786838110.264634076,5.8567,60.9,2400020480,0x0
1786838111.318742910,4.5739,60.9,2400023808,0x0
1786838112.372615020,4.9400,60.4,2400023808,0x0
1786838113.425857947,5.6803,61.5,2400020480,0x0
1786838114.479908198,5.4269,61.5,2400033792,0x0
1786838115.533114157,5.6901,62.6,2400027136,0x0
1786838116.587133068,5.4415,62.6,2400033792,0x0
1786838117.641297105,5.3695,60.9,2400020480,0x0
1786838118.694079965,5.8497,60.4,2400027136,0x0
1786838119.747464392,5.1361,61.5,2400033792,0x0
1786838120.800789889,5.8313,59.8,2400023808,0x0
1786838121.854465011,5.7503,61.5,2400020480,0x0
1786838122.907783558,5.1538,60.9,2400023808,0x0
1786838123.960806031,5.2299,60.4,2400020480,0x0
1786838125.013943981,5.3298,60.9,2400020480,0x0
1786838126.068008106,6.1692,60.4,2400027136,0x0
1786838127.122539538,5.2938,60.9,2400023808,0x0
1786838128.176647990,5.8070,61.5,2400030464,0x0
1786838129.230556292,5.3275,59.8,2400030464,0x0
1786838130.283642357,4.8719,61.5,2400027136,0x0
1786838131.337269008,5.2482,60.9,2400023808,0x0
1786838132.390804415,5.0091,62.6,2400030464,0x0
1786838133.444604169,5.2393,60.9,2400023808,0x0
1786838134.497723593,5.1484,59.8,2400033792,0x0
1786838135.550792755,5.3633,60.9,2400020480,0x0
1786838136.605380660,5.0828,60.9,2400030464,0x0
1786838137.658746924,5.1748,61.5,2400027136,0x0
1786838138.712695736,5.6145,60.4,2400023808,0x0
1786838139.765991699,4.9880,61.5,2400033792,0x0
1786838140.819954339,5.2133,62.0,2400020480,0x0
1786838141.874320083,5.2958,61.5,2400030464,0x0
1786838142.928160903,5.9722,61.5,2400033792,0x0
1786838143.982794436,4.4934,60.9,2400033792,0x0
1786838145.036360382,5.0756,61.5,2400030464,0x0
1786838146.090626912,5.3725,61.5,2400030464,0x0
1786838147.143909003,5.2489,60.9,2400030464,0x0
1786838148.197185387,5.6768,61.5,2400027136,0x0
1786838149.251462297,4.5305,59.8,2400030464,0x0
1786838150.307382505,5.4850,61.5,2400037120,0x0
1786838151.362277570,5.1066,60.9,2400030464,0x0
1786838152.416926468,5.6090,61.5,2400027136,0x0
1786838153.470299745,4.9443,61.5,2400023808,0x0
1786838154.523632204,5.2479,62.0,2400027136,0x0
1786838155.576667034,5.4353,60.9,2400020480,0x0
1786838156.631834101,5.3735,60.9,2400027136,0x0
1786838157.685179663,5.6370,61.5,2400020480,0x0
1786838158.739362307,5.3429,62.6,2400023808,0x0
1786838159.792458607,5.6599,61.5,2400033792,0x0
1786838160.845908733,5.7153,61.5,2400030464,0x0
1786838161.898483420,5.5402,62.0,2400020480,0x0
1786838162.952755052,5.0244,62.0,2400030464,0x0
1786838164.006069153,5.2010,60.9,2400020480,0x0
1786838165.060310317,5.6932,60.9,2400030464,0x0
1786838166.114208111,5.4683,61.5,2400020480,0x0
1786838167.167464797,5.8228,62.0,2400023808,0x0
1786838168.221746600,5.3552,63.1,2400023808,0x0
1786838169.275480054,5.6048,61.5,2400020480,0x0
1786838170.328871008,5.5527,62.0,2400023808,0x0
1786838171.381789315,5.8888,61.5,2400023808,0x0
1786838172.435575130,5.0678,60.9,2400030464,0x0
1786838173.490134399,5.5864,61.5,2400030464,0x0
1786838174.545117161,6.0555,62.0,2400023808,0x0
1786838175.598094938,5.4168,59.8,2400030464,0x0
1786838176.651849595,5.1996,62.6,2400023808,0x0
1786838177.705484639,5.7952,61.5,2400020480,0x0
1786838178.758844552,5.3609,60.9,2400033792,0x0
1786838179.812801977,4.8599,61.5,2400020480,0x0
1786838180.867065340,5.8791,62.6,2400033792,0x0
1786838181.921206388,5.1627,61.5,2400033792,0x0
1786838182.975081156,5.0990,62.0,2400033792,0x0
1786838184.028103319,5.1873,61.5,2400030464,0x0
1786838185.082487393,5.2491,61.5,2400027136,0x0
1786838186.136074545,5.6601,62.6,2400027136,0x0
1786838187.190181208,4.9590,60.9,2400027136,0x0
1786838188.243143527,5.2083,60.9,2400027136,0x0
1786838189.297101539,5.4244,60.9,2400023808,0x0
1786838190.349575412,5.2941,61.5,2400023808,0x0
1786838191.403276143,4.9768,61.5,2400027136,0x0
1786838192.455840102,6.1587,60.9,2400023808,0x0
1786838193.511110777,5.2939,62.0,2400033792,0x0
1786838194.564960628,5.5108,62.0,2400030464,0x0
1786838195.619030919,5.6026,60.9,2400030464,0x0
1786838196.672687507,5.2934,61.5,2400023808,0x0
1786838197.727064327,4.6391,61.5,2400020480,0x0
1786838198.780031379,5.4831,60.9,2400033792,0x0
1786838199.834156363,5.8381,62.0,2400030464,0x0
1786838200.888267733,5.6855,60.9,2400023808,0x0
1786838201.940513450,4.9562,60.4,2400023808,0x0
1786838202.994162634,5.6626,61.5,2400027136,0x0
1786838204.047756982,5.1823,60.4,2400020480,0x0
1786838205.100738481,5.8840,60.9,2400020480,0x0
1786838206.154713117,4.9278,60.9,2400023808,0x0
1786838207.208018367,5.2316,62.0,2400033792,0x0
1786838208.262399143,4.6886,61.5,2400030464,0x0
1786838209.315560352,5.9829,61.5,2400027136,0x0
1786838210.369649885,5.6081,62.0,2400027136,0x0
1786838211.422347593,5.3155,60.9,2400033792,0x0
1786838212.476741025,5.3008,61.5,2400023808,0x0
1786838213.529867595,5.0396,61.5,2400030464,0x0
1786838214.582883515,6.1306,61.5,2400030464,0x0
1786838215.636807462,5.5700,60.9,2400037120,0x0
1786838216.689230624,5.2040,62.0,2400030464,0x0
1786838217.742623329,5.5834,60.9,2400033792,0x0
1786838218.795479149,5.2365,61.5,2400020480,0x0
1786838219.849425085,5.2192,61.5,2400030464,0x0
1786838220.902351862,5.0054,61.5,2400027136,0x0
1786838221.956001315,5.7311,62.0,2400030464,0x0
1786838223.010704163,5.6153,61.5,2400020480,0x0
1786838224.064290241,4.9391,62.0,2400023808,0x0
1786838225.117773207,5.0447,61.5,2400030464,0x0
1786838226.171640870,4.2881,62.0,2400023808,0x0
1786838227.225317828,5.4875,62.6,2400033792,0x0
1786838228.279467966,5.3446,62.0,2400027136,0x0
1786838229.332992217,5.5535,61.5,2400027136,0x0
1786838230.386226339,5.1058,60.9,2400030464,0x0
1786838231.439155572,5.8428,59.8,2400023808,0x0
1786838232.493188015,5.6419,60.9,2400027136,0x0
1786838233.545971726,5.6547,61.5,2400030464,0x0
1786838234.599067451,5.8125,61.5,2400023808,0x0
1786838235.651951453,5.3377,62.0,2400030464,0x0
1786838236.705945775,5.6345,62.6,2400027136,0x0
1786838237.760648571,5.6153,62.0,2400023808,0x0
1786838238.815114070,5.1980,62.6,2400030464,0x0
1786838239.870297487,5.2798,62.0,2400030464,0x0
1786838240.924156838,5.6322,62.6,2400027136,0x0
1786838241.978263259,5.1471,60.9,2400020480,0x0
1786838243.031289372,5.6040,60.9,2400020480,0x0
1786838244.085142883,5.2725,61.5,2400030464,0x0
1786838245.139137909,4.9137,60.4,2400020480,0x0
1786838246.193205006,5.9696,62.0,2400030464,0x0
1786838247.246861530,4.5733,60.9,2400030464,0x0
1786838248.300240869,5.6372,61.5,2400020480,0x0
1786838249.355227580,5.0362,61.5,2400023808,0x0
1786838250.409155687,5.8076,63.1,2400033792,0x0
1786838251.464002636,5.5457,60.9,2400030464,0x0
1786838252.517012746,5.5030,61.5,2400033792,0x0
1786838253.569798783,5.4003,60.9,2400030464,0x0
1786838254.623294606,5.0991,61.5,2400020480,0x0
1786838255.676377820,5.4522,62.0,2400030464,0x0
1786838256.730156989,5.3259,62.0,2400023808,0x0
1786838257.783553492,5.7027,61.5,2400027136,0x0
1786838258.837509654,5.1976,60.9,2400023808,0x0
1786838259.890307769,6.1140,62.0,2400033792,0x0
1786838260.944873791,5.2897,60.9,2400023808,0x0
1786838261.998544153,5.4771,60.9,2400030464,0x0
1786838263.051641388,5.3632,61.5,2400023808,0x0
1786838264.103896739,5.7263,62.6,2400027136,0x0
1786838265.156771619,5.2223,60.4,2400030464,0x0
1786838266.213049615,5.4530,62.6,2400023808,0x0
1786838267.268492857,5.0612,62.6,2400030464,0x0
1786838268.424846265,5.1113,63.7,2400020480,0x0
1786838269.478858459,5.9643,63.1,2400030464,0x0
1786838270.532834096,5.6318,62.6,2400030464,0x0
1786838271.585849127,5.2649,62.6,2400033792,0x0
1786838272.639327653,5.0346,60.9,2400030464,0x0
1786838273.693135043,5.6724,63.7,2400030464,0x0
1786838274.746041995,5.2267,60.9,2400020480,0x0
1786838275.798967982,5.9457,63.1,2400023808,0x0
1786838276.853566229,5.1937,62.6,2400033792,0x0
1786838277.907401777,5.8851,61.5,2400027136,0x0
1786838278.960893937,5.3518,62.6,2400030464,0x0
1786838280.016406485,5.0760,61.5,2400027136,0x0
1786838281.070487043,5.9880,59.8,2400023808,0x0
1786838282.124877206,5.6399,61.5,2400027136,0x0
1786838283.178261562,5.4446,62.0,2400020480,0x0
1786838284.232702981,5.8884,60.9,2400033792,0x0
1786838285.286692975,5.9537,62.0,2400023808,0x0
1786838286.341242777,5.6240,61.5,2400030464,0x0
1786838287.393954333,5.9722,61.5,2400027136,0x0
1786838288.447036051,5.1520,62.6,2400033792,0x0
1786838289.500790224,5.3336,62.0,2400030464,0x0
1786838290.555534348,5.7589,61.5,2400033792,0x0
1786838291.607715734,4.9848,61.5,2400027136,0x0
1786838292.661140089,4.0509,61.5,2400030464,0x0
1786838293.712857289,4.9991,62.6,2400020480,0x0
1786838294.767466684,5.1768,62.6,2400030464,0x0
1786838295.822116669,4.9053,62.6,2400033792,0x0
1786838296.875793938,5.2465,62.0,2400027136,0x0
1786838297.930197921,3.4107,60.9,2400020480,0x0
1786838298.984564125,5.9006,62.0,2400027136,0x0
1786838300.038494534,4.7316,60.9,2400030464,0x0
1786838301.091481152,5.9458,60.9,2400023808,0x0
1786838302.145419908,5.7207,63.1,2400027136,0x0
1786838303.198947962,5.4522,60.9,2400030464,0x0
1786838304.251450653,6.1176,62.0,2400030464,0x0
1786838305.305664234,5.0598,60.9,2400030464,0x0
1786838306.358074977,5.6519,62.0,2400027136,0x0
1786838307.412994343,5.8693,61.5,2400033792,0x0
1786838308.467302250,5.5237,63.1,2400023808,0x0
1786838309.521729228,5.7139,62.6,2400033792,0x0
1786838310.576311795,5.3014,62.6,2400033792,0x0
1786838311.629940665,5.1396,60.4,2400020480,0x0
1786838312.683410349,6.1235,61.5,2400030464,0x0
1786838313.737414489,5.8892,60.9,2400020480,0x0
1786838314.790934705,5.3604,62.6,2400030464,0x0
1786838315.843945701,5.2221,60.4,2400023808,0x0
1786838316.897342840,5.4786,60.4,2400023808,0x0
1786838317.951997040,4.8206,62.6,2400027136,0x0
1786838319.004970031,5.9797,60.9,2400023808,0x0
1786838320.058848308,4.9001,62.0,2400030464,0x0
1786838321.112579750,5.6943,61.5,2400027136,0x0
1786838322.165122535,5.1709,62.0,2400037120,0x0
1786838323.219519468,5.2506,61.5,2400030464,0x0
1786838324.273185590,5.5463,61.5,2400027136,0x0
1786838325.327292002,5.6174,60.9,2400033792,0x0
1786838326.381431450,5.5846,62.6,2400033792,0x0
1786838327.435397360,5.8476,62.0,2400030464,0x0
1786838328.488930549,5.2949,61.5,2400023808,0x0
1786838329.543628763,5.4161,62.6,2400030464,0x0
1786838330.596849025,5.3956,61.5,2400027136,0x0
1786838331.650182692,5.0594,61.5,2400027136,0x0
1786838332.703177693,4.6931,62.6,2400027136,0x0
1786838333.757269368,5.7558,60.9,2400030464,0x0
1786838334.809617722,5.1084,62.0,2400027136,0x0
1786838335.863749818,5.2901,60.9,2400020480,0x0
1786838336.918576665,5.0461,60.9,2400023808,0x0
1786838337.973208660,5.1589,62.6,2400023808,0x0
1786838339.026755200,5.2448,62.0,2400030464,0x0
1786838340.080833048,5.3133,59.8,2400023808,0x0
1786838341.135046652,5.8350,61.5,2400023808,0x0
1786838342.189038885,5.8497,62.0,2400020480,0x0
1786838343.242824118,5.6405,62.6,2400027136,0x0
1786838344.296384852,5.3672,61.5,2400033792,0x0
1786838345.349621993,5.8419,61.5,2400020480,0x0
1786838346.404154788,5.2227,62.6,2400020480,0x0
1786838347.458454620,5.6434,62.0,2400023808,0x0
1786838348.511042262,5.2427,61.5,2400033792,0x0
1786838349.564133656,6.1228,61.5,2400027136,0x0
1786838350.618150763,5.3980,60.9,2400030464,0x0
1786838351.672785992,5.1609,61.5,2400027136,0x0
1786838352.726801743,4.9817,62.0,2400033792,0x0
1786838353.780971064,5.3215,62.0,2400030464,0x0
1786838354.834425409,5.1588,62.6,2400027136,0x0
1786838355.887745419,5.7749,61.5,2400023808,0x0
1786838356.942194010,5.8114,61.5,2400027136,0x0
1786838357.995829218,5.1086,61.5,2400030464,0x0
1786838359.048756430,4.9521,62.0,2400027136,0x0
1786838360.102545910,5.5692,61.5,2400020480,0x0
1786838361.155194639,5.7352,59.8,2400030464,0x0
1786838362.209136948,5.7437,62.6,2400020480,0x0
1786838363.261110698,5.3731,61.5,2400020480,0x0
1786838364.314572284,5.1839,63.1,2400027136,0x0
1786838365.367254506,5.3465,61.5,2400027136,0x0
1786838366.422040002,5.2822,62.0,2400027136,0x0
1786838367.476685721,4.8783,61.5,2400020480,0x0
1786838368.530829424,5.1145,59.8,2400030464,0x0
1786838369.584877773,3.1043,63.1,2400023808,0x0
1786838370.639334266,6.1849,61.5,2400033792,0x0
1786838371.692856672,5.6080,61.5,2400027136,0x0
1786838372.747392697,5.5795,61.5,2400033792,0x0
1786838373.800657065,5.7278,61.5,2400023808,0x0
1786838374.855130550,5.2257,62.0,2400030464,0x0
1786838375.908855706,5.6500,61.5,2400030464,0x0
1786838376.961632499,5.0871,61.5,2400033792,0x0
1786838378.015029506,5.6013,62.0,2400030464,0x0
1786838379.069603113,5.2773,62.0,2400033792,0x0
1786838380.124082699,5.0331,62.6,2400027136,0x0
1786838381.178639080,5.4815,62.0,2400027136,0x0
1786838382.232930849,4.3766,60.9,2400030464,0x0
1786838383.287114674,5.0901,62.6,2400027136,0x0
1786838384.340281580,5.5804,60.9,2400030464,0x0
1786838385.394237162,5.9674,62.6,2400023808,0x0
1786838386.448029226,5.1310,61.5,2400027136,0x0
1786838387.501046498,4.5993,60.9,2400030464,0x0
1786838388.553803752,5.7721,61.5,2400020480,0x0
1786838389.607765920,5.3863,62.6,2400023808,0x0
1786838390.661649049,5.6858,62.0,2400033792,0x0
1786838391.714278151,5.2386,60.9,2400027136,0x0
1786838392.767836632,5.6575,61.5,2400033792,0x0
1786838393.821248964,5.2494,62.0,2400033792,0x0
1786838394.875484583,5.3499,60.9,2400030464,0x0
1786838395.929696812,5.3255,62.0,2400033792,0x0
1786838396.984344257,5.1175,61.5,2400020480,0x0
1786838398.038206226,5.4697,61.5,2400023808,0x0
1786838399.091958176,5.6113,61.5,2400027136,0x0
1786838400.145533829,5.6762,59.8,2400027136,0x0
1786838401.198730132,4.4827,63.1,2400020480,0x0
1786838402.251941563,4.9301,62.0,2400023808,0x0
1786838403.305730765,5.4253,61.5,2400023808,0x0
1786838404.359733741,5.1145,60.9,2400030464,0x0
1786838405.414070749,5.3638,60.9,2400020480,0x0
1786838406.467335061,5.3598,62.6,2400030464,0x0
1786838407.521409124,5.2761,60.9,2400030464,0x0
1786838408.575229150,5.7265,61.5,2400023808,0x0
1786838409.629596410,5.3060,60.9,2400020480,0x0
1786838410.683511746,4.8181,61.5,2400033792,0x0
1786838411.738071001,5.2118,62.0,2400027136,0x0
1786838412.791651282,5.7331,62.6,2400023808,0x0
1786838413.846055720,5.8355,62.0,2400033792,0x0
1786838414.900692765,5.4842,60.9,2400020480,0x0
1786838415.954483743,5.5479,61.5,2400023808,0x0
1786838417.007434207,6.1679,62.0,2400033792,0x0
1786838418.061729084,5.1336,60.9,2400027136,0x0
1786838419.115236040,5.9619,61.5,2400027136,0x0
1786838420.168473960,5.7221,61.5,2400030464,0x0
1786838421.221644453,5.9454,60.9,2400030464,0x0
1786838422.274619224,5.2829,60.9,2400037120,0x0
1786838423.329491235,5.1356,60.9,2400023808,0x0
1786838424.383778379,5.6053,61.5,2400027136,0x0
1786838425.437758210,5.5785,62.0,2400030464,0x0
1786838426.491811075,5.9465,62.0,2400030464,0x0
1786838427.545650959,5.7860,62.0,2400027136,0x0
1786838428.599573119,5.1027,61.5,2400027136,0x0
1786838429.653429574,5.1738,62.0,2400020480,0x0
1786838430.706706550,5.1640,60.9,2400023808,0x0
1786838431.760500410,5.2526,60.4,2400027136,0x0
1786838432.813099501,5.6289,62.0,2400023808,0x0
1786838433.866733155,5.2077,61.5,2400030464,0x0
1786838434.919064745,5.3091,61.5,2400023808,0x0
1786838435.972332695,5.0429,60.4,2400023808,0x0
1786838437.026492413,4.9810,61.5,2400033792,0x0
1786838438.080251374,5.8997,60.4,2400027136,0x0
1786838439.134602421,5.7120,62.0,2400020480,0x0
1786838440.189271055,4.9900,62.0,2400020480,0x0
1786838441.242388980,4.9673,61.5,2400033792,0x0
1786838442.296378081,5.9652,62.6,2400023808,0x0
1786838443.350253810,5.1901,60.9,2400033792,0x0
1786838444.403917800,5.1623,61.5,2400027136,0x0
1786838445.457868840,5.6850,61.5,2400020480,0x0
1786838446.512654131,5.0807,62.0,2400033792,0x0
1786838447.565773898,5.6516,62.0,2400030464,0x0
1786838448.618942070,5.6796,62.6,2400033792,0x0
1786838449.671735911,5.6832,62.0,2400023808,0x0
1786838450.725723351,5.3331,60.9,2400033792,0x0
1786838451.779497254,6.0409,59.8,2400037120,0x0
1786838452.834380497,5.3577,62.6,2400020480,0x0
1786838453.888255951,5.2314,63.1,2400020480,0x0
1786838454.942640658,5.2432,59.8,2400027136,0x0
1786838455.996249853,5.9534,62.0,2400027136,0x0
1786838457.050692982,6.0482,60.4,2400033792,0x0
1786838458.105136425,4.8566,62.0,2400027136,0x0
1786838459.158796929,5.1228,61.5,2400020480,0x0
1786838460.213068889,6.2007,62.0,2400020480,0x0
1786838461.267359402,6.1363,60.9,2400030464,0x0
1786838462.320603072,6.1352,62.0,2400027136,0x0
1786838463.374409846,4.9515,63.1,2400030464,0x0
1786838464.428163694,5.7061,62.0,2400027136,0x0
1786838465.480850919,5.7957,61.5,2400037120,0x0
1786838466.535800864,5.4822,59.8,2400033792,0x0
1786838467.589563632,5.6831,60.9,2400020480,0x0
1786838468.643807876,5.3812,62.0,2400030464,0x0
1786838469.698373504,5.6684,61.5,2400027136,0x0
1786838470.752401821,5.5218,62.6,2400030464,0x0
1786838471.806786930,5.1596,61.5,2400023808,0x0
1786838472.860370396,5.1349,61.5,2400027136,0x0
1786838473.913294144,4.9507,61.5,2400030464,0x0
1786838474.968598832,5.3540,61.5,2400027136,0x0
1786838476.021782649,5.1146,62.0,2400023808,0x0
1786838477.075353202,5.1302,62.0,2400027136,0x0
1786838478.128468850,5.0028,61.5,2400023808,0x0
1786838479.181951270,5.1281,61.5,2400037120,0x0
1786838480.236859510,5.0020,61.5,2400027136,0x0
1786838481.291323715,5.6452,62.6,2400023808,0x0
1786838482.345122258,5.5089,60.9,2400023808,0x0
1786838483.399146964,5.6954,61.5,2400033792,0x0
1786838484.453333260,4.4562,61.5,2400023808,0x0
1786838485.506829172,5.6644,60.4,2400033792,0x0
1786838486.561879864,5.2327,62.6,2400030464,0x0
1786838487.616115118,5.1979,62.0,2400033792,0x0
1786838488.669822764,5.8473,62.6,2400027136,0x0
1786838489.723216152,5.0562,60.9,2400020480,0x0
1786838490.776857389,5.0050,62.6,2400033792,0x0
1786838491.829400652,5.1434,61.5,2400020480,0x0
1786838492.881864322,5.8106,63.1,2400023808,0x0
1786838493.935827311,5.1990,62.0,2400037120,0x0
1786838494.990174035,5.2170,62.6,2400027136,0x0
1786838496.044151687,5.0239,62.0,2400027136,0x0
1786838497.097397084,5.4183,62.6,2400033792,0x0
1786838498.151282975,5.0171,60.4,2400030464,0x0
1786838499.205021439,3.1252,62.0,2400033792,0x0
1786838500.259350490,5.6176,60.4,2400020480,0x0
1786838501.313439448,4.9350,60.9,2400033792,0x0
1786838502.366734727,5.2103,62.6,2400030464,0x0
1786838503.419501306,5.9480,61.5,2400027136,0x0
1786838504.472956229,5.4818,60.4,2400020480,0x0
1786838505.526444205,6.2559,62.0,2400030464,0x0
1786838506.579767534,5.3102,61.5,2400020480,0x0
1786838507.633243045,5.6486,62.6,2400020480,0x0
1786838508.686660499,5.1134,62.0,2400020480,0x0
1786838509.740434801,4.5130,60.9,2400030464,0x0
1786838510.793789050,5.6940,62.6,2400027136,0x0
1786838511.847463905,5.2442,60.9,2400033792,0x0
1786838512.901203166,5.4371,60.9,2400033792,0x0
1786838513.954548484,5.6575,61.5,2400023808,0x0
1786838515.008686516,5.7377,61.5,2400033792,0x0
1786838516.064107776,4.8803,63.1,2400033792,0x0
1786838517.117170889,4.9984,61.5,2400020480,0x0
1786838518.171153585,4.9253,61.5,2400030464,0x0
1786838519.224581173,5.3731,61.5,2400027136,0x0
1786838520.277761263,5.1836,62.6,2400027136,0x0
1786838521.329972804,5.4059,62.0,2400027136,0x0
1786838522.383551480,4.9313,61.5,2400037120,0x0
1786838523.437037451,5.1947,61.5,2400023808,0x0
1786838524.491276432,5.2191,61.5,2400030464,0x0
1786838525.545019899,4.9756,61.5,2400033792,0x0
1786838526.598281738,5.6406,60.4,2400027136,0x0
1786838527.652457809,5.2544,61.5,2400030464,0x0
1786838528.705908070,5.6398,62.6,2400033792,0x0
1786838529.759270534,5.1216,62.0,2400023808,0x0
1786838530.813929967,5.1306,61.5,2400033792,0x0
1786838531.867225743,5.7757,61.5,2400030464,0x0
1786838532.921590824,5.6140,60.9,2400030464,0x0
1786838533.974543953,5.5012,61.5,2400030464,0x0
1786838535.027928781,5.4083,62.6,2400030464,0x0
1786838536.081089850,5.7003,62.0,2400027136,0x0
1786838537.135284223,5.3637,63.1,2400027136,0x0
1786838538.188779342,4.9841,61.5,2400023808,0x0
1786838539.241513781,5.2410,62.0,2400030464,0x0
1786838540.295122674,5.2540,60.4,2400033792,0x0
1786838541.348727380,4.9539,62.6,2400033792,0x0
1786838542.402361548,4.3300,61.5,2400020480,0x0
1786838543.455435997,5.6772,60.9,2400023808,0x0
1786838544.509885507,5.3264,61.5,2400027136,0x0
1786838545.564078314,5.1557,61.5,2400033792,0x0
1786838546.618544765,5.9486,62.0,2400033792,0x0
1786838547.672791846,5.3787,61.5,2400027136,0x0
1786838548.726094064,5.8911,61.5,2400033792,0x0
1786838549.781204839,4.9436,62.0,2400030464,0x0
1786838550.834619017,5.2432,60.9,2400027136,0x0
1786838551.887895343,5.1864,61.5,2400033792,0x0
1786838552.941366406,5.1392,62.0,2400023808,0x0
1786838553.995000671,5.5170,61.5,2400033792,0x0
1786838555.049112448,5.2111,62.0,2400020480,0x0
1786838556.102510526,5.3334,62.0,2400020480,0x0
1786838557.156065862,5.8909,61.5,2400023808,0x0
1786838558.209420605,5.9483,62.0,2400030464,0x0
1786838559.262871790,5.4468,60.9,2400030464,0x0
1786838560.315791443,4.9458,60.9,2400033792,0x0
1786838561.369385717,5.3853,62.0,2400030464,0x0
1786838562.422698733,5.0800,61.5,2400027136,0x0
1786838563.475847250,5.6516,62.0,2400020480,0x0
1786838564.530267772,4.9786,60.9,2400033792,0x0
1786838565.583397656,5.3203,62.0,2400030464,0x0
1786838566.636900295,5.0552,62.0,2400033792,0x0
1786838567.691242666,5.8196,63.1,2400030464,0x0
1786838568.744680211,5.3988,61.5,2400030464,0x0
1786838569.797872589,5.1356,61.5,2400023808,0x0
1786838570.851617758,4.8420,61.5,2400030464,0x0
1786838571.904405472,6.0109,62.0,2400020480,0x0
1786838572.958237582,5.0836,60.9,2400020480,0x0
1786838574.011756379,4.4855,62.6,2400033792,0x0
1786838575.064865752,5.8980,60.4,2400023808,0x0
1786838576.117755404,5.4153,60.9,2400023808,0x0
1786838577.170979144,5.9492,61.5,2400030464,0x0
1786838578.225405946,5.4087,62.0,2400023808,0x0
1786838579.279145197,5.6546,62.0,2400023808,0x0
1786838580.331941178,5.2922,62.6,2400020480,0x0
1786838581.385304616,5.3096,62.0,2400030464,0x0
1786838582.437772431,5.4140,63.7,2400030464,0x0
1786838583.490979294,6.0802,62.0,2400027136,0x0
1786838584.544806186,5.0834,63.1,2400027136,0x0
1786838585.598930279,5.3101,60.9,2400027136,0x0
1786838586.652859631,5.9179,61.5,2400023808,0x0
1786838587.705487624,5.4482,60.9,2400027136,0x0
1786838588.758703795,5.1868,62.0,2400030464,0x0
1786838589.813751929,5.2466,62.6,2400027136,0x0
1786838590.868947932,4.5911,63.1,2400027136,0x0
1786838591.923223404,4.8871,62.0,2400033792,0x0
1786838592.975551634,5.1480,60.4,2400033792,0x0
1786838594.033649828,5.5848,61.5,2400037120,0x0
1786838595.087635300,5.6810,62.6,2400030464,0x0
1786838596.140916073,4.9962,62.6,2400030464,0x0
1786838597.194519898,5.1570,62.6,2400023808,0x0
1786838598.248103888,5.2224,60.9,2400020480,0x0
1786838599.301713525,5.4539,62.0,2400023808,0x0
1786838600.355208365,6.0993,62.0,2400020480,0x0
1786838601.408904629,5.3735,61.5,2400023808,0x0
1786838602.463315236,5.3581,61.5,2400033792,0x0
1786838603.516765537,6.0948,60.9,2400030464,0x0
1786838604.569825154,5.5319,60.9,2400023808,0x0
1786838605.622967770,5.6407,61.5,2400030464,0x0
1786838606.675468205,5.2330,60.9,2400027136,0x0
1786838607.727993139,5.5704,61.5,2400033792,0x0
1786838608.782871272,5.7385,62.0,2400030464,0x0
1786838609.837582517,5.5994,62.0,2400023808,0x0
1786838610.891023291,5.1800,62.0,2400020480,0x0
1786838611.944620506,5.0081,63.1,2400027136,0x0
1786838612.998578884,4.6545,61.5,2400023808,0x0
1786838614.051563918,5.3899,61.5,2400027136,0x0
1786838615.105492349,5.8507,62.0,2400030464,0x0
1786838616.159887997,5.5893,63.1,2400033792,0x0
1786838617.212484438,5.5262,60.4,2400030464,0x0
1786838618.266793603,5.8544,62.0,2400023808,0x0
1786838619.320678808,5.0193,61.5,2400027136,0x0
1786838620.373954480,5.8233,62.0,2400030464,0x0
1786838621.428568583,5.7652,62.0,2400023808,0x0
1786838622.482215824,5.1319,61.5,2400037120,0x0
1786838623.535466993,5.2344,62.6,2400030464,0x0
1786838624.588758957,5.4423,62.0,2400030464,0x0
1786838625.641978995,5.3293,62.0,2400030464,0x0
1786838626.695600212,5.1413,61.5,2400033792,0x0
1786838627.749742572,5.3649,60.4,2400030464,0x0
1786838628.904093516,5.8775,62.0,2400030464,0x0
1786838629.958103800,5.7144,62.0,2400027136,0x0
1786838631.013175611,5.8230,61.5,2400023808,0x0
1786838632.066846490,5.2282,62.0,2400030464,0x0
1786838633.119996186,5.5936,61.5,2400027136,0x0
1786838634.174123336,5.8090,62.0,2400023808,0x0
1786838635.226711462,5.6779,63.1,2400027136,0x0
1786838636.279749897,5.4950,61.5,2400020480,0x0
1786838637.332736887,5.7783,62.0,2400033792,0x0
1786838638.387351935,5.6942,62.6,2400023808,0x0
1786838639.441205471,5.7051,62.0,2400033792,0x0
1786838640.494685509,5.8600,62.6,2400023808,0x0
1786838641.548995297,5.9042,60.9,2400023808,0x0
1786838642.603630618,5.3185,61.5,2400020480,0x0
1786838643.657566130,5.6423,60.9,2400030464,0x0
1786838644.711220588,4.9862,63.1,2400027136,0x0
1786838645.764563047,5.8092,62.6,2400027136,0x0
1786838646.819553398,5.0897,62.0,2400030464,0x0
1786838647.873439721,5.7004,62.0,2400020480,0x0
1786838648.927538800,5.2733,61.5,2400030464,0x0
1786838649.981057605,5.9195,62.6,2400020480,0x0
1786838651.034085988,5.3280,62.0,2400027136,0x0
1786838652.087761012,5.8056,60.4,2400030464,0x0
1786838653.141682774,5.8387,61.5,2400023808,0x0
1786838654.195625034,5.9362,61.5,2400023808,0x0
1786838655.250277509,5.9038,61.5,2400033792,0x0
1786838656.305053278,5.9086,60.4,2400030464,0x0
1786838657.359136607,5.2075,60.4,2400033792,0x0
1786838658.413619803,5.2945,59.8,2400027136,0x0
1786838659.466832953,5.5428,59.8,2400033792,0x0
1786838660.520774022,5.0823,60.9,2400027136,0x0
1786838661.575000902,4.8457,60.9,2400033792,0x0
1786838662.628922191,5.7908,60.4,2400020480,0x0
1786838663.681697804,4.9385,60.9,2400033792,0x0
1786838664.736253585,4.9354,60.9,2400027136,0x0
1786838665.788979215,5.5725,62.6,2400030464,0x0
1786838666.843165720,4.9314,60.4,2400030464,0x0
1786838667.897282705,5.8392,62.6,2400030464,0x0
1786838668.951878667,5.6724,63.1,2400033792,0x0
1786838670.006431628,5.6928,61.5,2400027136,0x0
1786838671.060787497,4.7945,62.6,2400023808,0x0
1786838672.113901340,5.1680,61.5,2400027136,0x0
1786838673.166678888,5.4700,63.1,2400030464,0x0
1786838674.219878857,5.9555,60.9,2400030464,0x0
1786838675.273115529,4.7882,60.4,2400020480,0x0
1786838676.326495273,5.4525,62.0,2400020480,0x0
1786838677.380255067,5.2803,61.5,2400023808,0x0
1786838678.433317978,5.9235,61.5,2400033792,0x0
1786838679.486168464,5.8532,62.0,2400020480,0x0
1786838680.539211707,5.4387,60.9,2400030464,0x0
1786838681.594577945,4.8057,61.5,2400023808,0x0
1786838682.649052894,5.0721,60.9,2400027136,0x0
1786838683.702950515,5.8561,62.0,2400020480,0x0
1786838684.756630322,5.8745,62.0,2400033792,0x0
1786838685.810859974,4.9220,62.0,2400020480,0x0
1786838686.864617722,5.1620,62.0,2400023808,0x0
1786838687.917507459,5.0345,62.0,2400027136,0x0
1786838688.970236160,5.6837,61.5,2400030464,0x0
1786838690.023755963,4.9072,62.6,2400030464,0x0
1786838691.076920768,6.1662,61.5,2400023808,0x0
1786838692.129685521,4.4740,60.9,2400030464,0x0
1786838693.183058341,5.7825,60.9,2400033792,0x0
1786838694.239666407,5.9268,60.9,2400020480,0x0
1786838695.294192177,4.9701,63.1,2400023808,0x0
1786838696.347005907,5.0744,61.5,2400030464,0x0
1786838697.401152993,4.9868,62.6,2400030464,0x0
1786838698.455139840,5.9053,61.5,2400023808,0x0
1786838699.509408553,5.9164,61.5,2400023808,0x0
1786838700.563740635,5.2678,61.5,2400023808,0x0
1786838701.618442305,5.2124,60.9,2400020480,0x0
1786838702.671513248,5.4803,61.5,2400023808,0x0
1786838703.725618552,5.1407,61.5,2400023808,0x0
1786838704.779135230,4.8768,62.6,2400033792,0x0
1786838705.832254467,5.2200,60.4,2400033792,0x0
1786838706.884725968,5.4947,61.5,2400030464,0x0
1786838707.937615853,5.0013,62.6,2400020480,0x0
1786838708.989825464,2.1521,57.6,2400033792,0x0
1786838710.030804924,2.1649,56.5,2400030464,0x0
