1786839399.531125205,1.8706,46.1,1600023552,0x0
1786839400.576072358,1.7333,45.5,1500016128,0x0
1786839401.619583579,1.7198,46.1,1500019456,0x0
1786839402.662857155,1.7094,46.1,1500016128,0x0
1786839403.706240452,1.4356,45.5,1500016128,0x0
1786839404.749566527,1.7220,45.5,1500022656,0x0
1786839405.792882120,1.6460,45.5,1500016128,0x0
1786839406.836266897,1.2674,46.1,1500019456,0x0
1786839407.879541713,1.4330,46.1,1500016128,0x0
1786839408.922775139,1.4444,46.6,1500012800,0x0
1786839409.966202434,1.4364,46.1,1500012800,0x0
1786839411.009527285,1.4409,46.1,1500016128,0x0
1786839412.052780284,1.4407,44.4,1500019456,0x0
1786839413.096014432,1.4507,45.5,1500019456,0x0
1786839414.139242487,1.4772,45.0,1500016128,0x0
1786839415.182499338,1.4694,45.0,1500012800,0x0
1786839416.225807911,1.4379,45.5,1500016128,0x0
1786839417.269052224,1.5252,45.5,1500019456,0x0
1786839418.312386351,1.4621,45.5,1500012800,0x0
1786839419.355638257,1.4614,46.1,1500019456,0x0
1786839420.398853625,1.4445,45.0,1500016128,0x0
1786839421.442056902,1.4585,46.1,1500016128,0x0
1786839422.485432231,1.4703,43.9,1500019456,0x0
1786839423.528744967,1.7114,45.5,1500019456,0x0
1786839424.572202413,1.8788,46.1,1500016128,0x0
1786839425.615489203,1.6868,45.5,1500022656,0x0
1786839426.658624582,1.4497,45.5,1500016128,0x0
1786839427.701734102,1.4353,45.5,1500022656,0x0
1786839428.744943746,1.7054,46.1,1500019456,0x0
1786839429.788102455,1.6952,45.0,1500016128,0x0
1786839430.831295677,1.4411,46.1,1500019456,0x0
1786839431.874488986,1.4384,46.6,1500016128,0x0
1786839432.917598491,1.8883,45.0,1500012800,0x0
1786839433.960861358,1.7030,45.5,1500019456,0x0
1786839435.004147108,1.5892,45.5,1500016128,0x0
1786839436.047467480,1.4561,43.9,1500016128,0x0
1786839437.090661051,1.4418,45.5,1500016128,0x0
1786839438.133807393,1.6908,46.1,1500016128,0x0
1786839439.176919433,1.6928,46.6,1500019456,0x0
1786839440.220150355,1.4402,46.1,1500022656,0x0
1786839441.263425473,1.6445,45.5,1500016128,0x0
1786839442.306572438,1.4364,44.4,1500016128,0x0
1786839443.349673674,1.7033,47.2,1500016128,0x0
1786839444.392844755,1.7094,46.6,1500019456,0x0
1786839445.436116960,1.4477,46.1,1500022656,0x0
1786839446.479348956,1.4529,46.1,1500019456,0x0
1786839447.522651000,1.4453,46.1,1500019456,0x0
1786839448.565725132,1.6984,46.1,1500016128,0x0
1786839449.608920867,1.6981,46.1,1500012800,0x0
1786839450.652088913,1.4434,45.0,1500019456,0x0
1786839451.695314469,1.4572,46.1,1500022656,0x0
1786839452.738687924,1.4623,46.1,1500016128,0x0
1786839453.781959781,1.4390,45.5,1500012800,0x0
1786839454.825145206,1.4551,45.5,1500019456,0x0
1786839455.868304385,1.4468,45.5,1500016128,0x0
1786839456.911553963,1.4460,45.5,1500016128,0x0
1786839457.954666648,1.4532,45.0,1500022656,0x0
1786839458.997839936,1.4962,45.5,1500019456,0x0
1786839460.040971609,1.4619,46.6,1500019456,0x0
1786839461.084061756,1.4891,45.0,1500019456,0x0
1786839462.127177805,1.4744,46.1,1500016128,0x0
1786839463.170265699,1.4897,45.5,1500016128,0x0
1786839464.213465327,1.4828,46.1,1500019456,0x0
1786839465.256871930,1.4732,45.5,1500019456,0x0
1786839466.300082768,1.4732,45.5,1500019456,0x0
1786839467.343203101,1.4553,46.1,1500019456,0x0
1786839468.386397353,1.4676,46.1,1500016128,0x0
1786839469.429511565,1.4498,46.6,1500022656,0x0
1786839470.472669581,1.4299,46.1,1500019456,0x0
1786839471.515778408,1.4608,46.6,1500016128,0x0
1786839472.558860971,1.7091,46.6,1500022656,0x0
1786839473.601983990,1.4959,45.5,1500019456,0x0
1786839474.645126687,1.4457,45.5,1500022656,0x0
1786839475.688466581,1.4302,45.5,1500019456,0x0
1786839476.731800580,1.4298,45.5,1500019456,0x0
1786839477.775031499,1.4370,44.4,1500016128,0x0
1786839478.818201135,1.4488,44.4,1500019456,0x0
1786839479.861314840,1.4475,46.1,1500022656,0x0
1786839480.904488741,1.4588,45.5,1500022656,0x0
1786839481.947864839,1.4443,44.4,1500016128,0x0
1786839482.991063137,1.4281,45.5,1500016128,0x0
1786839484.034304909,1.4823,45.0,1500016128,0x0
1786839485.077569397,1.4910,45.0,1500016128,0x0
1786839486.120941658,1.4376,47.2,1500022656,0x0
1786839487.164296967,1.4309,46.1,1500022656,0x0
1786839488.207691642,1.4652,45.5,1500019456,0x0
1786839489.250956979,1.6909,44.4,1500012800,0x0
1786839490.294212828,1.4224,45.5,1500016128,0x0
1786839491.438173811,1.4220,45.5,1500012800,0x0
1786839492.481382832,1.4454,45.5,1500019456,0x0
1786839493.524646497,1.4391,45.0,1500012800,0x0
1786839494.568035080,1.4705,45.0,1500016128,0x0
1786839495.611331361,1.4478,46.1,1500016128,0x0
1786839496.654722728,1.8028,45.0,1500012800,0x0
1786839497.697967683,1.6539,45.5,1500016128,0x0
1786839498.741075262,1.6849,45.5,1500016128,0x0
1786839499.784540482,1.7047,46.1,1500022656,0x0
1786839500.827820902,1.6852,45.0,1500012800,0x0
1786839501.870975723,1.4552,44.4,1500016128,0x0
1786839502.916192839,1.4756,43.9,1500019456,0x0
1786839503.959516223,1.4396,45.5,1500019456,0x0
1786839505.004957845,1.4673,44.4,1500019456,0x0
1786839506.050497812,1.4926,43.9,1500016128,0x0
1786839507.095952016,1.4446,45.5,1500012800,0x0
1786839508.141141085,1.4460,46.1,1500016128,0x0
1786839509.186354261,1.4332,45.0,1500012800,0x0
1786839510.229568536,1.4398,45.0,1500022656,0x0
1786839511.274703812,1.4353,45.5,1500016128,0x0
1786839512.317822522,1.4467,45.5,1500012800,0x0
1786839513.362971380,1.4759,46.1,1500022656,0x0
1786839514.408295581,1.5121,45.5,1500019456,0x0
1786839515.451668439,1.4420,46.1,1500019456,0x0
1786839516.496910946,1.4261,46.1,1500016128,0x0
1786839517.542095281,1.4492,46.1,1500016128,0x0
1786839518.587341778,1.4368,47.2,1500016128,0x0
1786839519.632526769,1.4502,45.5,1500012800,0x0
1786839520.677656051,1.4350,45.0,1500019456,0x0
1786839521.721097448,2.9891,45.0,1900029440,0x0
1786839522.765048151,2.9568,47.7,2400027136,0x0
1786839523.806897364,2.2044,46.1,2400030464,0x0
1786839524.850301357,2.0657,46.1,2400030464,0x0
1786839525.894058601,2.7481,46.6,2400023808,0x0
1786839526.939720734,2.2926,46.6,2400033792,0x0
1786839527.986499631,6.6586,49.4,2400033792,0x0
1786839529.154836407,2.0581,47.7,2400020480,0x0
1786839530.195885648,2.0925,46.6,2400030464,0x0
1786839531.236939736,2.0700,47.2,2400030464,0x0
1786839532.278251815,1.7252,46.1,1500022656,0x0
1786839533.321562561,1.7012,46.6,1500019456,0x0
1786839534.364939078,1.4576,46.6,1500019456,0x0
1786839535.408258054,2.0122,45.5,1500016128,0x0
1786839536.451646672,1.4564,45.5,1500016128,0x0
1786839537.495026082,1.7001,47.2,1500016128,0x0
1786839538.538213321,1.7120,47.7,1500016128,0x0
1786839539.581401350,1.4523,46.1,1500019456,0x0
1786839540.624520282,1.4573,46.1,1500019456,0x0
1786839541.667765929,1.4499,46.1,1500022656,0x0
1786839542.711118330,1.4878,45.5,1500019456,0x0
1786839543.754442282,1.4444,45.5,1500022656,0x0
1786839544.797702302,1.4495,46.1,1500022656,0x0
1786839545.840955077,1.4446,45.5,1500022656,0x0
1786839546.884241347,1.9360,46.1,1500019456,0x0
1786839547.927535944,1.7049,45.5,1500016128,0x0
1786839548.970767778,1.4586,45.5,1500019456,0x0
1786839550.014011810,1.7068,46.1,1500016128,0x0
1786839551.057214373,1.7074,47.2,1500016128,0x0
1786839552.100414469,1.4593,46.1,1500016128,0x0
1786839553.143885705,1.4921,47.2,1500016128,0x0
1786839554.187311900,1.4417,46.1,1500012800,0x0
1786839555.230891015,1.4754,46.1,1500012800,0x0
1786839556.274206330,1.4812,45.5,1500012800,0x0
1786839557.317418864,1.4924,46.1,1500016128,0x0
1786839558.360573911,1.4596,45.5,1500019456,0x0
1786839559.403899637,1.4597,46.1,1500016128,0x0
1786839560.447122952,1.4331,45.5,1500019456,0x0
1786839561.490752351,1.4452,45.5,1500022656,0x0
1786839562.534107783,1.4493,46.1,1500019456,0x0
1786839563.577380359,1.4444,46.1,1500016128,0x0
1786839564.720957907,1.4833,46.6,1500016128,0x0
1786839565.764292455,1.4783,46.6,1500016128,0x0
1786839566.807602960,1.4607,45.5,1500022656,0x0
1786839567.850740573,1.4922,46.1,1500019456,0x0
1786839568.893918921,1.4478,45.5,1500022656,0x0
1786839569.937092856,1.4877,44.4,1500022656,0x0
1786839570.980339415,1.4742,45.5,1500012800,0x0
1786839572.023583950,1.4802,46.6,1500019456,0x0
1786839573.066948905,1.4707,45.5,1500022656,0x0
1786839574.110233041,1.6225,45.5,1500012800,0x0
1786839575.153430006,1.4689,45.5,1500016128,0x0
1786839576.196698373,1.4618,46.1,1500019456,0x0
1786839577.239968531,2.9015,46.1,1500022656,0x0
1786839578.283266481,1.4555,46.1,1500019456,0x0
1786839579.326495649,1.4382,45.5,1500012800,0x0
1786839580.369744923,1.4428,47.2,1500022656,0x0
1786839581.413082524,1.7178,46.1,1500016128,0x0
1786839582.456456046,1.6083,45.0,1500022656,0x0
1786839583.499797989,1.4542,46.1,1500016128,0x0
1786839584.543057983,1.4495,46.1,1500019456,0x0
1786839585.586457898,1.4432,45.5,1500012800,0x0
1786839586.629676216,1.4352,45.5,1500019456,0x0
1786839587.672984344,1.4378,46.1,1500022656,0x0
1786839588.716269707,1.8012,45.5,1500016128,0x0
1786839589.759547511,1.4674,47.2,1500016128,0x0
1786839590.802662441,1.4504,45.5,1500022656,0x0
1786839591.845881013,1.4230,45.0,1500019456,0x0
1786839592.889180228,1.4883,44.4,1500019456,0x0
1786839593.932883046,1.4644,46.1,1500016128,0x0
1786839594.976263620,1.4324,46.1,1500016128,0x0
1786839596.019646043,1.4507,45.5,1500016128,0x0
1786839597.062948108,1.4477,45.5,1500019456,0x0
1786839598.106228690,1.7663,45.0,1500016128,0x0
1786839599.149354469,1.4521,45.0,1500019456,0x0
1786839600.201072775,1.4497,47.2,1500022656,0x0
1786839601.244432488,1.4506,45.5,1500012800,0x0
1786839602.287821400,1.4414,46.1,1500019456,0x0
1786839603.331373436,1.4590,47.2,1500012800,0x0
1786839604.374729210,1.4367,46.1,1500022656,0x0
1786839605.420098428,1.4627,46.6,1500022656,0x0
1786839606.463367822,1.4484,45.5,1500012800,0x0
1786839607.508696606,1.4597,45.5,1500016128,0x0
1786839608.553908922,1.4740,46.6,1500019456,0x0
1786839609.599090123,1.4264,47.2,1500016128,0x0
1786839610.644322967,1.4470,45.0,1500012800,0x0
1786839611.689654489,1.4334,46.6,1500019456,0x0
1786839612.732997022,1.4397,45.0,1500022656,0x0
1786839613.778363703,1.5231,45.0,1500019456,0x0
1786839614.821688263,1.4467,45.5,1500016128,0x0
1786839615.866907306,1.5027,44.4,1500016128,0x0
1786839616.912197917,1.4686,44.4,1500022656,0x0
1786839617.957504005,1.4546,46.1,1500019456,0x0
1786839619.002739441,1.4724,46.1,1500016128,0x0
1786839620.048209166,1.4128,45.5,1500016128,0x0
1786839621.091497848,1.4394,45.5,1500016128,0x0
1786839622.136768195,1.4416,46.1,1500022656,0x0
1786839623.280923222,1.4531,45.5,1500022656,0x0
1786839624.324317480,1.4573,45.5,1500016128,0x0
1786839625.367628717,1.4719,47.2,1500012800,0x0
1786839626.411266299,1.4497,45.5,1500019456,0x0
1786839627.454591749,1.4232,45.5,1500019456,0x0
1786839628.497852917,1.4402,45.5,1500012800,0x0
1786839629.541098488,1.4512,45.0,1500016128,0x0
1786839630.584304389,1.4350,43.9,1500022656,0x0
1786839631.629535603,1.4758,45.0,1500019456,0x0
1786839632.672827661,1.4561,46.6,1500019456,0x0
1786839633.718236402,1.3992,46.6,1500019456,0x0
1786839634.763648176,1.7024,45.0,1500016128,0x0
1786839635.808953576,1.4506,45.5,1500012800,0x0
1786839636.854260194,1.4519,45.5,1500016128,0x0
1786839637.899666825,1.4925,45.5,1500016128,0x0
1786839638.943077244,1.4435,45.0,1500019456,0x0
1786839639.988482940,1.7007,45.0,1500016128,0x0
1786839641.031941795,1.4825,45.0,1500019456,0x0
1786839642.077275743,1.4522,45.5,1500012800,0x0
1786839643.122595722,1.4302,45.5,1500019456,0x0
1786839644.167948216,1.4403,45.5,1500016128,0x0
1786839645.213394649,1.4450,46.1,1500016128,0x0
1786839646.258689266,1.4423,46.1,1500016128,0x0
1786839647.301997892,1.4344,45.5,1500016128,0x0
1786839648.347300333,1.4486,45.0,1500016128,0x0
1786839649.390523989,1.4576,45.5,1500019456,0x0
1786839650.435820346,1.4406,45.5,1500019456,0x0
1786839651.481057775,1.4432,45.5,1500016128,0x0
1786839652.526377808,1.4229,45.5,1500016128,0x0
1786839653.571781670,1.4480,45.5,1500016128,0x0
1786839654.617108771,1.4285,45.0,1500019456,0x0
1786839655.662380275,1.4832,45.5,1500012800,0x0
1786839656.707647829,1.4589,43.9,1500019456,0x0
1786839657.752850880,1.4438,45.5,1500022656,0x0
1786839658.796375514,1.4406,45.0,1500022656,0x0
1786839659.841664946,1.4197,45.0,1500016128,0x0
1786839660.884871944,1.4546,45.5,1500022656,0x0
1786839661.930224995,1.1852,45.5,1500019456,0x0
1786839662.975518986,1.4399,45.5,1500022656,0x0
1786839664.020871436,1.4526,45.0,1500012800,0x0
1786839665.066160049,1.4686,45.5,1500016128,0x0
1786839666.111364103,1.4336,46.6,1500016128,0x0
1786839667.154611166,1.4374,45.5,1500012800,0x0
1786839668.199899433,1.4758,46.1,1500016128,0x0
1786839669.345931310,1.4540,46.6,1500022656,0x0
1786839670.389100603,1.4320,45.5,1500022656,0x0
1786839671.432438205,1.4786,46.1,1500019456,0x0
1786839672.475712582,1.4903,45.5,1500019456,0x0
1786839673.519064824,1.4447,45.5,1500016128,0x0
1786839674.564442695,1.7224,45.0,1500012800,0x0
1786839675.607646115,1.7016,44.4,1500019456,0x0
1786839676.652869516,1.4295,45.0,1500012800,0x0
1786839677.697999266,2.8220,45.5,1500012800,0x0
1786839678.743111919,1.4402,44.4,1500022656,0x0
1786839679.788292049,1.4456,45.5,1500012800,0x0
1786839680.833512398,1.4393,45.0,1500019456,0x0
1786839681.878741427,1.9743,45.5,1500016128,0x0
1786839682.921999244,1.4461,45.0,1500019456,0x0
1786839683.967252376,1.4597,45.0,1500019456,0x0
1786839685.010572962,1.4466,45.0,1500022656,0x0
1786839686.056021714,1.4600,45.0,1500019456,0x0
1786839687.101296629,1.4570,45.0,1500022656,0x0
1786839688.146373617,1.4397,45.5,1500022656,0x0
1786839689.191722488,1.4417,45.0,1500019456,0x0
1786839690.236985818,1.4445,45.5,1500012800,0x0
1786839691.280307028,1.4354,45.5,1500022656,0x0
1786839692.325884533,1.4424,45.5,1500016128,0x0
1786839693.369233662,1.4381,45.0,1500019456,0x0
1786839694.414457976,1.4742,45.0,1500012800,0x0
1786839695.459714027,1.4531,46.1,1500019456,0x0
1786839696.504956742,1.4429,44.4,1500019456,0x0
1786839697.550136785,1.4473,43.9,1500012800,0x0
1786839698.595500084,1.4508,45.0,1500019456,0x0
1786839699.638857060,1.4513,46.1,1500012800,0x0
1786839700.684090851,1.4455,45.5,1500019456,0x0
1786839701.729252065,1.4820,45.5,1500019456,0x0
1786839702.774441533,1.4516,45.0,1500012800,0x0
1786839703.819701627,1.4369,45.0,1500012800,0x0
1786839704.864996125,1.4302,45.0,1500016128,0x0
1786839705.910168193,1.4247,45.5,1500016128,0x0
1786839706.955374868,1.4446,46.1,1500016128,0x0
1786839707.998570388,1.4261,45.5,1500022656,0x0
1786839709.043761240,1.4333,45.5,1500012800,0x0
1786839710.089040051,1.4861,46.1,1500012800,0x0
1786839711.134289877,1.4485,45.0,1500022656,0x0
1786839712.179550052,1.4536,45.5,1500016128,0x0
1786839713.222721868,1.4542,47.2,1500012800,0x0
1786839714.275155904,5.8609,48.3,2400023808,0x0
1786839715.349137401,7.6630,54.3,2400023808,0x0
1786839716.428841221,6.7284,55.4,2400023808,0x0
1786839717.503169485,7.4128,57.1,2400020480,0x0
1786839718.589110953,7.3663,57.6,2400023808,0x0
1786839719.669130462,7.0881,57.1,2400027136,0x0
1786839720.745023666,7.7359,58.7,2400027136,0x0
1786839721.821258918,5.6290,58.7,2400027136,0x0
1786839722.894577837,5.0332,56.0,2400030464,0x0
1786839723.947501558,5.0064,54.3,2400023808,0x0
1786839724.998671714,5.7748,56.5,2400020480,0x0
1786839726.049005095,5.4624,54.9,2400030464,0x0
1786839727.100910090,4.7986,55.4,2400020480,0x0
1786839728.152771915,5.9006,55.4,2400030464,0x0
1786839729.204685643,5.1244,54.9,2400023808,0x0
1786839730.255226452,2.1496,52.1,2400020480,0x0
1786839731.296294441,2.1399,51.6,2400027136,0x0
1786839732.337307892,1.8631,50.5,2400023808,0x0
1786839733.378836149,2.9162,50.5,2400023808,0x0
1786839734.487369402,7.5958,56.5,2400023808,0x0
1786839735.573291270,7.2623,57.1,2400023808,0x0
1786839736.649099583,5.3351,59.8,2400030464,0x0
1786839737.716999176,5.2074,58.7,2400033792,0x0
1786839738.768010989,5.3727,57.6,2400033792,0x0
1786839739.820363954,5.0484,56.0,2400027136,0x0
1786839740.876130204,5.0344,57.6,2400027136,0x0
1786839741.929343285,4.3878,57.1,2400027136,0x0
1786839742.982563677,5.2234,57.1,2400023808,0x0
1786839744.034162004,5.1815,57.6,2400023808,0x0
1786839745.086292082,5.2550,56.0,2400020480,0x0
1786839746.143090194,4.6114,57.1,2400033792,0x0
1786839747.195171340,5.2914,57.6,2400023808,0x0
1786839748.245538162,2.1257,53.2,2400027136,0x0
1786839749.286672424,2.1337,53.2,2400027136,0x0
1786839750.327573257,1.8833,51.6,2400020480,0x0
1786839751.368914361,5.6176,52.1,2400027136,0x0
1786839752.449148658,4.6245,58.2,2400020480,0x0
1786839753.533099014,5.6022,59.8,2400030464,0x0
1786839754.611105025,5.2275,58.2,2400030464,0x0
1786839755.664851147,5.2605,58.7,2400030464,0x0
1786839756.718475841,5.0411,58.2,2400027136,0x0
1786839757.771307630,5.8259,58.2,2400027136,0x0
1786839758.825006261,5.2603,58.2,2400023808,0x0
1786839759.877241547,4.9862,58.2,2400020480,0x0
1786839760.929962734,5.6359,57.1,2400020480,0x0
1786839761.983347134,4.9010,57.1,2400027136,0x0
1786839763.034987230,5.2440,58.2,2400027136,0x0
1786839764.087746165,5.0409,58.7,2400020480,0x0
1786839765.140530263,5.1937,58.7,2400023808,0x0
1786839766.193181174,4.7186,57.6,2400023808,0x0
1786839767.243281785,2.1355,53.2,2400030464,0x0
1786839768.284311801,2.1243,52.7,2400020480,0x0
1786839769.325800047,2.2285,50.5,2400037120,0x0
1786839770.381114423,6.6226,57.1,2400020480,0x0
1786839771.460989973,6.0413,59.3,2400027136,0x0
1786839772.529079130,6.0803,59.3,2400030464,0x0
1786839773.583973647,6.0520,59.8,2400033792,0x0
1786839774.639610044,5.8655,57.6,2400020480,0x0
1786839775.692433125,5.6104,57.6,2400020480,0x0
1786839776.744372044,5.3543,58.2,2400020480,0x0
1786839777.796868288,5.1384,59.3,2400020480,0x0
1786839778.847964892,5.3099,58.7,2400027136,0x0
1786839779.901005959,3.1592,57.6,2400023808,0x0
1786839780.952981067,2.1109,53.8,2400027136,0x0
1786839781.996155205,2.1331,53.2,2400023808,0x0
1786839783.039158229,2.7506,52.7,2400030464,0x0
1786839784.191228204,7.5410,58.2,2400030464,0x0
1786839785.260906510,5.3342,59.3,2400027136,0x0
1786839786.344215928,5.9695,58.7,2400030464,0x0
1786839787.412431369,4.9944,57.6,2400027136,0x0
1786839788.465535185,3.1178,57.6,2400023808,0x0
1786839789.517246398,5.0287,58.2,2400030464,0x0
1786839790.569349901,2.1812,53.8,2400030464,0x0
1786839791.610345433,2.1173,53.2,2400020480,0x0
1786839792.651319370,1.8788,52.1,2400027136,0x0
1786839793.709255928,6.3452,56.5,2400030464,0x0
1786839794.801056825,5.6943,58.7,2400037120,0x0
1786839795.883946549,5.5122,57.6,2400027136,0x0
1786839796.938361162,4.9214,57.1,2400023808,0x0
1786839797.990952434,5.5465,57.6,2400030464,0x0
1786839799.044947173,5.0088,57.6,2400033792,0x0
1786839800.096921407,2.0936,53.8,2400023808,0x0
1786839801.137874539,2.2712,52.1,2400023808,0x0
1786839802.178797594,2.0855,52.1,2400027136,0x0
1786839803.219749610,2.1581,53.2,2400027136,0x0
1786839804.261062046,2.1173,52.1,2400027136,0x0
1786839805.302231535,1.7358,50.5,1500022656,0x0
1786839806.346010037,2.5020,51.6,2400020480,0x0
1786839807.391717391,2.1127,51.0,2400033792,0x0
1786839808.432760890,2.1629,51.0,2400037120,0x0
1786839809.473835904,1.8494,51.0,2400030464,0x0
1786839810.525084722,7.3742,56.0,2400023808,0x0
1786839811.609136127,7.7271,59.8,2400033792,0x0
1786839812.686421824,3.1283,56.5,2400020480,0x0
1786839813.740085410,5.6937,56.5,2400030464,0x0
1786839814.793219127,5.2460,57.1,2400030464,0x0
1786839815.846465246,5.0827,58.2,2400027136,0x0
1786839816.898853851,2.1193,53.2,2400027136,0x0
1786839817.940025858,2.1285,53.2,2400033792,0x0
1786839818.981071214,1.8493,50.5,2400023808,0x0
1786839820.022207215,2.1606,52.1,2400020480,0x0
1786839821.063457249,2.1194,49.9,2400023808,0x0
1786839822.104750889,1.7310,50.5,1500022656,0x0
1786839823.159325069,7.9819,56.0,2400027136,0x0
1786839824.225146694,7.4801,56.5,2400027136,0x0
1786839825.301121325,7.4100,60.4,2400027136,0x0
1786839826.377201805,6.0526,60.4,2400023808,0x0
1786839827.461090070,7.4400,61.5,2400030464,0x0
1786839828.536851898,7.6401,63.7,2400020480,0x0
1786839829.610883736,5.6637,59.3,2400020480,0x0
1786839830.663571168,5.7599,59.8,2400020480,0x0
1786839831.714535111,5.8957,59.3,2400027136,0x0
1786839832.768049401,5.7760,58.7,2400030464,0x0
1786839833.819769518,5.9000,59.3,2400027136,0x0
1786839834.870345381,4.9648,58.2,2400027136,0x0
1786839835.922039176,5.2130,57.6,2400030464,0x0
1786839836.974246187,4.9117,59.3,2400027136,0x0
1786839838.027155207,3.0704,58.7,2400033792,0x0
1786839839.077074082,2.1646,55.4,2400020480,0x0
1786839840.117989212,2.1537,52.7,2400033792,0x0
1786839841.158981671,1.8591,52.7,2400023808,0x0
1786839842.213246650,5.6140,58.2,2400033792,0x0
1786839843.297218479,7.3999,56.5,2400033792,0x0
1786839844.373086222,7.3910,60.9,2400023808,0x0
1786839845.457225988,6.7937,60.9,2400030464,0x0
1786839846.533410629,6.0053,62.0,2400027136,0x0
1786839847.605092730,6.4201,63.7,2400030464,0x0
1786839848.675304580,5.5380,60.4,2400027136,0x0
1786839849.727144169,4.9276,59.8,2400027136,0x0
1786839850.778797163,5.1882,60.9,2400020480,0x0
1786839851.831818459,4.8012,60.9,2400023808,0x0
1786839852.884429051,5.7086,60.4,2400020480,0x0
1786839853.938280148,5.7198,59.3,2400033792,0x0
1786839854.990716976,4.8793,59.3,2400033792,0x0
1786839856.068575484,4.9842,59.3,2400020480,0x0
1786839857.121050695,5.3259,59.3,2400023808,0x0
1786839858.171004942,2.1599,56.5,2400030464,0x0
1786839859.211888686,2.1388,53.8,2400030464,0x0
1786839860.252939519,1.8728,53.2,2400023808,0x0
1786839861.394504124,2.7929,53.8,2400023808,0x0
1786839862.497160395,7.4864,59.3,2400023808,0x0
1786839863.569138337,7.4918,59.8,2400023808,0x0
1786839864.661106558,7.4836,61.5,2400030464,0x0
1786839865.736829260,7.6020,60.9,2400030464,0x0
1786839866.820871484,6.8113,63.1,2400027136,0x0
1786839867.901099477,7.6233,63.1,2400033792,0x0
1786839868.979313280,7.5125,63.1,2400030464,0x0
1786839870.051100965,5.1319,59.8,2400020480,0x0
1786839871.101581079,5.4291,61.5,2400033792,0x0
1786839872.153531309,5.7109,58.2,2400030464,0x0
1786839873.203870808,4.8995,59.8,2400020480,0x0
1786839874.256404472,5.5491,59.3,2400027136,0x0
1786839875.306601930,5.6273,59.8,2400020480,0x0
1786839876.359175680,4.7230,59.3,2400023808,0x0
1786839877.412232498,5.5483,59.3,2400023808,0x0
1786839878.463264311,5.2284,58.7,2400030464,0x0
1786839879.512670468,5.2156,58.7,2400033792,0x0
1786839880.564859803,5.8999,59.3,2400023808,0x0
1786839881.618419235,5.3323,59.8,2400023808,0x0
1786839882.668547489,4.8978,59.3,2400030464,0x0
1786839883.718895812,2.1592,54.3,2400027136,0x0
1786839884.759909785,2.1621,53.2,2400027136,0x0
1786839885.800898864,1.8560,53.2,2400027136,0x0
1786839886.842008957,2.1144,53.2,2400027136,0x0
1786839887.883359028,1.7572,52.1,1600020224,0x0
1786839888.927385186,1.7340,51.6,1500016128,0x0
1786839889.981009466,7.3654,56.5,2400030464,0x0
1786839891.071087779,5.8400,57.6,2400033792,0x0
1786839892.124980347,4.7359,58.2,2400030464,0x0
1786839893.178658730,5.1213,58.2,2400020480,0x0
1786839894.231674930,5.2082,57.6,2400030464,0x0
1786839895.284833052,5.2455,59.8,2400033792,0x0
1786839896.337583323,5.8570,58.7,2400023808,0x0
1786839897.390972030,5.9045,58.7,2400033792,0x0
1786839898.443818073,5.9532,58.2,2400023808,0x0
1786839899.497085498,5.7710,59.3,2400033792,0x0
1786839900.549385132,5.5776,59.8,2400030464,0x0
1786839901.601024732,3.2027,54.9,2400023808,0x0
1786839902.642100880,2.1556,53.2,2400020480,0x0
1786839903.683075157,1.8652,53.8,2400033792,0x0
1786839904.724354056,1.7757,53.2,1500019456,0x0
1786839905.767851787,1.7393,50.5,1500019456,0x0
1786839906.811134127,1.4878,52.1,1500022656,0x0
1786839907.857710106,3.7529,55.4,2400023808,0x0
1786839908.941163259,7.4327,59.3,2400020480,0x0
1786839910.019375193,5.3133,58.2,2400023808,0x0
1786839911.073852653,3.9454,56.0,2400023808,0x0
1786839912.144258257,5.3847,57.6,2400027136,0x0
1786839913.195516628,2.1959,54.3,2400023808,0x0
1786839914.236663264,2.1909,52.7,2400033792,0x0
1786839915.277822491,1.8630,54.3,2400023808,0x0
1786839916.319042437,2.1731,52.7,2400030464,0x0
1786839917.360091863,2.2968,52.1,2400023808,0x0
1786839918.401199767,1.4775,51.6,1500012800,0x0
1786839919.444715483,2.8701,52.1,2400033792,0x0
1786839920.496955920,5.5375,57.6,2400023808,0x0
1786839921.572833603,6.4161,59.3,2400030464,0x0
1786839922.669196448,7.4902,60.9,2400027136,0x0
1786839923.761266789,3.1840,61.5,2400027136,0x0
1786839924.837258445,7.3425,61.5,2400027136,0x0
1786839925.916865161,6.5137,60.9,2400020480,0x0
1786839926.990969086,5.1414,60.9,2400023808,0x0
1786839928.045100026,5.3805,59.3,2400033792,0x0
1786839929.098909151,5.3700,58.7,2400030464,0x0
1786839930.154254650,5.7181,59.3,2400020480,0x0
1786839931.207800384,5.7095,58.2,2400023808,0x0
1786839932.259108541,5.2378,58.2,2400030464,0x0
1786839933.308944337,5.8302,58.2,2400027136,0x0
1786839934.361611163,4.6795,58.2,2400030464,0x0
1786839935.414263857,3.0233,58.2,2400027136,0x0
1786839936.458702265,2.1633,54.3,2400020480,0x0
1786839937.499529386,2.1482,52.1,2400030464,0x0
1786839938.540774057,2.8192,52.1,2400030464,0x0
1786839939.594678934,7.4264,57.6,2400033792,0x0
1786839940.673084735,4.8250,62.0,2400027136,0x0
1786839941.756611509,7.8820,62.6,2400023808,0x0
1786839942.825477032,6.5652,61.5,2400020480,0x0
1786839943.909103727,7.4790,62.0,2400023808,0x0
1786839944.984979409,7.4928,61.5,2400037120,0x0
1786839946.081365751,7.4739,63.1,2400033792,0x0
1786839947.165056566,7.0188,64.8,2400020480,0x0
1786839948.235665636,5.4872,60.9,2400027136,0x0
1786839949.286988123,4.7594,59.3,2400023808,0x0
1786839950.340149574,5.5619,60.4,2400020480,0x0
1786839951.390913580,5.0805,58.7,2400023808,0x0
1786839952.441994414,5.1700,58.7,2400023808,0x0
1786839953.493641074,5.5882,58.7,2400020480,0x0
1786839954.545022975,5.8458,59.3,2400030464,0x0
1786839955.596958813,5.2791,58.7,2400020480,0x0
1786839956.647743769,5.3472,59.8,2400030464,0x0
1786839957.699709695,5.5599,59.8,2400033792,0x0
1786839958.753227828,2.8777,59.8,2400020480,0x0
1786839959.797408573,2.1422,56.0,2400030464,0x0
1786839960.838336788,2.1242,53.2,2400020480,0x0
1786839961.885627354,6.5719,54.3,2400030464,0x0
1786839962.943727754,6.0766,57.6,2400023808,0x0
1786839963.997175709,5.7172,58.7,2400023808,0x0
1786839965.050055333,5.1163,59.3,2400020480,0x0
1786839966.104275276,4.9550,59.8,2400033792,0x0
1786839967.158002443,5.3163,58.7,2400027136,0x0
1786839968.211100966,5.2183,59.3,2400033792,0x0
1786839969.264936275,5.6387,59.3,2400030464,0x0
1786839970.319079062,4.9944,59.3,2400030464,0x0
1786839971.372606925,5.0757,59.8,2400030464,0x0
1786839972.425803623,5.7478,59.3,2400023808,0x0
1786839973.479456517,5.1980,58.7,2400023808,0x0
1786839974.532851505,5.6044,59.8,2400030464,0x0
1786839975.587525886,5.6539,59.8,2400020480,0x0
1786839976.641498438,5.0762,59.3,2400033792,0x0
1786839977.695517246,5.0908,59.8,2400033792,0x0
1786839978.749134889,5.1900,59.8,2400033792,0x0
1786839979.803210100,5.1784,59.3,2400027136,0x0
1786839980.856994200,5.1296,59.8,2400027136,0x0
1786839981.911236534,5.4678,60.4,2400030464,0x0
1786839982.965202498,5.7338,59.8,2400030464,0x0
1786839984.019610790,5.5668,58.7,2400027136,0x0
1786839985.072670368,5.0511,60.4,2400023808,0x0
1786839986.125895979,5.9076,59.8,2400023808,0x0
1786839987.179146829,4.2568,60.4,2400033792,0x0
1786839988.232825858,5.1947,59.8,2400027136,0x0
1786839989.285609411,5.4167,59.8,2400030464,0x0
1786839990.339078678,4.0419,60.9,2400023808,0x0
1786839991.391183510,5.0297,59.8,2400020480,0x0
1786839992.446071928,5.5539,60.9,2400027136,0x0
1786839993.500627161,5.6621,58.7,2400020480,0x0
1786839994.554080178,5.2040,59.8,2400033792,0x0
1786839995.608811294,5.7076,59.8,2400023808,0x0
1786839996.663403927,5.6380,59.8,2400033792,0x0
1786839997.717787171,5.0380,60.9,2400027136,0x0
1786839998.770739906,5.2306,60.4,2400023808,0x0
1786839999.823830712,5.7746,60.4,2400020480,0x0
1786840000.877285142,5.1084,59.8,2400033792,0x0
1786840001.930110446,5.2900,60.4,2400033792,0x0
1786840002.983210782,5.8052,58.2,2400027136,0x0
1786840004.036345987,4.6358,61.5,2400033792,0x0
1786840005.091240229,5.1693,59.8,2400030464,0x0
1786840006.144449576,5.1252,60.9,2400033792,0x0
1786840007.199163631,5.3664,60.4,2400030464,0x0
1786840008.253538353,5.0773,59.8,2400020480,0x0
1786840009.307969702,5.2196,59.8,2400030464,0x0
1786840010.361493371,5.6606,60.4,2400020480,0x0
1786840011.414772263,5.8153,59.8,2400033792,0x0
1786840012.469373696,5.3882,60.4,2400020480,0x0
1786840013.524443013,4.4302,59.8,2400020480,0x0
1786840014.577749582,5.9984,58.7,2400030464,0x0
1786840015.631576275,5.2660,60.4,2400030464,0x0
1786840016.684646936,4.4072,59.8,2400027136,0x0
1786840017.738805955,5.0945,60.9,2400020480,0x0
1786840018.792895899,5.8277,59.8,2400023808,0x0
1786840019.846308642,5.3717,59.8,2400037120,0x0
1786840020.900321638,5.8034,60.9,2400027136,0x0
1786840021.954828201,5.2175,59.3,2400033792,0x0
1786840023.008792063,5.7519,59.3,2400020480,0x0
1786840024.063060921,5.1994,59.8,2400023808,0x0
1786840025.116617171,5.3636,59.8,2400020480,0x0
1786840026.171143115,5.8627,59.3,2400033792,0x0
1786840027.225229264,5.6025,58.7,2400020480,0x0
1786840028.278450936,5.0428,59.3,2400020480,0x0
1786840029.331497312,5.7096,59.8,2400020480,0x0
1786840030.385022275,5.2715,60.9,2400033792,0x0
1786840031.437349430,5.7287,59.8,2400030464,0x0
1786840032.489672621,5.6428,59.8,2400030464,0x0
1786840033.543952348,5.8231,60.4,2400033792,0x0
1786840034.597047158,5.2280,58.2,2400030464,0x0
1786840035.651605175,5.4190,59.3,2400023808,0x0
1786840036.706240042,5.2527,59.3,2400033792,0x0
1786840037.760271115,5.2165,58.2,2400030464,0x0
1786840038.813930689,5.1131,59.3,2400023808,0x0
1786840039.867111895,5.2698,59.3,2400023808,0x0
1786840040.920867428,5.2638,59.3,2400020480,0x0
1786840041.974764772,5.9929,59.8,2400027136,0x0
1786840043.027372514,5.6531,58.7,2400027136,0x0
1786840044.080420546,5.6100,58.7,2400023808,0x0
1786840045.134247458,4.6078,58.2,2400030464,0x0
1786840046.186935693,5.9350,59.3,2400027136,0x0
1786840047.240315476,4.9018,60.4,2400023808,0x0
1786840048.293627646,5.7742,59.3,2400037120,0x0
1786840049.347725049,5.8833,59.3,2400023808,0x0
1786840050.402200186,5.8554,59.3,2400030464,0x0
1786840051.455974883,5.9725,59.8,2400027136,0x0
1786840052.510266556,5.7984,58.7,2400023808,0x0
1786840053.563274996,5.2421,59.3,2400027136,0x0
1786840054.616993799,4.8205,59.8,2400030464,0x0
1786840055.670154383,5.5756,60.4,2400030464,0x0
1786840056.723497796,5.7163,59.8,2400020480,0x0
1786840057.777644997,5.3203,59.3,2400030464,0x0
1786840058.830722334,5.6725,58.7,2400033792,0x0
1786840059.883779170,5.2417,59.8,2400023808,0x0
1786840060.936558414,5.6528,58.2,2400033792,0x0
1786840061.990771310,5.2251,59.3,2400030464,0x0
1786840063.043720603,5.9421,60.9,2400020480,0x0
1786840064.098259511,5.8216,58.7,2400030464,0x0
1786840065.152861917,5.6794,59.8,2400023808,0x0
1786840066.207149674,5.6169,59.8,2400020480,0x0
1786840067.261986592,5.5809,58.7,2400020480,0x0
1786840068.316105089,5.2947,59.3,2400020480,0x0
1786840069.370544525,5.0252,58.2,2400030464,0x0
1786840070.424110726,5.7847,58.7,2400023808,0x0
1786840071.477922385,5.0740,60.9,2400023808,0x0
1786840072.531505971,4.8800,59.3,2400020480,0x0
1786840073.585242924,5.8703,59.3,2400023808,0x0
1786840074.640260716,5.5358,58.7,2400027136,0x0
1786840075.693055636,5.7133,58.7,2400023808,0x0
1786840076.746311976,2.8213,59.3,2400030464,0x0
1786840077.804051369,4.9023,59.3,2400033792,0x0
1786840078.858403751,5.7471,60.4,2400030464,0x0
1786840079.915848439,5.0852,59.8,2400020480,0x0
1786840080.970426667,5.5749,60.9,2400023808,0x0
1786840082.025339188,5.7907,59.3,2400020480,0x0
1786840083.080793627,4.5052,60.9,2400027136,0x0
1786840084.134614486,5.1708,59.8,2400030464,0x0
1786840085.187669609,5.6156,58.7,2400023808,0x0
1786840086.242937693,5.9279,59.3,2400023808,0x0
1786840087.295913017,4.9986,58.2,2400027136,0x0
1786840088.349146003,5.8317,58.2,2400020480,0x0
1786840089.402523542,4.9368,58.7,2400023808,0x0
1786840090.455906135,5.7673,59.3,2400033792,0x0
1786840091.509363280,5.1171,59.3,2400030464,0x0
1786840092.564602168,5.1855,58.7,2400027136,0x0
1786840093.619133375,5.0103,59.3,2400033792,0x0
1786840094.673538433,5.2288,59.3,2400030464,0x0
1786840095.727093126,5.0893,59.3,2400033792,0x0
1786840096.781081128,5.5819,59.3,2400033792,0x0
1786840097.835333793,5.3346,58.7,2400030464,0x0
1786840098.892750188,5.1853,58.7,2400027136,0x0
1786840099.946467835,5.7317,60.4,2400023808,0x0
1786840101.000327183,5.8572,60.4,2400030464,0x0
1786840102.054827616,5.1114,59.3,2400027136,0x0
1786840103.108918440,5.8466,59.8,2400030464,0x0
1786840104.161433942,5.5596,60.4,2400023808,0x0
1786840105.214686325,5.2921,60.9,2400020480,0x0
1786840106.267816226,5.2608,59.3,2400027136,0x0
1786840107.321819728,5.5646,59.3,2400033792,0x0
1786840108.375411677,5.0183,59.3,2400027136,0x0
1786840109.430019726,4.9240,58.7,2400033792,0x0
1786840110.483631338,5.4546,59.8,2400033792,0x0
1786840111.537006561,5.9332,59.8,2400027136,0x0
1786840112.591468884,5.8652,58.7,2400023808,0x0
1786840113.644515736,5.0936,58.7,2400027136,0x0
1786840114.697716473,5.6558,58.7,2400027136,0x0
1786840115.751639148,5.4649,57.6,2400030464,0x0
1786840116.809515934,5.5646,60.9,2400030464,0x0
1786840117.863264458,5.7019,60.9,2400027136,0x0
1786840118.915509197,5.1436,60.4,2400020480,0x0
1786840119.969111960,5.2141,60.4,2400020480,0x0
1786840121.023054866,5.5328,60.9,2400020480,0x0
1786840122.077190194,5.3206,59.8,2400027136,0x0
1786840123.131788017,5.2841,60.4,2400027136,0x0
1786840124.186284784,5.2205,60.4,2400033792,0x0
1786840125.239610706,5.1879,59.8,2400030464,0x0
1786840126.293607233,5.2362,60.4,2400033792,0x0
1786840127.347524092,5.6590,60.4,2400033792,0x0
1786840128.402552439,5.0852,60.4,2400027136,0x0
1786840129.455980836,5.8220,60.4,2400033792,0x0
1786840130.510589961,5.7946,59.8,2400030464,0x0
1786840131.563359712,5.2917,60.4,2400020480,0x0
1786840132.617019287,5.6929,60.4,2400027136,0x0
1786840133.669313261,5.9215,60.4,2400023808,0x0
1786840134.722872685,4.8907,59.8,2400027136,0x0
1786840135.776133036,5.6799,59.8,2400020480,0x0
1786840136.830617356,5.7864,60.4,2400033792,0x0
1786840137.884660511,5.2671,61.5,2400023808,0x0
1786840138.937943561,5.0831,59.8,2400020480,0x0
1786840139.991982768,5.3810,59.8,2400027136,0x0
1786840141.045044298,5.4214,60.4,2400023808,0x0
1786840142.098708765,5.6871,59.8,2400023808,0x0
1786840143.153674811,4.2847,59.3,2400023808,0x0
1786840144.206093100,4.6343,59.8,2400020480,0x0
1786840145.259919079,5.8788,59.8,2400020480,0x0
1786840146.312494642,5.1665,59.3,2400030464,0x0
1786840147.365741585,5.7720,61.5,2400023808,0x0
1786840148.420122277,5.8699,59.8,2400027136,0x0
1786840149.474339061,5.7019,59.8,2400033792,0x0
1786840150.529664963,5.7562,60.4,2400030464,0x0
1786840151.584284592,5.8671,60.4,2400030464,0x0
1786840152.638949293,5.9269,59.8,2400027136,0x0
1786840153.693900008,5.3197,59.8,2400027136,0x0
1786840154.748144450,5.2197,60.4,2400033792,0x0
1786840155.801245826,5.3485,59.8,2400027136,0x0
1786840156.856135315,5.7561,60.4,2400023808,0x0
1786840157.910599380,5.1747,60.9,2400023808,0x0
1786840158.963391680,5.0702,59.8,2400030464,0x0
1786840160.016985749,4.9863,58.7,2400030464,0x0
1786840161.070206561,5.3661,60.4,2400020480,0x0
1786840162.123107411,5.2824,59.8,2400027136,0x0
1786840163.177399932,5.1790,60.9,2400037120,0x0
1786840164.232013579,5.3338,60.4,2400020480,0x0
1786840165.286985924,5.2041,59.8,2400033792,0x0
1786840166.340996332,5.7999,61.5,2400023808,0x0
1786840167.394941313,5.9118,59.8,2400033792,0x0
1786840168.449213604,5.8436,58.7,2400020480,0x0
1786840169.502866455,5.1452,60.4,2400020480,0x0
1786840170.556047215,5.4027,59.8,2400030464,0x0
1786840171.609902876,5.9256,59.8,2400020480,0x0
1786840172.663385334,5.4398,59.8,2400033792,0x0
1786840173.717207696,5.4156,60.4,2400030464,0x0
1786840174.770243192,4.9852,60.4,2400023808,0x0
1786840175.824002847,4.1645,60.4,2400030464,0x0
1786840176.876771528,4.9615,60.4,2400027136,0x0
1786840177.929905019,4.8530,61.5,2400030464,0x0
1786840178.985031879,5.1900,60.4,2400027136,0x0
1786840180.038567400,4.8792,59.8,2400023808,0x0
1786840181.091300946,5.2775,60.4,2400020480,0x0
1786840182.145204646,5.6933,60.4,2400023808,0x0
1786840183.199408786,5.8166,61.5,2400030464,0x0
1786840184.254122717,5.3896,61.5,2400023808,0x0
1786840185.307540175,5.7606,60.9,2400027136,0x0
1786840186.361930365,5.7917,60.4,2400023808,0x0
1786840187.415655485,5.0521,60.9,2400027136,0x0
1786840188.468489000,4.8069,60.4,2400020480,0x0
1786840189.522530132,5.0582,60.4,2400020480,0x0
1786840190.575536310,5.6956,60.4,2400030464,0x0
1786840191.629038277,5.0280,60.4,2400020480,0x0
1786840192.683582919,5.2488,60.4,2400023808,0x0
1786840193.737517362,5.2369,60.4,2400020480,0x0
1786840194.791525894,5.3258,60.9,2400030464,0x0
1786840195.845421889,5.0038,61.5,2400030464,0x0
1786840196.899348772,5.2262,60.9,2400027136,0x0
1786840197.953278301,5.7083,60.4,2400020480,0x0
1786840199.007964803,5.1136,61.5,2400020480,0x0
1786840200.062429583,5.2607,60.4,2400023808,0x0
1786840201.115684799,5.7938,60.9,2400030464,0x0
1786840202.169497045,5.2820,59.8,2400020480,0x0
1786840203.222912608,5.7466,61.5,2400027136,0x0
1786840204.277631750,5.2817,60.4,2400030464,0x0
1786840205.330787275,5.5837,60.4,2400033792,0x0
1786840206.383921485,5.1678,60.9,2400030464,0x0
1786840207.437229450,5.0885,59.8,2400020480,0x0
1786840208.491442739,5.2570,59.8,2400033792,0x0
1786840209.545341993,5.2696,60.4,2400027136,0x0
1786840210.598815545,5.1145,60.4,2400020480,0x0
1786840211.652598352,5.0673,61.5,2400030464,0x0
1786840212.706069124,5.8823,60.4,2400020480,0x0
1786840213.759269785,5.6912,59.8,2400030464,0x0
1786840214.812845182,4.6322,59.3,2400027136,0x0
1786840215.866022193,5.8542,59.8,2400030464,0x0
1786840216.919320386,5.2467,60.4,2400023808,0x0
1786840217.972648151,5.9188,60.4,2400020480,0x0
1786840219.025695918,4.8515,59.3,2400027136,0x0
1786840220.078820923,5.2995,59.8,2400020480,0x0
1786840221.132879363,5.3467,59.8,2400023808,0x0
1786840222.186874024,5.8120,59.8,2400027136,0x0
1786840223.241544067,4.9425,60.9,2400030464,0x0
1786840224.295853926,5.1539,59.8,2400030464,0x0
1786840225.349483624,5.0905,58.7,2400020480,0x0
1786840226.403407261,4.2416,60.9,2400020480,0x0
1786840227.457064770,6.0172,60.4,2400027136,0x0
1786840228.511665084,4.6100,58.7,2400023808,0x0
1786840229.566222064,5.3298,60.9,2400030464,0x0
1786840230.620044271,5.9690,60.4,2400027136,0x0
1786840231.674930671,5.1542,59.8,2400027136,0x0
1786840232.728304305,5.8756,59.3,2400027136,0x0
1786840233.781568180,5.1412,59.8,2400027136,0x0
1786840234.835148791,5.7662,60.9,2400030464,0x0
1786840235.889669799,5.7716,60.9,2400023808,0x0
1786840236.944279528,5.6200,62.0,2400033792,0x0
1786840237.998448870,5.7722,59.3,2400020480,0x0
1786840239.052157771,5.0895,60.9,2400020480,0x0
1786840240.106175427,5.2476,59.8,2400033792,0x0
1786840241.159411532,5.1754,59.8,2400020480,0x0
1786840242.212408805,5.1987,58.7,2400020480,0x0
1786840243.265453706,4.7381,61.5,2400023808,0x0
1786840244.318501273,5.2357,62.0,2400033792,0x0
1786840245.372308238,5.6571,60.9,2400023808,0x0
1786840246.426548550,4.9391,59.8,2400027136,0x0
1786840247.480246773,5.7306,60.9,2400023808,0x0
1786840248.533378556,5.0432,61.5,2400027136,0x0
1786840249.588817483,6.3555,60.4,2400027136,0x0
1786840250.642991809,6.0135,61.5,2400033792,0x0
1786840251.697876053,5.6239,60.4,2400033792,0x0
1786840252.752070654,5.9377,60.4,2400027136,0x0
1786840253.808829193,6.1626,60.9,2400030464,0x0
1786840254.863729193,4.8557,59.8,2400030464,0x0
1786840255.917728439,5.2722,58.7,2400027136,0x0
1786840256.970829285,4.9213,60.4,2400030464,0x0
1786840258.025807983,5.1599,61.5,2400033792,0x0
1786840259.079527525,6.0457,60.9,2400033792,0x0
1786840260.133670913,5.8629,60.9,2400020480,0x0
1786840261.187248027,4.9503,61.5,2400023808,0x0
1786840262.240672882,4.9581,59.8,2400023808,0x0
1786840263.294051513,5.3518,60.4,2400033792,0x0
1786840264.348782095,5.2541,60.9,2400027136,0x0
1786840265.403698303,5.4515,59.8,2400020480,0x0
1786840266.457000487,4.6361,60.9,2400033792,0x0
1786840267.510949516,5.1521,60.4,2400023808,0x0
1786840268.565161985,5.9007,60.4,2400033792,0x0
1786840269.619116104,5.7353,60.4,2400020480,0x0
1786840270.672508375,5.2900,60.4,2400020480,0x0
1786840271.725124577,4.9723,60.4,2400030464,0x0
1786840272.778634899,5.2733,60.9,2400027136,0x0
1786840273.831633873,5.4095,60.4,2400033792,0x0
1786840274.885494708,6.0196,60.9,2400033792,0x0
1786840275.939352524,4.6988,59.8,2400023808,0x0
1786840276.993272615,5.4826,60.9,2400033792,0x0
1786840278.046688136,5.0497,59.8,2400027136,0x0
1786840279.100914611,4.9772,60.4,2400027136,0x0
1786840280.154952031,5.3959,60.4,2400020480,0x0
1786840281.209403298,5.0509,60.9,2400023808,0x0
1786840282.263143496,5.0644,60.9,2400020480,0x0
1786840283.317269133,5.8689,59.8,2400027136,0x0
1786840284.370165466,5.0461,60.4,2400030464,0x0
1786840285.424055473,5.1644,61.5,2400033792,0x0
1786840286.477153671,5.5485,59.8,2400030464,0x0
1786840287.531151638,5.2754,59.8,2400033792,0x0
1786840288.585003531,5.2054,60.9,2400027136,0x0
1786840289.638581740,5.3099,61.5,2400023808,0x0
1786840290.691374677,5.1851,60.4,2400020480,0x0
1786840291.744921180,5.0922,58.7,2400020480,0x0
1786840292.799095325,5.4714,60.9,2400027136,0x0
1786840293.853128543,5.6546,59.8,2400027136,0x0
1786840294.907372092,5.8172,60.4,2400023808,0x0
1786840295.961020070,5.1231,59.8,2400033792,0x0
1786840297.014808287,5.1085,60.4,2400030464,0x0
1786840298.068915667,5.2503,61.5,2400030464,0x0
1786840299.122141201,5.9188,60.9,2400033792,0x0
1786840300.176299744,5.2253,60.4,2400030464,0x0
1786840301.229130668,5.8673,60.4,2400030464,0x0
1786840302.283043878,4.9436,59.8,2400023808,0x0
1786840303.336445702,4.5135,61.5,2400027136,0x0
1786840304.390869960,5.1353,60.4,2400030464,0x0
1786840305.443462085,5.4066,60.9,2400030464,0x0
1786840306.498004099,5.1609,59.3,2400037120,0x0
1786840307.552481798,6.1413,59.8,2400023808,0x0
1786840308.605824098,5.1679,59.8,2400030464,0x0
1786840309.659924168,5.0338,60.4,2400023808,0x0
1786840310.713692184,5.2831,59.8,2400023808,0x0
1786840311.767396532,5.2597,61.5,2400020480,0x0
1786840312.820786105,5.3324,62.6,2400030464,0x0
1786840313.873935290,5.6480,61.5,2400023808,0x0
1786840314.927755467,5.4014,60.9,2400023808,0x0
1786840315.980267174,5.3912,60.4,2400033792,0x0
1786840317.033572890,5.1335,60.9,2400033792,0x0
1786840318.086453387,5.1905,60.4,2400027136,0x0
1786840319.140720149,5.3727,60.9,2400023808,0x0
1786840320.195240499,5.8927,60.9,2400033792,0x0
1786840321.241278128,5.1609,61.5,2400023808,0x0
1786840322.295298388,5.2407,60.4,2400023808,0x0
1786840323.349625977,5.0926,59.8,2400020480,0x0
1786840324.402642707,4.9989,61.5,2400027136,0x0
1786840325.455966562,4.6111,61.5,2400027136,0x0
1786840326.508729921,5.3036,60.4,2400023808,0x0
1786840327.562621195,5.8786,59.8,2400033792,0x0
1786840328.617181684,5.3522,61.5,2400030464,0x0
1786840329.670074168,5.3450,60.4,2400023808,0x0
1786840330.723500405,5.9192,62.6,2400030464,0x0
1786840331.776663274,5.1023,60.4,2400023808,0x0
1786840332.829647827,5.8838,62.6,2400020480,0x0
1786840333.883508632,5.2119,60.9,2400027136,0x0
1786840334.937137640,5.4364,59.8,2400027136,0x0
1786840335.991245144,5.6359,61.5,2400027136,0x0
1786840337.046036510,5.4375,60.4,2400030464,0x0
1786840338.100387750,4.4240,59.8,2400020480,0x0
1786840339.154784896,5.1485,60.9,2400030464,0x0
1786840340.207917366,5.0374,60.9,2400020480,0x0
1786840341.261765255,5.7444,60.4,2400033792,0x0
1786840342.315882011,5.9183,60.9,2400023808,0x0
1786840343.370780147,5.2517,60.4,2400030464,0x0
1786840344.425109269,5.0493,60.4,2400030464,0x0
1786840345.480067792,5.5914,60.9,2400027136,0x0
1786840346.534848426,5.1205,61.5,2400023808,0x0
1786840347.588837270,5.2747,60.4,2400023808,0x0
1786840348.641761474,5.5006,62.0,2400023808,0x0
1786840349.694500308,5.9629,60.4,2400030464,0x0
1786840350.748450427,5.6660,59.3,2400027136,0x0
1786840351.802606228,5.4462,60.4,2400023808,0x0
1786840352.857783500,5.8900,60.4,2400027136,0x0
1786840353.912672996,5.7247,61.5,2400030464,0x0
1786840354.965802692,6.0501,60.4,2400020480,0x0
1786840356.018847646,5.1739,59.3,2400033792,0x0
1786840357.072598371,5.6934,60.9,2400030464,0x0
1786840358.127345864,5.6766,60.4,2400030464,0x0
1786840359.181318825,5.8193,60.9,2400033792,0x0
1786840360.235337304,5.8352,62.0,2400020480,0x0
1786840361.290266199,5.0097,60.9,2400030464,0x0
1786840362.343731847,5.6514,60.4,2400020480,0x0
1786840363.396507389,5.8620,60.4,2400027136,0x0
1786840364.451117765,5.2586,61.5,2400030464,0x0
1786840365.505655789,5.8129,60.4,2400023808,0x0
1786840366.559242987,5.1640,60.4,2400027136,0x0
1786840367.612867461,5.8597,60.9,2400027136,0x0
1786840368.667323613,5.7199,59.8,2400030464,0x0
1786840369.721607505,5.0647,62.0,2400030464,0x0
1786840370.775890878,5.0391,59.8,2400020480,0x0
1786840371.828860094,5.0831,60.4,2400020480,0x0
1786840372.882812968,5.7686,60.9,2400033792,0x0
1786840373.936476269,4.5478,60.4,2400023808,0x0
1786840374.989703017,5.9676,60.4,2400027136,0x0
1786840376.042484176,4.9729,60.9,2400020480,0x0
1786840377.096310732,5.0660,60.4,2400027136,0x0
1786840378.149036037,5.3665,58.7,2400020480,0x0
1786840379.204060042,5.3235,62.0,2400027136,0x0
1786840380.258788624,5.4313,60.4,2400030464,0x0
1786840381.312650842,5.5951,60.4,2400033792,0x0
1786840382.366996517,4.9600,60.4,2400023808,0x0
1786840383.420594494,5.5933,62.0,2400030464,0x0
1786840384.474643022,5.9248,61.5,2400027136,0x0
1786840385.529427302,4.9725,59.8,2400030464,0x0
1786840386.582128487,5.1377,61.5,2400027136,0x0
1786840387.635632943,5.5127,60.4,2400027136,0x0
1786840388.689766966,4.9456,60.9,2400027136,0x0
1786840389.742950256,5.9249,59.8,2400030464,0x0
1786840390.798219137,5.0452,61.5,2400033792,0x0
1786840391.852770042,5.3093,60.4,2400020480,0x0
1786840392.906694858,4.4972,60.4,2400037120,0x0
1786840393.960436639,5.1387,60.4,2400020480,0x0
1786840395.014220937,4.4337,62.0,2400020480,0x0
1786840396.067934345,5.2609,60.4,2400023808,0x0
1786840397.121001869,5.3121,61.5,2400020480,0x0
1786840398.175427584,6.1773,60.4,2400023808,0x0
1786840399.229434561,5.7528,62.6,2400030464,0x0
1786840400.284257770,4.4837,60.4,2400027136,0x0
1786840401.337402438,5.3829,60.4,2400020480,0x0
1786840402.391363282,6.1295,60.4,2400020480,0x0
1786840403.445258293,4.7791,59.8,2400020480,0x0
1786840404.499669242,5.0734,60.9,2400030464,0x0
1786840405.552101524,5.4635,60.4,2400020480,0x0
1786840406.605816959,5.2863,60.4,2400027136,0x0
1786840407.658954750,5.4651,60.4,2400023808,0x0
1786840408.715876914,4.4508,60.9,2400023808,0x0
1786840409.769979399,5.2824,60.4,2400030464,0x0
1786840410.824046160,5.5806,60.9,2400023808,0x0
1786840411.877135115,5.3035,60.4,2400020480,0x0
1786840412.931197893,5.1219,62.0,2400030464,0x0
1786840413.985248763,5.3586,60.4,2400027136,0x0
1786840415.039186410,5.8188,59.3,2400033792,0x0
1786840416.092720153,5.5047,60.9,2400033792,0x0
1786840417.146911667,5.3932,60.4,2400020480,0x0
1786840418.199820821,5.1898,59.8,2400033792,0x0
1786840419.253363801,5.0816,62.6,2400033792,0x0
1786840420.306960836,5.5925,60.4,2400030464,0x0
1786840421.360067300,5.4360,60.9,2400020480,0x0
1786840422.413622759,5.6659,59.8,2400033792,0x0
1786840423.468060024,5.7344,61.5,2400023808,0x0
1786840424.523064654,4.4989,60.9,2400030464,0x0
1786840425.577156716,5.1313,59.8,2400033792,0x0
1786840426.630287583,5.3030,61.5,2400033792,0x0
1786840427.684147423,5.7668,60.4,2400023808,0x0
1786840428.737534563,5.9334,60.4,2400033792,0x0
1786840429.792612854,5.0238,60.9,2400027136,0x0
1786840430.845574977,5.8666,60.9,2400033792,0x0
1786840431.898709542,4.8389,61.5,2400030464,0x0
1786840432.951997791,5.1040,61.5,2400023808,0x0
1786840434.006122456,4.8103,61.5,2400030464,0x0
1786840435.060642747,5.9917,61.5,2400033792,0x0
1786840436.114949409,5.8797,61.5,2400033792,0x0
1786840437.169698104,5.6515,60.9,2400030464,0x0
1786840438.223570712,5.7672,59.8,2400030464,0x0
1786840439.278143054,5.9123,60.9,2400033792,0x0
1786840440.332518286,5.0568,60.4,2400030464,0x0
1786840441.385984136,5.3671,61.5,2400030464,0x0
1786840442.439084600,5.4191,60.9,2400033792,0x0
1786840443.493577532,5.8824,60.4,2400033792,0x0
1786840444.547785928,5.3713,60.4,2400020480,0x0
1786840445.602071526,5.6436,60.4,2400023808,0x0
1786840446.655194190,4.9066,60.4,2400027136,0x0
1786840447.709542749,5.6259,62.0,2400023808,0x0
1786840448.762588541,5.2440,60.9,2400023808,0x0
1786840449.815100374,5.8939,61.5,2400037120,0x0
1786840450.869879241,5.4849,60.4,2400033792,0x0
1786840451.923047122,4.9177,59.8,2400020480,0x0
1786840452.976635257,3.3247,62.0,2400027136,0x0
1786840454.030978144,5.8434,61.5,2400027136,0x0
1786840455.085188142,5.6116,60.4,2400023808,0x0
1786840456.138257854,5.1432,59.8,2400027136,0x0
1786840457.191314194,5.3144,60.4,2400027136,0x0
1786840458.244848973,5.8667,58.7,2400027136,0x0
1786840459.298202253,5.1571,59.8,2400030464,0x0
1786840460.350530597,5.7910,59.3,2400027136,0x0
1786840461.404142799,4.9876,60.4,2400023808,0x0
1786840462.457368467,5.9018,60.9,2400020480,0x0
1786840463.511908473,5.1723,59.8,2400020480,0x0
1786840464.566527108,5.1917,60.4,2400030464,0x0
1786840465.621392832,5.2544,59.3,2400033792,0x0
1786840466.675080233,4.8345,59.8,2400033792,0x0
1786840467.728832039,5.9688,59.3,2400020480,0x0
1786840468.783204228,5.7291,59.8,2400020480,0x0
1786840469.837547750,5.2514,59.3,2400030464,0x0
1786840470.891869845,5.0577,59.8,2400030464,0x0
1786840471.944793062,5.7205,60.4,2400027136,0x0
1786840472.998474050,5.1393,59.8,2400023808,0x0
1786840474.051682986,5.2732,60.4,2400023808,0x0
1786840475.105732617,5.7067,59.8,2400020480,0x0
1786840476.160398908,5.1537,60.4,2400030464,0x0
1786840477.213134012,5.0847,60.4,2400027136,0x0
1786840478.268383074,5.2284,60.9,2400033792,0x0
1786840479.323540284,5.4720,60.4,2400027136,0x0
1786840480.378065443,5.5383,60.4,2400027136,0x0
1786840481.432117588,5.3045,59.8,2400023808,0x0
1786840482.486084584,4.5963,60.9,2400033792,0x0
1786840483.539258364,5.7926,60.4,2400023808,0x0
1786840484.593270969,5.3838,60.9,2400030464,0x0
1786840485.647792550,5.5936,60.4,2400030464,0x0
1786840486.701488860,5.0306,60.9,2400033792,0x0
1786840487.755274409,5.0912,60.9,2400033792,0x0
1786840488.808756941,5.2184,60.4,2400020480,0x0
1786840489.862415156,5.7134,59.8,2400020480,0x0
1786840490.918653940,5.8194,59.8,2400027136,0x0
1786840491.971941545,4.9542,60.9,2400030464,0x0
1786840493.025016189,5.1682,63.7,2400037120,0x0
1786840494.079294562,4.8892,61.5,2400023808,0x0
1786840495.133250381,5.0088,60.9,2400027136,0x0
1786840496.186905184,5.3066,60.4,2400020480,0x0
1786840497.240804909,4.9992,61.5,2400033792,0x0
1786840498.293658069,5.8868,61.5,2400027136,0x0
1786840499.347919419,5.7520,60.9,2400023808,0x0
1786840500.401839920,4.3581,61.5,2400030464,0x0
1786840501.454633208,5.8127,61.5,2400027136,0x0
1786840502.508809778,5.3375,60.9,2400020480,0x0
1786840503.562219263,4.7925,61.5,2400027136,0x0
1786840504.616152241,5.0581,60.9,2400023808,0x0
1786840505.668540529,5.0517,59.3,2400020480,0x0
1786840506.722785818,5.2991,62.0,2400020480,0x0
1786840507.776801886,5.2637,60.4,2400030464,0x0
1786840508.830705103,5.2425,60.9,2400033792,0x0
1786840509.885029426,5.4085,60.9,2400027136,0x0
1786840510.939251008,4.9669,59.3,2400030464,0x0
1786840511.992608227,5.2183,62.0,2400027136,0x0
1786840513.045480616,5.2021,62.6,2400020480,0x0
1786840514.098774075,5.9172,62.0,2400023808,0x0
1786840515.152079569,4.4727,61.5,2400020480,0x0
1786840516.209319768,4.9928,60.9,2400020480,0x0
1786840517.262821612,5.4786,60.9,2400030464,0x0
1786840518.318041068,5.0747,62.6,2400030464,0x0
1786840519.371026396,5.8221,62.0,2400030464,0x0
1786840520.424722309,4.9842,62.0,2400020480,0x0
1786840521.478306352,5.8690,60.9,2400027136,0x0
1786840522.532527092,5.9199,60.4,2400027136,0x0
1786840523.587172679,5.7208,60.4,2400033792,0x0
1786840524.642093800,5.6030,60.9,2400033792,0x0
1786840525.696803441,5.9039,60.9,2400023808,0x0
1786840526.751187769,5.4164,59.8,2400020480,0x0
1786840527.804468829,5.2979,61.5,2400023808,0x0
1786840528.857438131,5.6805,60.4,2400033792,0x0
1786840529.911279665,5.2215,60.4,2400027136,0x0
1786840530.965330012,5.3282,62.6,2400020480,0x0
1786840532.018669697,5.7574,60.4,2400030464,0x0
1786840533.071594682,5.2884,60.9,2400030464,0x0
1786840534.124917662,5.7191,61.5,2400027136,0x0
1786840535.179903867,6.0632,60.4,2400033792,0x0
1786840536.233979376,5.5404,60.4,2400027136,0x0
1786840537.288419826,5.0511,61.5,2400030464,0x0
1786840538.341872450,5.2833,59.8,2400030464,0x0
1786840539.395968716,5.9934,60.9,2400020480,0x0
1786840540.449683836,5.9841,61.5,2400023808,0x0
1786840541.503565121,5.6787,60.9,2400020480,0x0
1786840542.558241953,5.7543,60.4,2400027136,0x0
1786840543.612158458,5.4448,59.3,2400027136,0x0
1786840544.666809085,5.3608,59.8,2400033792,0x0
1786840545.720630941,5.5838,59.8,2400020480,0x0
1786840546.773282659,5.8148,59.8,2400030464,0x0
1786840547.826496964,4.7742,59.8,2400020480,0x0
1786840548.879711027,5.5362,59.3,2400033792,0x0
1786840549.937916137,5.5246,60.9,2400037120,0x0
1786840550.992580111,5.5807,60.9,2400027136,0x0
1786840552.046202520,4.7938,60.4,2400033792,0x0
1786840553.100327517,5.3301,60.9,2400027136,0x0
1786840554.153829629,5.2219,60.4,2400030464,0x0
1786840555.207144557,5.6597,59.8,2400023808,0x0
1786840556.261096572,5.7232,60.9,2400033792,0x0
1786840557.314529756,5.4472,60.4,2400030464,0x0
1786840558.367086874,5.7527,59.8,2400020480,0x0
1786840559.421524623,4.4678,60.9,2400023808,0x0
1786840560.474641808,5.3505,60.4,2400020480,0x0
1786840561.528126064,5.7343,60.9,2400020480,0x0
1786840562.581277155,5.7688,61.5,2400033792,0x0
1786840563.635290052,4.6756,60.4,2400020480,0x0
1786840564.685097858,5.1136,60.9,2400020480,0x0
1786840565.739290715,5.7683,62.0,2400030464,0x0
1786840566.793673792,5.8069,59.8,2400027136,0x0
1786840567.848066831,4.4955,59.3,2400020480,0x0
1786840568.901375046,5.4254,59.8,2400020480,0x0
1786840569.956121618,5.9154,60.4,2400033792,0x0
1786840571.011227963,5.8184,59.3,2400027136,0x0
1786840572.063823275,5.2958,59.8,2400033792,0x0
1786840573.116929137,5.1004,58.7,2400027136,0x0
1786840574.170525049,5.2269,60.4,2400023808,0x0
1786840575.225262173,5.2808,59.8,2400030464,0x0
1786840576.279371487,4.9638,60.9,2400027136,0x0
1786840577.332541938,5.6545,59.3,2400020480,0x0
1786840578.385017247,5.1037,61.5,2400020480,0x0
1786840579.439210909,5.2781,59.3,2400023808,0x0
1786840580.492836817,4.6730,59.3,2400020480,0x0
1786840581.549530159,5.0924,60.9,2400023808,0x0
1786840582.602999956,5.8921,59.8,2400027136,0x0
1786840583.657091802,5.1805,60.9,2400033792,0x0
1786840584.711553533,5.6104,59.8,2400030464,0x0
1786840585.766372519,4.6991,60.4,2400030464,0x0
1786840586.820908266,5.2386,60.9,2400030464,0x0
1786840587.873721380,4.1346,60.9,2400033792,0x0
1786840588.927703502,5.2520,60.9,2400023808,0x0
1786840589.980728316,5.4994,62.0,2400033792,0x0
1786840591.034228718,5.1438,60.4,2400030464,0x0
1786840592.087884414,5.7649,60.9,2400030464,0x0
1786840593.143361667,5.3456,61.5,2400020480,0x0
1786840594.197075510,5.1602,59.8,2400023808,0x0
1786840595.251661881,5.2940,60.9,2400020480,0x0
1786840596.305587997,5.1336,62.0,2400033792,0x0
1786840597.359456170,5.0247,61.5,2400023808,0x0
1786840598.413312712,5.4915,60.9,2400027136,0x0
1786840599.466948755,5.6100,61.5,2400027136,0x0
1786840600.520326578,4.9135,60.9,2400027136,0x0
1786840601.573474125,5.3626,60.9,2400027136,0x0
1786840602.626812391,5.7116,60.4,2400030464,0x0
1786840603.679988158,4.7809,61.5,2400033792,0x0
1786840604.733399071,5.7145,59.8,2400020480,0x0
1786840605.786975999,5.6986,61.5,2400030464,0x0
1786840606.840335337,5.0118,60.4,2400027136,0x0
1786840607.894857515,5.6808,60.9,2400033792,0x0
1786840608.948316961,5.7739,62.0,2400030464,0x0
1786840610.003778759,5.6756,60.9,2400020480,0x0
1786840611.057115316,4.9190,60.4,2400033792,0x0
1786840612.110802573,5.1205,60.9,2400030464,0x0
1786840613.164028723,5.5265,60.4,2400027136,0x0
1786840614.218218011,5.8601,59.8,2400030464,0x0
1786840615.271752916,5.7526,60.4,2400033792,0x0
1786840616.324911842,5.1616,61.5,2400023808,0x0
1786840617.378752724,5.8997,60.4,2400020480,0x0
1786840618.432068462,5.7767,60.4,2400030464,0x0
1786840619.485000499,5.7070,60.4,2400033792,0x0
1786840620.540414105,5.4076,60.4,2400033792,0x0
1786840621.593835414,5.9321,61.5,2400033792,0x0
1786840622.648256528,5.7031,61.5,2400020480,0x0
1786840623.703126082,5.5756,60.4,2400027136,0x0
1786840624.757563843,5.8711,59.8,2400020480,0x0
1786840625.812436470,5.7822,59.8,2400020480,0x0
1786840626.866711046,4.8772,61.5,2400023808,0x0
1786840627.920819807,5.6486,59.3,2400020480,0x0
1786840628.974531017,4.9483,60.4,2400030464,0x0
1786840630.028678721,5.2589,62.0,2400020480,0x0
1786840631.082836759,5.2175,61.5,2400020480,0x0
1786840632.135655863,5.8920,60.4,2400033792,0x0
1786840633.190938593,5.3827,60.4,2400033792,0x0
1786840634.244336153,5.8642,61.5,2400023808,0x0
1786840635.296168487,3.0139,59.3,2400027136,0x0
1786840636.349382086,4.0607,60.4,2400027136,0x0
1786840637.403665877,5.7101,60.9,2400030464,0x0
1786840638.457882095,5.1056,59.3,2400027136,0x0
1786840639.512093460,5.8772,59.8,2400033792,0x0
1786840640.566722265,6.0411,61.5,2400020480,0x0
1786840641.621453901,5.3553,59.8,2400030464,0x0
1786840642.675746560,5.2680,59.3,2400023808,0x0
1786840643.728238494,4.9755,60.4,2400023808,0x0
1786840644.781567957,5.5159,59.8,2400023808,0x0
1786840645.834777531,4.6538,60.4,2400027136,0x0
1786840646.888554729,5.7265,59.8,2400030464,0x0
1786840647.941731913,5.0655,60.4,2400027136,0x0
1786840648.994653155,6.0072,59.8,2400020480,0x0
1786840650.049933837,5.2851,59.8,2400023808,0x0
1786840651.104516729,5.2308,59.8,2400020480,0x0
1786840652.158864918,4.8281,60.4,2400020480,0x0
1786840653.212309319,5.2907,58.7,2400033792,0x0
1786840654.265618462,5.2822,60.4,2400030464,0x0
1786840655.319077843,4.1315,60.4,2400023808,0x0
1786840656.373664750,5.9048,59.8,2400023808,0x0
1786840657.427695699,5.3523,60.4,2400023808,0x0
1786840658.481802461,5.0168,60.4,2400023808,0x0
1786840659.535467745,5.6245,60.4,2400027136,0x0
1786840660.588444276,5.6815,59.8,2400027136,0x0
1786840661.641423009,5.8600,59.8,2400030464,0x0
1786840662.694982441,4.8579,59.8,2400023808,0x0
1786840663.748221727,4.1778,59.8,2400023808,0x0
1786840664.800958109,5.8910,60.9,2400020480,0x0
1786840665.855341364,5.3304,60.4,2400033792,0x0
1786840666.909258957,5.1230,62.0,2400020480,0x0
1786840667.962533129,5.5237,59.8,2400020480,0x0
1786840669.016583737,5.0609,58.7,2400023808,0x0
1786840670.070645864,5.8304,59.3,2400030464,0x0
1786840671.129183597,5.9232,61.5,2400027136,0x0
1786840672.183535997,4.8630,59.8,2400033792,0x0
1786840673.236227930,5.5083,61.5,2400030464,0x0
1786840674.290707162,6.0453,60.9,2400027136,0x0
1786840675.344164550,5.3009,60.4,2400030464,0x0
1786840676.397152645,5.7547,60.9,2400030464,0x0
1786840677.450426460,4.8200,60.9,2400027136,0x0
1786840678.504630636,5.8876,59.3,2400033792,0x0
1786840679.559195919,5.3586,60.9,2400033792,0x0
1786840680.614124124,4.9354,61.5,2400023808,0x0
1786840681.668539667,5.7793,60.9,2400023808,0x0
1786840682.723119300,5.3392,62.0,2400030464,0x0
1786840683.776549647,5.4572,62.0,2400033792,0x0
1786840684.829873272,5.7242,62.0,2400023808,0x0
1786840685.884660457,6.0453,61.5,2400023808,0x0
1786840686.939438215,5.4712,62.0,2400023808,0x0
1786840687.994684765,4.4625,60.4,2400030464,0x0
1786840689.048047406,5.7522,60.4,2400023808,0x0
1786840690.101507823,4.7534,60.9,2400030464,0x0
1786840691.155301663,5.9911,60.9,2400020480,0x0
1786840692.208831763,4.9443,60.9,2400027136,0x0
1786840693.261696554,5.5759,62.0,2400037120,0x0
1786840694.315722890,5.9647,60.9,2400030464,0x0
1786840695.370062870,6.0804,59.8,2400033792,0x0
1786840696.424081575,5.9572,60.9,2400027136,0x0
1786840697.478393906,4.9951,62.6,2400030464,0x0
1786840698.532104483,5.1758,61.5,2400030464,0x0
1786840699.586168853,5.0862,60.9,2400023808,0x0
1786840700.639994965,5.7383,60.9,2400020480,0x0
1786840701.693606541,5.6297,61.5,2400027136,0x0
1786840702.747139302,5.7845,60.9,2400020480,0x0
1786840703.801064134,5.8685,61.5,2400033792,0x0
1786840704.853693921,4.9736,60.4,2400027136,0x0
1786840705.907111626,5.2788,62.6,2400033792,0x0
1786840706.960695607,5.9292,60.9,2400033792,0x0
1786840708.015547354,5.6055,60.9,2400027136,0x0
1786840709.070142843,4.7361,59.8,2400030464,0x0
1786840710.124508815,5.9421,60.9,2400030464,0x0
1786840711.178833435,6.0906,60.4,2400030464,0x0
1786840712.233446367,5.7710,60.9,2400033792,0x0
1786840713.286295704,5.6151,62.0,2400030464,0x0
1786840714.339932328,5.9165,60.9,2400027136,0x0
1786840715.394456796,5.9866,60.9,2400023808,0x0
1786840716.448556564,5.0080,60.9,2400027136,0x0
1786840717.501187252,4.9189,61.5,2400027136,0x0
1786840718.555051910,5.1561,62.0,2400027136,0x0
1786840719.608390831,4.9084,62.6,2400023808,0x0
1786840720.661795066,5.0612,59.8,2400020480,0x0
1786840721.714254550,5.6105,61.5,2400023808,0x0
1786840722.768773088,4.9358,60.9,2400023808,0x0
1786840723.823614864,5.6799,60.4,2400030464,0x0
1786840724.877435759,5.3505,59.8,2400020480,0x0
1786840725.930765548,5.8840,60.4,2400033792,0x0
1786840726.985464397,5.9406,60.9,2400023808,0x0
1786840728.038644963,5.2217,60.9,2400023808,0x0
1786840729.093093166,5.0890,61.5,2400020480,0x0
1786840730.146379730,5.6077,59.8,2400023808,0x0
1786840731.199688331,5.2728,60.9,2400023808,0x0
1786840732.253284836,4.9539,60.9,2400030464,0x0
1786840733.307303837,5.7481,60.9,2400033792,0x0
1786840734.360429326,5.3609,60.9,2400027136,0x0
1786840735.414190569,4.9956,61.5,2400023808,0x0
1786840736.467463705,4.9911,59.8,2400033792,0x0
1786840737.521919014,4.9524,60.9,2400033792,0x0
1786840738.576376952,5.6859,60.9,2400023808,0x0
1786840739.630341895,4.4482,62.6,2400033792,0x0
1786840740.684601612,4.9882,60.9,2400023808,0x0
1786840741.738856661,5.8936,62.6,2400033792,0x0
1786840742.792749047,5.5972,61.5,2400020480,0x0
1786840743.846682229,5.3501,62.0,2400027136,0x0
1786840744.900796297,5.6611,60.9,2400023808,0x0
1786840745.954630071,5.0622,62.0,2400023808,0x0
1786840747.007572611,5.1313,61.5,2400020480,0x0
1786840748.061581753,4.9526,60.9,2400030464,0x0
1786840749.114767087,5.3948,62.6,2400020480,0x0
1786840750.168761172,4.4795,61.5,2400020480,0x0
1786840751.222618128,4.8924,60.9,2400027136,0x0
1786840752.276353215,4.8667,61.5,2400030464,0x0
1786840753.329710934,5.2732,62.0,2400020480,0x0
1786840754.382598379,5.3659,62.6,2400030464,0x0
1786840755.436667609,5.1009,62.0,2400027136,0x0
1786840756.490457508,5.9602,60.9,2400027136,0x0
1786840757.545701356,4.6213,60.9,2400030464,0x0
1786840758.599146034,4.9980,60.9,2400030464,0x0
1786840759.652543306,5.2289,60.9,2400030464,0x0
1786840760.707444248,5.3200,62.0,2400030464,0x0
1786840761.760618872,5.0845,60.9,2400030464,0x0
1786840762.813822218,5.3974,61.5,2400030464,0x0
1786840763.868331680,3.2637,60.9,2400020480,0x0
1786840764.921474729,5.4879,62.6,2400027136,0x0
1786840765.976112412,4.5015,61.5,2400033792,0x0
1786840767.030029194,5.6823,61.5,2400030464,0x0
1786840768.083519664,5.0499,60.9,2400033792,0x0
1786840769.137162373,5.4294,60.9,2400023808,0x0
1786840770.190324049,5.6186,60.4,2400030464,0x0
1786840771.244599103,5.0665,60.9,2400027136,0x0
1786840772.297927091,5.8693,60.4,2400030464,0x0
1786840773.352760268,4.9142,60.9,2400033792,0x0
1786840774.405987331,4.5768,61.5,2400033792,0x0
1786840775.459293021,4.9352,61.5,2400020480,0x0
1786840776.512526583,4.6846,60.9,2400033792,0x0
1786840777.566269435,5.0261,59.3,2400030464,0x0
1786840778.620299284,5.7047,61.5,2400023808,0x0
1786840779.674425262,5.9156,60.4,2400023808,0x0
1786840780.728461332,5.8298,59.8,2400020480,0x0
1786840781.782764585,6.1552,60.9,2400023808,0x0
1786840782.836816506,5.9686,62.6,2400020480,0x0
1786840783.891883213,5.7556,61.5,2400023808,0x0
1786840784.945521100,5.2522,61.5,2400030464,0x0
1786840785.998475641,5.2234,62.0,2400033792,0x0
1786840787.051642828,5.8592,62.6,2400027136,0x0
1786840788.105096845,5.7881,61.5,2400027136,0x0
1786840789.157685925,5.0242,60.9,2400030464,0x0
1786840790.211371346,5.1480,60.4,2400023808,0x0
1786840791.265678502,5.0353,60.4,2400033792,0x0
1786840792.320986611,5.3665,59.8,2400020480,0x0
1786840793.373418024,5.7567,63.1,2400023808,0x0
1786840794.427898695,5.6708,61.5,2400030464,0x0
1786840795.482502791,5.8405,60.9,2400030464,0x0
1786840796.537339810,5.9722,60.4,2400020480,0x0
1786840797.592278197,5.7012,61.5,2400030464,0x0
1786840798.646717941,4.9988,60.9,2400027136,0x0
1786840799.699866197,5.4309,61.5,2400023808,0x0
1786840800.752896823,5.6502,60.9,2400023808,0x0
1786840801.807547175,5.7764,61.5,2400023808,0x0
1786840802.860850353,5.0982,60.4,2400023808,0x0
1786840803.914041995,4.0935,60.9,2400030464,0x0
1786840804.967579485,5.6918,61.5,2400027136,0x0
1786840806.020474166,6.0480,60.4,2400023808,0x0
1786840807.074230024,5.2462,60.9,2400030464,0x0
1786840808.127261813,5.1921,60.9,2400033792,0x0
1786840809.182649655,4.5334,62.6,2400027136,0x0
1786840810.236129329,5.1568,62.0,2400027136,0x0
1786840811.291710890,5.6424,61.5,2400030464,0x0
1786840812.348163165,5.8814,60.4,2400023808,0x0
1786840813.401841446,5.5186,60.4,2400020480,0x0
1786840814.455850224,4.4448,59.8,2400023808,0x0
1786840815.509540134,5.2672,60.9,2400030464,0x0
1786840816.563449468,5.8753,59.3,2400030464,0x0
1786840817.616753899,5.1989,58.7,2400030464,0x0
1786840818.670022682,5.8153,59.8,2400030464,0x0
1786840819.723127133,5.2709,60.9,2400023808,0x0
1786840820.776521729,5.8314,60.4,2400027136,0x0
1786840821.829740345,5.0056,59.8,2400037120,0x0
1786840822.883729342,5.2037,60.4,2400037120,0x0
1786840823.938124464,5.8586,59.8,2400020480,0x0
1786840824.993597724,5.1687,60.4,2400020480,0x0
1786840826.047769088,5.7088,59.8,2400023808,0x0
1786840827.101164200,6.0858,60.4,2400020480,0x0
1786840828.155072806,6.4057,59.8,2400020480,0x0
1786840829.210136457,5.0750,60.4,2400033792,0x0
1786840830.263350495,5.3026,60.9,2400023808,0x0
1786840831.317980261,5.8338,61.5,2400027136,0x0
1786840832.370741635,5.4004,60.4,2400027136,0x0
1786840833.424110930,6.1065,60.4,2400033792,0x0
1786840834.477423558,5.2449,60.4,2400033792,0x0
1786840835.530956072,5.5731,61.5,2400030464,0x0
1786840836.583846962,5.1490,58.7,2400037120,0x0
1786840837.637732417,4.7922,59.8,2400030464,0x0
1786840838.692255125,5.1935,61.5,2400030464,0x0
1786840839.745600880,5.2882,60.4,2400027136,0x0
1786840840.800329770,5.3629,60.4,2400027136,0x0
1786840841.853299768,5.2829,60.4,2400033792,0x0
1786840842.906944260,5.4766,59.8,2400027136,0x0
1786840843.961098803,4.4759,59.8,2400023808,0x0
1786840845.014114096,5.0046,59.8,2400020480,0x0
1786840846.067326387,5.7786,60.9,2400030464,0x0
1786840847.120237865,5.0281,60.4,2400027136,0x0
1786840848.173614728,5.7835,59.8,2400033792,0x0
1786840849.228352355,4.6770,59.8,2400027136,0x0
1786840850.282734670,4.8345,60.4,2400037120,0x0
1786840851.336053495,5.0862,60.4,2400033792,0x0
1786840852.389731001,5.2400,59.3,2400020480,0x0
1786840853.443384026,5.0335,59.8,2400027136,0x0
1786840854.497196104,5.0917,60.9,2400020480,0x0
1786840855.550130986,4.6436,60.4,2400030464,0x0
1786840856.604988184,4.5250,61.5,2400030464,0x0
1786840857.658753391,5.8489,60.4,2400023808,0x0
1786840858.712798836,5.2603,60.4,2400033792,0x0
1786840859.765587273,5.0731,60.9,2400027136,0x0
1786840860.819620384,5.5943,59.8,2400023808,0x0
1786840861.874061750,5.2214,59.8,2400030464,0x0
1786840862.927544291,5.6056,61.5,2400033792,0x0
1786840863.979904360,4.6540,59.8,2400030464,0x0
1786840865.033935673,5.8307,59.8,2400020480,0x0
1786840866.088021893,5.1627,60.4,2400023808,0x0
1786840867.144474793,5.7249,61.5,2400023808,0x0
1786840868.199079803,5.2142,60.4,2400030464,0x0
1786840869.252802803,5.2254,60.4,2400030464,0x0
1786840870.306586449,5.2760,60.9,2400030464,0x0
1786840871.359781786,4.9777,62.6,2400027136,0x0
1786840872.412707939,6.3739,61.5,2400020480,0x0
1786840873.467149023,5.2615,60.4,2400033792,0x0
1786840874.520782336,5.0933,60.9,2400030464,0x0
1786840875.573780654,5.7109,60.9,2400023808,0x0
1786840876.627331245,5.0075,61.5,2400027136,0x0
1786840877.681205518,5.0360,60.4,2400027136,0x0
1786840878.734008633,3.0701,60.4,2400030464,0x0
1786840879.778179346,5.2812,61.5,2400030464,0x0
1786840880.831794046,5.4485,60.9,2400033792,0x0
1786840881.885286746,5.1946,61.5,2400020480,0x0
1786840882.939157850,5.4037,61.5,2400027136,0x0
1786840883.991724077,5.3572,62.0,2400027136,0x0
1786840885.046033231,5.4202,61.5,2400020480,0x0
1786840886.099998926,5.6029,61.5,2400030464,0x0
1786840887.154697650,5.6467,60.9,2400027136,0x0
1786840888.208834175,5.2367,60.9,2400033792,0x0
1786840889.262745999,5.7623,61.5,2400020480,0x0
1786840890.317126391,5.2502,61.5,2400023808,0x0
1786840891.369790115,5.6118,60.9,2400023808,0x0
1786840892.423084813,5.1450,59.8,2400023808,0x0
1786840893.477350872,4.8982,60.9,2400020480,0x0
1786840894.531174898,5.7048,60.9,2400027136,0x0
1786840895.585438697,5.7778,60.9,2400030464,0x0
1786840896.639784421,5.7758,60.9,2400030464,0x0
1786840897.693730445,5.2114,61.5,2400033792,0x0
1786840898.747710987,4.5709,61.5,2400027136,0x0
1786840899.801008219,4.4125,60.9,2400020480,0x0
1786840900.854289118,5.4816,60.9,2400023808,0x0
1786840901.907966050,5.9285,60.9,2400020480,0x0
1786840902.962225532,5.1776,60.9,2400020480,0x0
1786840904.015289932,5.9099,60.9,2400027136,0x0
1786840905.070223388,5.2894,60.9,2400020480,0x0
1786840906.122888569,5.6987,60.9,2400027136,0x0
1786840907.175990764,4.9963,59.8,2400023808,0x0
1786840908.229091773,5.9553,61.5,2400030464,0x0
1786840909.283778119,4.0141,62.6,2400027136,0x0
1786840910.338212874,5.8158,61.5,2400027136,0x0
1786840911.392824517,5.8534,60.9,2400030464,0x0
1786840912.447201827,5.9021,60.4,2400030464,0x0
1786840913.501161234,5.3294,62.6,2400030464,0x0
1786840914.555096641,4.9617,62.6,2400027136,0x0
1786840915.607949761,5.4347,60.9,2400030464,0x0
1786840916.661929592,5.7291,61.5,2400023808,0x0
1786840917.715189504,4.4264,60.4,2400027136,0x0
1786840918.768742913,6.1174,60.4,2400023808,0x0
1786840919.822392598,5.2390,62.6,2400027136,0x0
1786840920.875742304,5.8103,60.9,2400030464,0x0
1786840921.930218129,4.8203,60.4,2400033792,0x0
1786840922.984652954,5.5824,59.3,2400030464,0x0
1786840924.039256833,5.5716,59.8,2400030464,0x0
1786840925.093289698,5.3619,59.8,2400027136,0x0
1786840926.146694957,5.7095,60.4,2400020480,0x0
1786840927.200159382,5.7782,60.4,2400033792,0x0
1786840928.254240339,5.3563,60.4,2400033792,0x0
1786840929.307678467,5.3066,59.3,2400023808,0x0
1786840930.360979448,5.8513,60.4,2400033792,0x0
1786840931.415488751,5.9994,59.3,2400023808,0x0
1786840932.468996841,4.7365,58.7,2400027136,0x0
1786840933.521898436,5.6772,59.3,2400033792,0x0
1786840934.574964121,4.9918,59.8,2400020480,0x0
1786840935.628483173,5.6460,59.3,2400027136,0x0
1786840936.681443081,5.6619,59.8,2400033792,0x0
1786840937.735742365,5.2479,60.4,2400023808,0x0
1786840938.789583172,5.4211,60.4,2400023808,0x0
1786840939.844117527,4.4033,60.4,2400033792,0x0
1786840940.898037906,5.0097,58.7,2400033792,0x0
1786840941.952607761,5.5984,59.3,2400030464,0x0
1786840943.006192180,5.7792,60.4,2400027136,0x0
1786840944.060542183,5.2452,60.9,2400033792,0x0
1786840945.113639032,4.7687,60.4,2400033792,0x0
1786840946.166767472,5.8367,59.3,2400020480,0x0
1786840947.220404611,5.2519,59.8,2400027136,0x0
1786840948.273856382,5.8683,59.8,2400030464,0x0
1786840949.326559992,5.7703,59.8,2400033792,0x0
1786840950.379647264,5.6831,59.8,2400033792,0x0
1786840951.433892248,5.2154,60.9,2400030464,0x0
1786840952.487483201,5.7954,60.4,2400033792,0x0
1786840953.541544204,5.2299,60.4,2400020480,0x0
1786840954.595027805,5.3481,61.5,2400033792,0x0
1786840955.648755182,5.1261,60.4,2400033792,0x0
1786840956.702948016,5.2673,58.7,2400023808,0x0
1786840957.756090082,5.6566,60.4,2400027136,0x0
1786840958.809871420,5.2377,61.5,2400027136,0x0
1786840959.863300483,5.6887,61.5,2400023808,0x0
1786840960.917786054,5.3072,59.8,2400027136,0x0
1786840961.970535252,5.3722,59.8,2400027136,0x0
1786840963.023694724,5.3724,59.8,2400033792,0x0
1786840964.081362857,5.6884,61.5,2400020480,0x0
1786840965.136682882,5.9566,60.4,2400020480,0x0
1786840966.190413385,4.7657,61.5,2400027136,0x0
1786840967.244427662,5.2043,60.9,2400030464,0x0
1786840968.298479420,5.4330,60.9,2400020480,0x0
1786840969.351859184,4.9800,60.9,2400020480,0x0
1786840970.405416242,4.4951,60.9,2400027136,0x0
1786840971.459041707,5.1590,61.5,2400023808,0x0
1786840972.512554247,5.8233,60.9,2400027136,0x0
1786840973.565555939,5.4365,60.9,2400030464,0x0
1786840974.618692648,5.8461,61.5,2400027136,0x0
1786840975.672012040,5.4993,60.4,2400020480,0x0
1786840976.725399283,5.1097,59.8,2400023808,0x0
1786840977.779711684,5.4676,59.8,2400030464,0x0
1786840978.833664199,5.7284,59.8,2400030464,0x0
1786840979.888405465,5.8968,60.4,2400027136,0x0
1786840980.942247425,6.0361,60.4,2400023808,0x0
1786840981.996690212,5.2330,59.8,2400027136,0x0
1786840983.049892900,5.6646,59.8,2400023808,0x0
1786840984.104675350,4.3527,59.8,2400033792,0x0
1786840985.158248014,4.8146,60.4,2400020480,0x0
1786840986.212410729,5.3038,60.4,2400030464,0x0
1786840987.265575489,5.8889,59.3,2400027136,0x0
1786840988.318848026,5.3657,59.3,2400020480,0x0
1786840989.372007305,5.7683,59.3,2400030464,0x0
1786840990.425533913,5.3543,59.8,2400030464,0x0
1786840991.477939123,5.1759,60.9,2400020480,0x0
1786840992.531544508,5.3388,59.8,2400027136,0x0
1786840993.584567027,5.7601,59.8,2400030464,0x0
1786840994.639062310,5.7116,59.8,2400020480,0x0
1786840995.693929922,5.9021,59.8,2400023808,0x0
1786840996.748014449,5.9390,59.3,2400020480,0x0
1786840997.802647804,5.7231,59.3,2400033792,0x0
1786840998.856350167,4.4256,59.3,2400030464,0x0
1786840999.910101399,5.3596,60.4,2400020480,0x0
1786841000.963399247,5.7360,59.3,2400027136,0x0
1786841002.016797297,5.6171,59.8,2400030464,0x0
1786841003.071331411,4.5165,60.4,2400030464,0x0
1786841004.124449463,3.2318,60.4,2400030464,0x0
1786841005.178128176,5.3131,60.4,2400033792,0x0
1786841006.231289264,3.4608,62.0,2400033792,0x0
1786841007.284488741,5.3602,59.8,2400023808,0x0
1786841008.337816030,5.7893,60.4,2400020480,0x0
1786841009.392886878,5.2621,62.6,2400030464,0x0
1786841010.448298666,6.0263,60.4,2400023808,0x0
1786841011.502045525,5.1597,61.5,2400020480,0x0
1786841012.556597598,5.8078,60.4,2400033792,0x0
1786841013.611153542,5.9442,61.5,2400023808,0x0
1786841014.665512635,4.8004,61.5,2400030464,0x0
1786841015.719099975,5.2795,61.5,2400030464,0x0
1786841016.771968471,6.1484,60.9,2400033792,0x0
1786841017.825973399,5.4085,61.5,2400027136,0x0
1786841018.879138836,5.8642,60.9,2400020480,0x0
1786841019.932327383,5.1119,61.5,2400023808,0x0
1786841020.984882157,5.9086,61.5,2400030464,0x0
1786841022.039025621,5.7212,62.0,2400037120,0x0
1786841023.092285462,5.4483,61.5,2400027136,0x0
1786841024.146545424,5.7660,59.8,2400033792,0x0
1786841025.201252752,5.6314,61.5,2400023808,0x0
1786841026.255648767,5.0110,62.0,2400023808,0x0
1786841027.309099754,3.2973,60.9,2400030464,0x0
1786841028.363969857,5.9499,61.5,2400033792,0x0
1786841029.418595351,5.1978,60.9,2400033792,0x0
1786841030.471733654,5.4853,63.1,2400027136,0x0
1786841031.525750357,5.7600,61.5,2400020480,0x0
1786841032.580131297,5.9085,59.8,2400020480,0x0
1786841033.632865585,4.7256,62.0,2400023808,0x0
1786841034.687320486,5.6106,61.5,2400020480,0x0
1786841035.739979941,6.2333,60.4,2400023808,0x0
1786841036.793840921,5.0684,61.5,2400037120,0x0
1786841037.848036824,5.4222,62.6,2400027136,0x0
1786841038.900787629,5.3658,60.9,2400023808,0x0
1786841039.954227927,5.0762,60.9,2400020480,0x0
1786841041.007800280,5.1335,62.6,2400030464,0x0
1786841042.061665777,5.8262,62.0,2400033792,0x0
1786841043.115782568,5.8011,60.4,2400020480,0x0
1786841044.170455780,5.2925,59.8,2400027136,0x0
1786841045.223888521,4.6544,61.5,2400023808,0x0
1786841046.276877451,5.8725,60.4,2400030464,0x0
1786841047.331436811,4.9955,62.6,2400027136,0x0
1786841048.383979708,5.8306,60.9,2400023808,0x0
1786841049.437337578,5.2029,60.9,2400030464,0x0
1786841050.490871910,5.6611,61.5,2400027136,0x0
1786841051.543974838,5.0166,61.5,2400033792,0x0
1786841052.598689713,5.9672,62.0,2400020480,0x0
1786841053.653003926,5.1390,62.0,2400030464,0x0
1786841054.707575395,5.4928,60.4,2400033792,0x0
1786841055.761047466,5.5987,60.4,2400033792,0x0
1786841056.814600574,4.4717,61.5,2400023808,0x0
1786841057.868870470,3.6495,61.5,2400023808,0x0
1786841058.924155080,5.6873,60.4,2400033792,0x0
1786841059.978055720,5.1574,60.4,2400030464,0x0
1786841061.031708326,5.0925,62.6,2400030464,0x0
1786841062.085906129,5.0148,61.5,2400030464,0x0
1786841063.139714548,4.9959,60.9,2400027136,0x0
1786841064.192301532,4.9578,60.9,2400023808,0x0
1786841065.244597797,5.7925,61.5,2400020480,0x0
1786841066.298829878,5.7391,60.4,2400023808,0x0
1786841067.353575490,5.8477,60.4,2400027136,0x0
1786841068.408129474,6.2053,61.5,2400027136,0x0
1786841069.462358294,5.4392,59.8,2400020480,0x0
1786841070.517214737,4.5082,61.5,2400030464,0x0
1786841071.571404835,5.7773,60.9,2400030464,0x0
1786841072.625034178,4.7443,62.0,2400023808,0x0
1786841073.679309238,5.8962,60.9,2400023808,0x0
1786841074.733411409,5.3992,61.5,2400020480,0x0
1786841075.787120844,5.3500,61.5,2400033792,0x0
1786841076.841382606,5.3466,60.9,2400030464,0x0
1786841077.895860551,4.3697,62.0,2400023808,0x0
1786841078.949386394,4.7714,59.3,2400033792,0x0
1786841080.003073402,5.0079,61.5,2400027136,0x0
1786841081.057442254,4.4473,61.5,2400033792,0x0
1786841082.112252547,5.1926,62.0,2400020480,0x0
1786841083.167095969,5.2026,62.0,2400020480,0x0
1786841084.222509052,5.9020,61.5,2400030464,0x0
1786841085.277632601,5.9902,59.8,2400033792,0x0
1786841086.332212673,5.3852,60.9,2400030464,0x0
1786841087.385583607,5.2912,60.4,2400027136,0x0
1786841088.439677961,5.8345,61.5,2400027136,0x0
1786841089.494160088,5.0431,60.4,2400027136,0x0
1786841090.548066184,5.3099,61.5,2400023808,0x0
1786841091.601840688,4.5139,60.9,2400020480,0x0
1786841092.654656441,4.6780,60.9,2400033792,0x0
1786841093.708660331,5.1769,60.4,2400033792,0x0
1786841094.763398270,5.2132,60.9,2400027136,0x0
1786841095.817603491,4.9838,61.5,2400030464,0x0
1786841096.871654879,5.2509,62.0,2400030464,0x0
1786841097.925594288,4.8989,61.5,2400023808,0x0
1786841098.979343438,4.8252,61.5,2400027136,0x0
1786841100.033745119,5.8543,60.4,2400027136,0x0
1786841101.088027301,5.1706,59.8,2400033792,0x0
1786841102.142670554,4.7501,60.9,2400027136,0x0
1786841103.196813162,5.8764,61.5,2400027136,0x0
1786841104.252877938,5.2474,59.8,2400033792,0x0
1786841105.306328775,5.4109,60.9,2400030464,0x0
1786841106.360610659,5.3190,60.4,2400023808,0x0
1786841107.413774980,5.8811,60.9,2400027136,0x0
1786841108.468067216,5.1837,62.6,2400037120,0x0
1786841109.521718902,5.4156,61.5,2400023808,0x0
1786841110.575703269,5.3235,60.4,2400023808,0x0
1786841111.628859978,5.3309,60.4,2400033792,0x0
1786841112.682397145,5.3939,59.3,2400023808,0x0
1786841113.735931109,4.7536,60.9,2400023808,0x0
1786841114.789568238,5.8448,60.9,2400027136,0x0
1786841115.844550595,4.2310,62.0,2400027136,0x0
1786841116.898722978,5.2606,62.0,2400027136,0x0
1786841117.952359033,6.1342,60.9,2400020480,0x0
1786841119.006539878,5.6317,60.4,2400023808,0x0
1786841120.059851565,5.9191,62.6,2400030464,0x0
1786841121.113676876,4.8868,61.5,2400020480,0x0
1786841122.167219856,5.9121,61.5,2400033792,0x0
1786841123.214148398,5.3789,62.0,2400033792,0x0
1786841124.267802154,5.2559,60.9,2400020480,0x0
1786841125.321452781,5.1491,60.9,2400027136,0x0
1786841126.374781169,5.2935,61.5,2400027136,0x0
1786841127.428356185,5.3791,60.4,2400027136,0x0
1786841128.481759591,5.7452,61.5,2400023808,0x0
1786841129.535163552,5.7403,60.9,2400033792,0x0
1786841130.589228359,5.1557,61.5,2400033792,0x0
1786841131.641809901,4.9115,61.5,2400020480,0x0
1786841132.696158094,5.4148,62.6,2400023808,0x0
1786841133.749926884,4.6112,62.6,2400027136,0x0
1786841134.804389853,5.5959,61.5,2400030464,0x0
1786841135.857045819,5.5001,61.5,2400030464,0x0
1786841136.911915228,5.1466,60.9,2400020480,0x0
1786841137.965163985,5.2389,61.5,2400027136,0x0
1786841139.019749156,5.2238,61.5,2400027136,0x0
1786841140.074131476,5.2107,60.4,2400030464,0x0
1786841141.128379352,5.2587,61.5,2400030464,0x0
1786841142.181843273,5.1378,62.0,2400030464,0x0
1786841143.235117695,5.2066,62.0,2400023808,0x0
1786841144.288672837,6.0821,60.9,2400023808,0x0
1786841145.343545151,4.9634,62.0,2400030464,0x0
1786841146.396350948,5.4124,61.5,2400023808,0x0
1786841147.449305076,5.0017,62.6,2400020480,0x0
1786841148.504452091,5.1735,61.5,2400020480,0x0
1786841149.559083480,5.0257,63.1,2400020480,0x0
1786841150.613250522,4.9751,60.9,2400027136,0x0
1786841151.666741793,5.7482,60.9,2400020480,0x0
1786841152.719628365,5.1943,61.5,2400020480,0x0
1786841153.776504473,5.6904,60.9,2400027136,0x0
1786841154.830565663,5.4474,60.9,2400020480,0x0
1786841155.884011840,5.0026,60.9,2400023808,0x0
1786841156.938286399,5.0745,61.5,2400023808,0x0
1786841157.991898722,5.1579,60.4,2400020480,0x0
1786841159.045411398,5.8678,60.9,2400030464,0x0
1786841160.100276024,5.2640,61.5,2400030464,0x0
1786841161.152887430,5.2329,60.9,2400023808,0x0
1786841162.207435743,5.7283,61.5,2400020480,0x0
1786841163.260910382,4.5308,60.9,2400030464,0x0
1786841164.315071680,5.3147,60.4,2400027136,0x0
1786841165.368331060,5.6027,62.0,2400033792,0x0
1786841166.422780356,5.6967,60.9,2400030464,0x0
1786841167.477011764,5.6251,61.5,2400027136,0x0
1786841168.531735074,5.8920,61.5,2400023808,0x0
1786841169.585561523,5.8587,60.9,2400030464,0x0
1786841170.639877855,5.1787,62.0,2400020480,0x0
1786841171.693541972,5.7935,61.5,2400023808,0x0
1786841172.746754981,5.0765,60.9,2400020480,0x0
1786841173.799938138,6.0276,60.9,2400023808,0x0
1786841174.853353830,5.6550,61.5,2400033792,0x0
1786841175.906622301,5.2684,60.4,2400023808,0x0
1786841176.960158547,5.3630,62.6,2400027136,0x0
1786841178.013286444,5.0880,61.5,2400027136,0x0
1786841179.066539785,5.1037,60.9,2400023808,0x0
1786841180.119623460,5.0911,61.5,2400023808,0x0
1786841181.174425897,5.3034,62.6,2400030464,0x0
1786841182.229354092,5.1959,60.9,2400033792,0x0
1786841183.283618737,5.0672,61.5,2400023808,0x0
1786841184.338057751,5.3169,61.5,2400030464,0x0
1786841185.391949232,5.7790,60.9,2400027136,0x0
1786841186.446228340,5.2598,61.5,2400027136,0x0
1786841187.500663575,5.0401,62.6,2400033792,0x0
1786841188.553469492,5.3548,60.4,2400027136,0x0
1786841189.607161086,5.8325,61.5,2400023808,0x0
1786841190.660506942,4.7675,62.0,2400023808,0x0
1786841191.714253682,5.3173,60.9,2400033792,0x0
1786841192.767520483,5.7316,60.4,2400027136,0x0
1786841193.820952615,5.2863,59.8,2400027136,0x0
1786841194.875877030,5.0970,60.9,2400033792,0x0
1786841195.929808324,5.2838,60.9,2400033792,0x0
1786841196.983647414,5.8271,62.0,2400030464,0x0
1786841198.037527634,5.0333,62.0,2400030464,0x0
1786841199.092002385,5.9230,60.9,2400020480,0x0
1786841200.145707162,5.8539,60.4,2400033792,0x0
1786841201.199958193,5.1689,60.4,2400033792,0x0
1786841202.253595358,5.5870,60.9,2400020480,0x0
1786841203.307343745,4.8681,62.0,2400033792,0x0
1786841204.362619580,4.9389,61.5,2400033792,0x0
1786841205.415369605,5.1838,60.9,2400030464,0x0
1786841206.469611561,5.2441,62.6,2400023808,0x0
1786841207.522868192,5.8021,62.6,2400023808,0x0
1786841208.576756558,5.3443,62.6,2400027136,0x0
1786841209.630826996,5.0864,61.5,2400023808,0x0
1786841210.684982136,5.2528,60.4,2400023808,0x0
1786841211.741409848,5.1150,61.5,2400033792,0x0
1786841212.794602368,5.5027,61.5,2400020480,0x0
1786841213.848567343,5.1741,62.0,2400033792,0x0
1786841214.902052008,5.4189,62.0,2400020480,0x0
1786841215.955595690,5.1964,60.4,2400023808,0x0
1786841217.009406574,4.9497,62.0,2400020480,0x0
1786841218.062496093,5.6196,61.5,2400030464,0x0
1786841219.116259884,5.3587,61.5,2400033792,0x0
1786841220.169746344,4.9499,61.5,2400033792,0x0
1786841221.223313858,5.9786,59.8,2400033792,0x0
1786841222.275773216,5.8259,62.0,2400030464,0x0
1786841223.330566441,4.9679,60.4,2400030464,0x0
1786841224.385061224,5.2058,61.5,2400033792,0x0
1786841225.438819125,5.1577,61.5,2400027136,0x0
1786841226.492982133,5.2404,61.5,2400020480,0x0
1786841227.547432675,5.3894,62.0,2400030464,0x0
1786841228.601204890,5.1945,60.9,2400020480,0x0
1786841229.654871050,5.6581,62.0,2400030464,0x0
1786841230.708577432,5.8634,60.4,2400030464,0x0
1786841231.761330359,5.2301,61.5,2400027136,0x0
1786841232.814261859,5.7045,60.4,2400020480,0x0
1786841233.867362505,5.1024,59.8,2400030464,0x0
1786841234.920656853,5.9907,60.4,2400023808,0x0
1786841235.974007589,5.0676,59.3,2400020480,0x0
1786841237.027120086,5.2570,59.8,2400030464,0x0
1786841238.080451803,5.8317,60.4,2400030464,0x0
1786841239.134458292,5.8685,59.8,2400027136,0x0
1786841240.188458447,5.9294,60.9,2400027136,0x0
1786841241.242628415,5.6553,61.5,2400020480,0x0
1786841242.296353461,5.1070,60.4,2400030464,0x0
1786841243.350266283,5.3543,59.8,2400033792,0x0
1786841244.404424787,5.6442,60.4,2400030464,0x0
1786841245.459108657,5.9282,62.6,2400023808,0x0
1786841246.513266865,4.6284,62.6,2400023808,0x0
1786841247.566549896,5.3177,60.9,2400030464,0x0
1786841248.621069841,5.1264,61.5,2400020480,0x0
1786841249.674703831,5.7259,61.5,2400027136,0x0
1786841250.729531587,5.0942,62.0,2400033792,0x0
1786841251.782639508,5.8656,60.9,2400027136,0x0
1786841252.836811344,4.3685,60.9,2400027136,0x0
1786841253.891337843,5.0950,62.0,2400027136,0x0
1786841254.945858454,5.5681,61.5,2400020480,0x0
1786841256.000521285,5.8107,62.0,2400020480,0x0
1786841257.054692639,6.0538,61.5,2400030464,0x0
1786841258.108586903,5.2036,59.8,2400023808,0x0
1786841259.161517342,4.9310,60.9,2400030464,0x0
1786841260.215819287,5.8360,60.9,2400027136,0x0
1786841261.269381053,5.4502,62.0,2400027136,0x0
1786841262.322071143,5.8566,60.9,2400023808,0x0
1786841263.375654112,4.9359,60.4,2400020480,0x0
1786841264.428566865,5.7312,61.5,2400020480,0x0
1786841265.481693765,5.6405,62.0,2400033792,0x0
1786841266.535523602,5.3074,61.5,2400020480,0x0
1786841267.590212116,5.9027,60.9,2400027136,0x0
1786841268.644606188,5.6113,62.0,2400033792,0x0
1786841269.698409765,5.2399,62.0,2400020480,0x0
1786841270.752869411,5.7791,60.9,2400030464,0x0
1786841271.806730098,5.8403,60.9,2400023808,0x0
1786841272.860554879,5.1738,61.5,2400023808,0x0
1786841273.913504945,5.1727,60.9,2400023808,0x0
1786841274.966702712,5.5913,62.0,2400023808,0x0
1786841276.019576057,5.3704,61.5,2400020480,0x0
1786841277.072789453,5.9074,61.5,2400027136,0x0
1786841278.126011349,5.2946,62.0,2400033792,0x0
1786841279.178956767,5.7474,62.6,2400033792,0x0
1786841280.232934674,5.3314,60.9,2400037120,0x0
1786841281.286842100,5.3968,60.9,2400020480,0x0
1786841282.340871470,5.0497,60.9,2400020480,0x0
1786841283.394736730,5.3514,60.9,2400033792,0x0
1786841284.448553064,5.3800,59.8,2400027136,0x0
1786841285.502333639,5.0999,60.9,2400023808,0x0
1786841286.555758031,5.9036,62.0,2400020480,0x0
1786841287.609719604,5.7787,61.5,2400020480,0x0
1786841288.665233644,5.1295,59.8,2400023808,0x0
1786841289.718197041,5.8252,60.9,2400027136,0x0
1786841290.772558961,5.2326,63.1,2400023808,0x0
1786841291.825549431,5.7341,61.5,2400023808,0x0
1786841292.879993258,5.0103,61.5,2400033792,0x0
1786841293.933206948,5.8081,62.6,2400020480,0x0
1786841294.986214140,5.1399,62.6,2400030464,0x0
1786841296.040437116,5.3880,62.6,2400027136,0x0
1786841297.095103125,5.4406,60.9,2400027136,0x0
1786841298.149736061,5.1654,62.0,2400030464,0x0
1786841299.203107804,5.0410,60.9,2400030464,0x0
1786841300.257008672,5.0111,60.9,2400033792,0x0
1786841301.310255971,5.6188,61.5,2400030464,0x0
1786841302.364950627,5.4344,60.4,2400023808,0x0
1786841303.418635459,4.6913,61.5,2400033792,0x0
1786841304.471929351,5.8690,62.0,2400023808,0x0
1786841305.526583599,5.7290,61.5,2400027136,0x0
1786841306.578839037,5.9604,60.9,2400020480,0x0
1786841307.632476720,5.2947,63.1,2400023808,0x0
1786841308.686266810,5.7688,60.9,2400037120,0x0
1786841309.740750337,5.7742,62.0,2400020480,0x0
1786841310.794741925,6.1546,61.5,2400027136,0x0
1786841311.849125749,5.8119,61.5,2400027136,0x0
1786841312.903155113,5.9392,59.8,2400033792,0x0
1786841313.957516660,5.4262,61.5,2400023808,0x0
1786841315.012048297,5.3346,60.9,2400033792,0x0
1786841316.065774534,5.1393,60.9,2400020480,0x0
1786841317.119798527,5.8951,62.0,2400023808,0x0
1786841318.173865113,5.4436,62.0,2400033792,0x0
1786841319.226770875,5.3688,60.4,2400033792,0x0
1786841320.280967385,5.4057,61.5,2400023808,0x0
1786841321.333877129,5.7891,60.4,2400027136,0x0
1786841322.387953603,5.5226,60.9,2400027136,0x0
1786841323.440797328,3.5334,60.9,2400030464,0x0
1786841324.495374871,5.2329,61.5,2400027136,0x0
1786841325.548519057,4.4238,62.6,2400033792,0x0
1786841326.602339847,5.2262,62.6,2400023808,0x0
1786841327.656647669,5.9065,62.0,2400030464,0x0
1786841328.711305210,5.6793,61.5,2400027136,0x0
1786841329.764331618,5.2544,62.0,2400023808,0x0
1786841330.817592913,5.0134,60.9,2400027136,0x0
1786841331.870598080,5.7691,60.4,2400027136,0x0
1786841332.923510360,5.3475,63.1,2400027136,0x0
1786841333.976725228,5.7740,62.6,2400027136,0x0
1786841335.030520128,4.8832,60.9,2400027136,0x0
1786841336.082786265,5.4280,61.5,2400027136,0x0
1786841337.236613727,5.0691,60.4,2400033792,0x0
1786841338.290713513,5.0736,60.9,2400027136,0x0
1786841339.344675781,4.9910,62.0,2400020480,0x0
1786841340.399357098,5.8081,61.5,2400020480,0x0
1786841341.454925592,5.7930,60.9,2400030464,0x0
1786841342.509700981,5.3370,62.6,2400033792,0x0
1786841343.565639675,5.2150,61.5,2400030464,0x0
1786841344.619251261,5.3494,62.6,2400020480,0x0
1786841345.673585987,5.4958,60.9,2400033792,0x0
1786841346.727854844,5.6232,60.4,2400020480,0x0
1786841347.781478522,5.8535,62.6,2400020480,0x0
1786841348.834302929,5.1332,60.9,2400027136,0x0
1786841349.887551110,5.9012,61.5,2400030464,0x0
1786841350.940539404,4.9765,61.5,2400020480,0x0
1786841351.993892547,5.8790,63.1,2400020480,0x0
1786841353.048750008,5.8741,61.5,2400027136,0x0
1786841354.103481489,5.9036,62.6,2400020480,0x0
1786841355.158038805,5.7551,61.5,2400020480,0x0
1786841356.211883905,5.8564,62.0,2400023808,0x0
1786841357.265415879,4.8435,62.0,2400020480,0x0
1786841358.319378885,5.2474,60.9,2400027136,0x0
1786841359.372522398,5.3243,60.4,2400020480,0x0
1786841360.426539182,5.8108,61.5,2400023808,0x0
1786841361.481105015,5.3484,59.8,2400033792,0x0
1786841362.534537063,5.7377,60.9,2400027136,0x0
1786841363.587796112,4.9933,59.8,2400030464,0x0
1786841364.641151141,5.8117,60.4,2400027136,0x0
1786841365.694524004,5.3385,62.0,2400037120,0x0
1786841366.749724349,5.2205,60.9,2400030464,0x0
1786841367.803861500,4.8751,60.9,2400027136,0x0
1786841368.857486397,5.4667,61.5,2400020480,0x0
1786841369.911919267,4.9326,61.5,2400030464,0x0
1786841370.965582163,5.5182,60.9,2400023808,0x0
1786841372.019464465,5.9349,62.6,2400027136,0x0
1786841373.073692003,4.9543,61.5,2400020480,0x0
1786841374.128079114,5.0873,61.5,2400023808,0x0
1786841375.181631492,5.9102,62.0,2400027136,0x0
1786841376.234556987,5.3322,62.0,2400033792,0x0
1786841377.288010717,5.6433,60.9,2400023808,0x0
1786841378.341512040,5.1613,60.9,2400020480,0x0
1786841379.393866984,5.6879,61.5,2400020480,0x0
1786841380.449386824,4.9732,61.5,2400023808,0x0
1786841381.503168199,5.4407,59.8,2400030464,0x0
1786841382.557161294,4.5980,63.7,2400023808,0x0
1786841383.610440785,5.6858,61.5,2400020480,0x0
1786841384.664141327,5.0335,61.5,2400020480,0x0
1786841385.718831563,5.0805,62.6,2400030464,0x0
1786841386.772708195,5.9530,59.8,2400023808,0x0
1786841387.826278164,5.4769,60.4,2400020480,0x0
1786841388.880390442,5.1338,60.4,2400030464,0x0
1786841389.933283065,5.9307,61.5,2400030464,0x0
1786841390.987101049,4.4375,60.9,2400033792,0x0
1786841392.040075986,5.8766,60.9,2400030464,0x0
1786841393.093709064,5.3386,60.9,2400027136,0x0
1786841394.147197273,5.4754,60.4,2400023808,0x0
1786841395.199958619,5.4710,62.6,2400020480,0x0
1786841396.253868472,6.0948,62.0,2400037120,0x0
1786841397.307821843,5.0702,62.0,2400023808,0x0
1786841398.361306422,5.8478,59.3,2400033792,0x0
1786841399.415718641,5.3167,62.6,2400027136,0x0
1786841400.469831547,5.4679,60.9,2400037120,0x0
1786841401.524044341,6.0390,60.4,2400030464,0x0
1786841402.578262079,5.1546,59.8,2400030464,0x0
1786841403.631488179,5.2590,60.9,2400027136,0x0
1786841404.685916230,5.9501,63.1,2400030464,0x0
1786841405.741245512,5.6955,61.5,2400023808,0x0
1786841406.794756312,6.1333,60.4,2400030464,0x0
1786841407.848841848,4.9122,61.5,2400033792,0x0
1786841408.902017410,5.8264,61.5,2400027136,0x0
1786841409.956371183,4.9312,60.4,2400023808,0x0
1786841411.010772381,5.4506,59.8,2400033792,0x0
1786841412.065122691,5.4951,61.5,2400030464,0x0
1786841413.119300058,5.3742,63.7,2400020480,0x0
1786841414.173793162,5.1995,60.9,2400030464,0x0
1786841415.226596264,5.2430,61.5,2400027136,0x0
1786841416.280243802,5.7485,60.9,2400023808,0x0
1786841417.335400289,5.6452,61.5,2400027136,0x0
1786841418.388608775,5.0465,62.6,2400030464,0x0
1786841419.442695513,5.0032,62.0,2400020480,0x0
1786841420.495092229,5.2029,62.6,2400030464,0x0
1786841421.548224938,5.6750,62.0,2400020480,0x0
1786841422.601650329,5.0015,61.5,2400023808,0x0
1786841423.655926693,5.7768,59.8,2400020480,0x0
1786841424.709570268,5.9299,59.3,2400023808,0x0
1786841425.764648365,5.7670,60.4,2400033792,0x0
1786841426.819403465,5.6061,60.9,2400033792,0x0
1786841427.872078104,5.1018,61.5,2400027136,0x0
1786841428.926102618,4.8725,60.9,2400033792,0x0
1786841429.978882848,4.9853,60.4,2400023808,0x0
1786841431.032305757,5.9971,60.9,2400030464,0x0
1786841432.085429094,5.3356,59.8,2400027136,0x0
1786841433.138110157,4.6602,60.9,2400023808,0x0
1786841434.196578241,4.9317,62.6,2400020480,0x0
1786841435.250447811,5.3335,60.9,2400027136,0x0
1786841436.303771331,5.7785,60.4,2400023808,0x0
1786841437.358300618,5.6737,61.5,2400027136,0x0
1786841438.413030328,5.5651,61.5,2400020480,0x0
1786841439.467418708,5.4251,61.5,2400020480,0x0
1786841440.522197492,5.9039,60.9,2400023808,0x0
1786841441.576302244,5.9357,61.5,2400020480,0x0
1786841442.629886798,5.8854,59.8,2400027136,0x0
1786841443.683612073,5.1777,60.4,2400020480,0x0
1786841444.737526494,5.4043,63.1,2400023808,0x0
1786841445.790831939,3.5621,61.5,2400020480,0x0
1786841446.845412038,4.5668,63.1,2400023808,0x0
1786841447.899271015,5.0891,61.5,2400030464,0x0
1786841448.952734828,5.6921,62.0,2400037120,0x0
1786841450.007122133,4.8857,62.0,2400030464,0x0
1786841451.060631520,5.2321,60.9,2400033792,0x0
1786841452.114071907,5.2173,60.9,2400020480,0x0
1786841453.168065215,5.3135,60.9,2400027136,0x0
1786841454.222934237,5.7495,60.9,2400030464,0x0
1786841455.277259542,4.5678,60.9,2400033792,0x0
1786841456.330919834,5.5696,63.1,2400023808,0x0
1786841457.385194472,5.9055,61.5,2400033792,0x0
1786841458.438125604,5.3563,62.6,2400027136,0x0
1786841459.491546009,5.4585,60.9,2400020480,0x0
1786841460.544356309,4.9922,61.5,2400023808,0x0
1786841461.598017212,5.6264,61.5,2400027136,0x0
1786841462.650730086,5.8550,62.0,2400030464,0x0
1786841463.704555061,5.8298,61.5,2400033792,0x0
1786841464.759686727,5.2805,61.5,2400027136,0x0
1786841465.813037410,5.3312,61.5,2400033792,0x0
1786841466.862684646,5.2484,60.9,2400037120,0x0
1786841467.917367594,5.2981,62.6,2400030464,0x0
1786841468.971439918,5.1844,60.9,2400027136,0x0
1786841470.024841878,5.3163,59.3,2400023808,0x0
1786841471.079168615,6.0511,62.0,2400033792,0x0
1786841472.132914854,5.8948,61.5,2400027136,0x0
1786841473.187525432,5.8377,61.5,2400033792,0x0
1786841474.240666271,5.6368,61.5,2400033792,0x0
1786841475.294152064,5.7805,61.5,2400033792,0x0
1786841476.347247519,5.9540,62.6,2400023808,0x0
1786841477.400990370,5.3980,60.9,2400023808,0x0
1786841478.454100402,5.1879,60.9,2400023808,0x0
1786841479.507142799,5.6119,60.9,2400033792,0x0
1786841480.560241762,5.3095,61.5,2400030464,0x0
1786841481.613450532,5.1881,59.8,2400030464,0x0
1786841482.666941312,5.2796,60.9,2400030464,0x0
1786841483.721201858,5.2046,61.5,2400030464,0x0
1786841484.775939246,5.1698,61.5,2400020480,0x0
1786841485.828950396,4.6899,60.9,2400033792,0x0
1786841486.883463309,5.6237,60.9,2400020480,0x0
1786841487.937992677,5.7042,61.5,2400020480,0x0
1786841488.992458557,4.2325,61.5,2400020480,0x0
1786841490.045401569,5.2223,61.5,2400033792,0x0
1786841491.098998551,5.3106,62.0,2400027136,0x0
1786841492.152264083,6.0334,62.0,2400027136,0x0
1786841493.205828255,5.6133,62.0,2400023808,0x0
1786841494.262034331,5.0237,61.5,2400030464,0x0
1786841495.315424490,6.1375,60.9,2400037120,0x0
1786841496.369839303,5.8148,60.9,2400023808,0x0
1786841497.424357109,5.8382,61.5,2400020480,0x0
1786841498.479752625,5.9235,61.5,2400020480,0x0
1786841499.534427897,5.6576,60.9,2400023808,0x0
1786841500.587541783,5.7931,62.0,2400027136,0x0
1786841501.640867438,5.3705,63.1,2400020480,0x0
1786841502.694896787,5.8786,60.9,2400023808,0x0
1786841503.749548995,5.6860,61.5,2400020480,0x0
1786841504.803745032,5.7004,60.9,2400023808,0x0
1786841505.857270974,5.6336,62.0,2400027136,0x0
1786841506.912557954,5.1398,60.9,2400027136,0x0
1786841507.966733435,5.0761,62.0,2400030464,0x0
1786841509.019090789,5.5450,60.9,2400027136,0x0
1786841510.073585717,4.7197,60.9,2400020480,0x0
1786841511.128059193,5.3427,63.1,2400033792,0x0
1786841512.181870945,5.2271,61.5,2400027136,0x0
1786841513.235865596,5.9487,63.1,2400020480,0x0
1786841514.290482551,5.6531,61.5,2400033792,0x0
1786841515.345416017,5.6680,61.5,2400027136,0x0
1786841516.399458833,5.4224,61.5,2400033792,0x0
1786841517.453148978,5.4136,60.9,2400020480,0x0
1786841518.506308490,5.1579,61.5,2400027136,0x0
1786841519.560400175,4.8226,61.5,2400027136,0x0
1786841520.614033152,6.1120,63.7,2400033792,0x0
1786841521.667527624,5.2080,62.0,2400020480,0x0
1786841522.720782479,5.8093,60.9,2400033792,0x0
1786841523.774818212,5.0888,61.5,2400020480,0x0
1786841524.829955932,5.1561,60.9,2400033792,0x0
1786841525.884664703,4.5397,62.0,2400027136,0x0
1786841526.938858675,5.1218,60.9,2400023808,0x0
1786841527.992623958,5.9670,62.0,2400023808,0x0
1786841529.046055514,5.7545,62.0,2400030464,0x0
1786841530.099600396,4.4808,61.5,2400030464,0x0
1786841531.153532621,5.0273,61.5,2400023808,0x0
1786841532.207209471,4.8803,60.4,2400023808,0x0
1786841533.262732784,5.0807,59.8,2400033792,0x0
1786841534.315919087,5.3517,61.5,2400027136,0x0
1786841535.369801490,5.1996,61.5,2400033792,0x0
1786841536.422743986,4.9145,62.0,2400030464,0x0
1786841537.477189003,5.5635,61.5,2400030464,0x0
1786841538.532308527,5.9545,61.5,2400027136,0x0
1786841539.586300053,5.5875,62.0,2400030464,0x0
1786841540.639924148,5.1952,60.4,2400023808,0x0
1786841541.693821088,5.3119,61.5,2400033792,0x0
1786841542.747704021,5.5602,59.8,2400033792,0x0
1786841543.800995025,5.0166,60.9,2400027136,0x0
1786841544.855355628,5.7369,62.0,2400027136,0x0
1786841545.908847359,5.2440,62.6,2400023808,0x0
1786841546.961420627,5.7481,62.0,2400033792,0x0
1786841548.014937031,5.6800,61.5,2400023808,0x0
1786841549.068502966,5.5974,61.5,2400030464,0x0
1786841550.122734186,5.6890,60.9,2400033792,0x0
1786841551.175778796,5.7211,61.5,2400030464,0x0
1786841552.228892715,5.4648,59.8,2400030464,0x0
1786841553.282769381,5.2761,63.1,2400020480,0x0
1786841554.336902818,5.5824,61.5,2400027136,0x0
1786841555.391047156,5.2930,61.5,2400027136,0x0
1786841556.444137199,4.8853,61.5,2400020480,0x0
1786841557.497453770,5.1567,61.5,2400033792,0x0
1786841558.550676873,5.0443,61.5,2400033792,0x0
1786841559.604467486,5.7099,59.3,2400030464,0x0
1786841560.658011575,5.3608,60.4,2400023808,0x0
1786841561.711005235,5.6416,60.9,2400023808,0x0
1786841562.767507312,5.5506,61.5,2400027136,0x0
1786841563.821068642,5.6409,61.5,2400020480,0x0
1786841564.874650559,4.7001,61.5,2400023808,0x0
1786841565.927119309,5.6999,61.5,2400030464,0x0
1786841566.980790176,5.7174,62.0,2400020480,0x0
1786841568.035493456,5.7396,61.5,2400030464,0x0
1786841569.088872461,5.5817,63.1,2400023808,0x0
1786841570.142087238,5.2314,60.9,2400027136,0x0
1786841571.196574057,4.8219,61.5,2400027136,0x0
1786841572.249920804,4.9168,62.0,2400033792,0x0
1786841573.303226396,5.4922,60.9,2400033792,0x0
1786841574.356517649,5.7367,61.5,2400023808,0x0
1786841575.409845415,5.1351,60.4,2400033792,0x0
1786841576.462658789,5.8375,59.8,2400020480,0x0
1786841577.516496873,5.4299,59.8,2400027136,0x0
1786841578.570496302,5.2574,60.9,2400027136,0x0
1786841579.625164183,4.4883,59.8,2400027136,0x0
1786841580.678096755,5.0540,59.8,2400027136,0x0
1786841581.736081364,5.6020,61.5,2400027136,0x0
1786841582.790338194,5.6517,61.5,2400027136,0x0
1786841583.845373235,5.7321,61.5,2400023808,0x0
1786841584.899713256,5.6580,60.9,2400030464,0x0
1786841585.953931495,5.2996,62.0,2400023808,0x0
1786841587.008430059,5.3457,62.0,2400020480,0x0
1786841588.062097215,4.6472,62.0,2400027136,0x0
1786841589.115619978,5.9183,62.0,2400030464,0x0
1786841590.169255808,5.3052,61.5,2400023808,0x0
1786841591.222278543,5.5624,59.8,2400020480,0x0
1786841592.276588580,4.9613,61.5,2400020480,0x0
1786841593.329698563,5.8518,61.5,2400027136,0x0
1786841594.382537968,5.8021,61.5,2400023808,0x0
1786841595.435733254,5.6127,61.5,2400037120,0x0
1786841596.490344895,3.1545,61.5,2400033792,0x0
1786841597.544902661,5.3155,62.0,2400030464,0x0
1786841598.599428384,5.6221,61.5,2400030464,0x0
1786841599.653925843,5.7287,60.9,2400027136,0x0
1786841600.708069150,5.1364,61.5,2400027136,0x0
1786841601.762158655,5.0404,61.5,2400027136,0x0
1786841602.814952312,5.3075,61.5,2400023808,0x0
1786841603.868962936,5.9537,60.9,2400033792,0x0
1786841604.923732698,4.8947,63.1,2400033792,0x0
1786841605.977427017,6.1611,61.5,2400027136,0x0
1786841607.032220657,5.2592,60.9,2400020480,0x0
1786841608.084580418,5.9849,62.6,2400030464,0x0
1786841609.137265097,6.0219,60.9,2400037120,0x0
1786841610.190710413,5.0755,60.9,2400027136,0x0
1786841611.245310995,5.5659,61.5,2400030464,0x0
1786841612.299991496,5.4085,62.0,2400030464,0x0
1786841613.354646900,5.2348,62.0,2400030464,0x0
1786841614.408922893,5.0122,61.5,2400027136,0x0
1786841615.462963512,5.8145,62.6,2400027136,0x0
1786841616.517526122,5.1395,60.9,2400020480,0x0
1786841617.572128559,5.0197,60.9,2400033792,0x0
1786841618.626122977,5.9288,62.0,2400033792,0x0
1786841619.679692355,5.0700,62.6,2400030464,0x0
1786841620.733711595,5.8154,61.5,2400027136,0x0
1786841621.786617540,5.5464,60.9,2400020480,0x0
1786841622.840714325,5.7139,62.0,2400030464,0x0
1786841623.895037380,5.2712,62.0,2400030464,0x0
1786841624.949419559,5.3960,60.9,2400033792,0x0
1786841626.003256477,5.8140,62.0,2400020480,0x0
1786841627.057152370,5.2813,62.6,2400027136,0x0
1786841628.111047888,5.0138,61.5,2400027136,0x0
1786841629.164643550,5.2799,61.5,2400030464,0x0
1786841630.219588847,5.8131,60.9,2400030464,0x0
1786841631.273576867,5.7175,62.0,2400023808,0x0
1786841632.327019663,4.8935,60.9,2400023808,0x0
1786841633.380597730,5.4374,60.9,2400033792,0x0
1786841634.434280236,5.2036,61.5,2400033792,0x0
1786841635.488373197,5.2334,60.9,2400033792,0x0
1786841636.542128581,4.9537,61.5,2400020480,0x0
1786841637.594810189,5.7659,62.0,2400033792,0x0
1786841638.649288020,5.2577,61.5,2400037120,0x0
1786841639.703857346,5.3264,62.6,2400030464,0x0
1786841640.757435395,5.1986,62.0,2400023808,0x0
1786841641.811757434,5.1002,61.5,2400027136,0x0
1786841642.865669619,5.2669,63.1,2400020480,0x0
1786841643.919050636,4.6537,62.0,2400020480,0x0
1786841644.973293401,5.8431,61.5,2400023808,0x0
1786841646.027242477,5.8350,61.5,2400023808,0x0
1786841647.080306129,5.6588,60.9,2400023808,0x0
1786841648.134306787,5.7476,61.5,2400023808,0x0
1786841649.187830777,5.6484,61.5,2400020480,0x0
1786841650.240094399,5.9176,62.6,2400023808,0x0
1786841651.293637805,5.5977,62.0,2400020480,0x0
1786841652.347556091,5.9883,62.6,2400037120,0x0
1786841653.402040980,5.6470,60.9,2400030464,0x0
1786841654.456891658,5.8258,62.0,2400027136,0x0
1786841655.511117927,5.9527,62.0,2400023808,0x0
1786841656.566361333,5.7046,62.0,2400027136,0x0
1786841657.620694832,5.6814,62.0,2400023808,0x0
1786841658.674676477,5.3817,60.9,2400023808,0x0
1786841659.728311823,5.1538,62.0,2400030464,0x0
1786841660.782538289,5.7087,62.0,2400033792,0x0
1786841661.837466302,4.8991,63.7,2400033792,0x0
1786841662.890823468,5.8102,61.5,2400020480,0x0
1786841663.944015667,5.1356,60.9,2400020480,0x0
1786841664.996743901,4.4717,60.9,2400020480,0x0
1786841666.052267538,5.2786,61.5,2400030464,0x0
1786841667.105488592,5.5707,61.5,2400033792,0x0
1786841668.159131416,5.3021,61.5,2400023808,0x0
1786841669.213239047,5.1286,62.0,2400033792,0x0
1786841670.266258088,4.7780,61.5,2400023808,0x0
1786841671.321393462,5.9655,61.5,2400033792,0x0
1786841672.376012927,5.9236,62.0,2400030464,0x0
1786841673.430288444,5.4714,60.9,2400027136,0x0
1786841674.484887066,5.4192,62.6,2400030464,0x0
1786841675.538809929,5.9584,62.6,2400027136,0x0
1786841676.592925822,5.1087,63.1,2400023808,0x0
1786841677.646834230,5.8188,60.9,2400033792,0x0
1786841678.699716140,5.3871,62.6,2400033792,0x0
1786841679.753429466,5.8867,61.5,2400027136,0x0
1786841680.806410552,5.6084,62.0,2400020480,0x0
1786841681.860407607,5.8682,60.9,2400033792,0x0
1786841682.914901320,5.1105,62.0,2400023808,0x0
1786841683.968705608,5.6471,61.5,2400027136,0x0
1786841685.022525261,5.0064,60.9,2400020480,0x0
1786841686.076788609,5.8721,61.5,2400027136,0x0
1786841687.130409347,6.2260,62.0,2400023808,0x0
1786841688.184390484,5.1451,61.5,2400020480,0x0
1786841689.238156674,5.2395,61.5,2400023808,0x0
1786841690.292480929,5.7386,59.8,2400020480,0x0
1786841691.345688873,5.5201,61.5,2400023808,0x0
1786841692.398615887,6.0933,62.0,2400027136,0x0
1786841693.451749674,5.2409,60.9,2400023808,0x0
1786841694.504795549,5.7357,62.0,2400030464,0x0
1786841695.558597784,5.5861,61.5,2400037120,0x0
1786841696.613057214,5.4128,61.5,2400030464,0x0
1786841697.666907051,5.6376,62.6,2400027136,0x0
1786841698.720703272,5.1967,61.5,2400020480,0x0
1786841699.774510841,4.9641,61.5,2400027136,0x0
1786841700.828083444,5.3900,61.5,2400023808,0x0
1786841701.881192767,5.9217,61.5,2400023808,0x0
1786841702.935560818,5.4249,62.0,2400023808,0x0
1786841703.989324998,4.9346,60.9,2400023808,0x0
1786841705.042478956,5.8960,60.9,2400023808,0x0
1786841706.096503143,5.0569,62.0,2400033792,0x0
1786841707.148863004,5.7950,61.5,2400033792,0x0
1786841708.201808986,3.9313,60.9,2400023808,0x0
1786841709.255649513,5.7307,62.0,2400020480,0x0
1786841710.301560406,5.4229,61.5,2400033792,0x0
1786841711.354966556,5.3115,62.6,2400027136,0x0
1786841712.409260844,5.1355,62.6,2400027136,0x0
1786841713.462931447,5.6826,61.5,2400023808,0x0
1786841714.620759450,5.6832,62.0,2400027136,0x0
1786841715.776793960,4.9927,61.5,2400020480,0x0
1786841716.830951582,5.7165,61.5,2400027136,0x0
1786841717.884991053,4.9029,62.0,2400023808,0x0
1786841718.940101603,4.8124,61.5,2400030464,0x0
1786841720.093425909,5.1184,60.4,2400030464,0x0
1786841721.147128386,4.7469,60.4,2400023808,0x0
1786841722.199713755,6.0573,62.0,2400020480,0x0
1786841723.252412193,4.9535,62.0,2400027136,0x0
1786841724.304729241,5.8826,61.5,2400027136,0x0
1786841725.458291371,4.0596,62.0,2400020480,0x0
1786841726.613786928,5.2973,63.1,2400027136,0x0
1786841727.668133169,5.9753,60.9,2400023808,0x0
1786841728.722993810,5.7234,61.5,2400027136,0x0
1786841729.777950928,5.9084,62.0,2400020480,0x0
1786841730.832001881,5.3722,62.0,2400030464,0x0
1786841731.885209446,5.4747,62.6,2400020480,0x0
1786841732.939129484,5.7670,61.5,2400020480,0x0
1786841733.995438796,5.1583,61.5,2400023808,0x0
1786841735.048641015,5.7275,61.5,2400033792,0x0
1786841736.102371800,5.3363,61.5,2400033792,0x0
1786841737.155453067,5.9488,62.0,2400020480,0x0
1786841738.210373706,5.7498,60.9,2400037120,0x0
1786841739.263712277,4.9967,61.5,2400027136,0x0
1786841740.318720665,4.3381,62.6,2400023808,0x0
1786841741.372760038,4.9770,61.5,2400027136,0x0
1786841742.426022763,6.0178,61.5,2400020480,0x0
1786841743.479030116,5.9652,62.0,2400020480,0x0
1786841744.533575805,5.3107,62.0,2400033792,0x0
1786841745.587285274,5.2703,62.0,2400030464,0x0
1786841746.640511002,4.6236,60.9,2400033792,0x0
1786841747.693880261,5.9313,62.0,2400020480,0x0
1786841748.748478100,5.6824,59.8,2400030464,0x0
1786841749.801506427,5.7786,63.1,2400033792,0x0
1786841750.856034906,5.2244,62.0,2400023808,0x0
1786841751.909555296,5.7764,61.5,2400023808,0x0
1786841752.962086910,5.2048,61.5,2400033792,0x0
1786841754.018436142,4.5381,61.5,2400033792,0x0
1786841755.071952111,5.2792,62.0,2400027136,0x0
1786841756.125318300,5.4992,62.0,2400027136,0x0
1786841757.178978575,6.1723,61.5,2400020480,0x0
1786841758.233097194,5.5129,60.9,2400030464,0x0
1786841759.287101810,5.6441,60.9,2400020480,0x0
1786841760.340942275,5.2346,58.7,2400027136,0x0
1786841761.397092275,5.4207,60.9,2400033792,0x0
1786841762.451115138,5.7263,60.9,2400023808,0x0
1786841763.504669167,5.2612,61.5,2400027136,0x0
1786841764.558821465,5.8304,62.6,2400020480,0x0
1786841765.611944618,5.2483,61.5,2400033792,0x0
1786841766.665623189,5.1101,60.9,2400020480,0x0
1786841767.719160887,5.4626,63.1,2400023808,0x0
1786841768.774035331,4.8958,60.9,2400023808,0x0
1786841769.828849122,5.2683,62.0,2400020480,0x0
1786841770.883473059,5.2461,61.5,2400020480,0x0
1786841771.937053481,5.0688,61.5,2400027136,0x0
1786841772.990303828,5.4096,62.6,2400033792,0x0
1786841774.044293239,5.3400,62.0,2400030464,0x0
1786841775.197008529,5.1628,60.9,2400023808,0x0
1786841776.250728970,5.2228,62.6,2400023808,0x0
1786841777.303483137,4.9360,62.0,2400030464,0x0
1786841778.357140627,5.8566,61.5,2400033792,0x0
1786841779.412311731,4.9549,60.9,2400030464,0x0
1786841780.466479931,5.6708,61.5,2400020480,0x0
1786841781.519462488,5.2552,61.5,2400020480,0x0
1786841782.574295675,5.2980,62.0,2400030464,0x0
1786841783.627931071,4.9385,60.9,2400020480,0x0
1786841784.681436798,5.2405,61.5,2400020480,0x0
1786841785.735758551,5.0936,63.1,2400027136,0x0
1786841786.789362936,5.1610,62.0,2400030464,0x0
1786841787.843150741,5.8624,59.8,2400020480,0x0
1786841788.896490953,5.7493,61.5,2400033792,0x0
1786841789.949369757,5.5985,59.8,2400030464,0x0
1786841791.003042218,6.3102,63.1,2400033792,0x0
1786841792.056538750,5.2172,61.5,2400020480,0x0
1786841793.110148148,5.6667,62.0,2400023808,0x0
1786841794.166127284,5.1250,61.5,2400033792,0x0
1786841795.219497343,5.4514,60.9,2400027136,0x0
1786841796.272621862,5.2033,61.5,2400033792,0x0
1786841797.325755989,5.2985,60.4,2400023808,0x0
1786841798.380033122,5.2163,60.4,2400033792,0x0
1786841799.433798052,5.3873,61.5,2400030464,0x0
1786841800.487221776,5.5300,61.5,2400027136,0x0
1786841801.540125778,5.2863,61.5,2400027136,0x0
1786841802.594627802,5.9383,62.0,2400020480,0x0
1786841803.649184489,5.5672,61.5,2400027136,0x0
1786841804.703169620,4.5608,60.9,2400033792,0x0
1786841805.757280746,5.8414,62.0,2400027136,0x0
1786841806.810597800,5.0920,62.0,2400023808,0x0
1786841807.863914795,5.9291,61.5,2400020480,0x0
1786841808.917439137,4.9664,62.6,2400027136,0x0
1786841809.972294539,5.6934,62.6,2400033792,0x0
1786841811.026961180,5.6943,62.0,2400023808,0x0
1786841812.081818149,5.9400,62.0,2400030464,0x0
1786841813.136032248,5.2787,62.0,2400023808,0x0
1786841814.189587867,4.7173,61.5,2400027136,0x0
1786841815.243487461,4.8937,62.0,2400033792,0x0
1786841816.296926981,5.2718,61.5,2400027136,0x0
1786841817.350003740,5.8213,60.9,2400023808,0x0
1786841818.404237488,5.0660,62.0,2400020480,0x0
1786841819.458245733,5.6156,60.9,2400023808,0x0
1786841820.512472547,5.7160,61.5,2400027136,0x0
1786841821.567040559,4.8807,60.9,2400023808,0x0
1786841822.620709240,5.6009,61.5,2400027136,0x0
1786841823.672797930,5.1936,61.5,2400027136,0x0
1786841824.725963996,6.2703,62.6,2400030464,0x0
1786841825.779951461,6.1968,61.5,2400027136,0x0
1786841826.835000229,5.8391,60.9,2400023808,0x0
1786841827.889893235,5.9217,60.9,2400023808,0x0
1786841828.943751726,5.2948,62.0,2400023808,0x0
1786841829.998204173,5.5108,63.1,2400020480,0x0
1786841831.051478347,5.1137,61.5,2400030464,0x0
1786841832.105057885,5.8593,59.8,2400023808,0x0
1786841833.159744134,5.1648,61.5,2400027136,0x0
1786841834.213784421,5.5518,59.8,2400020480,0x0
1786841835.267712594,5.1698,60.4,2400030464,0x0
1786841836.320866917,5.2028,60.4,2400027136,0x0
1786841837.374925953,4.9163,60.9,2400020480,0x0
1786841838.427001814,5.9475,59.8,2400027136,0x0
1786841839.482198593,6.0398,61.5,2400023808,0x0
1786841840.536613579,5.7082,60.4,2400033792,0x0
1786841841.590600804,5.6108,60.4,2400027136,0x0
1786841842.645079875,5.8082,60.4,2400033792,0x0
1786841843.698942890,4.9816,59.8,2400030464,0x0
1786841844.757178407,5.1864,62.6,2400023808,0x0
1786841845.811458635,5.1396,61.5,2400023808,0x0
1786841846.865358363,5.9360,60.9,2400020480,0x0
1786841847.918587777,5.2308,61.5,2400030464,0x0
1786841848.971044045,4.6893,62.0,2400023808,0x0
1786841850.024728263,5.0351,61.5,2400023808,0x0
1786841851.078082981,5.7575,61.5,2400030464,0x0
1786841852.130792459,5.0676,60.9,2400020480,0x0
1786841853.184749146,5.1780,60.9,2400020480,0x0
1786841854.239247382,5.2901,61.5,2400020480,0x0
1786841855.294125074,4.9569,60.9,2400020480,0x0
1786841856.346773687,5.2762,60.9,2400023808,0x0
1786841857.400722620,5.9273,61.5,2400033792,0x0
1786841858.454569440,5.7537,62.6,2400023808,0x0
1786841859.507821982,4.9656,60.9,2400027136,0x0
1786841860.561845349,5.9575,61.5,2400027136,0x0
1786841861.716991846,5.1002,61.5,2400023808,0x0
1786841862.770257581,5.8654,59.8,2400023808,0x0
1786841863.823921626,4.8890,62.6,2400020480,0x0
1786841864.877102041,5.6970,62.0,2400023808,0x0
1786841865.930319378,5.7035,60.9,2400033792,0x0
1786841866.983098734,5.3073,61.5,2400023808,0x0
1786841868.037346094,5.0590,60.4,2400033792,0x0
1786841869.091431062,5.7826,60.9,2400023808,0x0
1786841870.146049172,5.3397,61.5,2400033792,0x0
1786841871.200215300,5.1842,61.5,2400027136,0x0
1786841872.254674275,5.3345,61.5,2400030464,0x0
1786841873.308060235,4.9052,61.5,2400033792,0x0
1786841874.361405490,5.7848,61.5,2400027136,0x0
1786841875.414497427,5.3348,62.6,2400023808,0x0
1786841876.469157628,5.0490,61.5,2400023808,0x0
1786841877.522268448,5.6016,62.6,2400027136,0x0
1786841878.575893539,4.9512,62.0,2400020480,0x0
1786841879.629046778,5.9549,61.5,2400027136,0x0
1786841880.682447457,4.9868,62.0,2400033792,0x0
1786841881.735775429,5.9987,62.6,2400027136,0x0
1786841882.789931428,5.7002,62.6,2400023808,0x0
1786841883.844099091,6.1397,60.9,2400033792,0x0
1786841884.898917265,5.7241,62.6,2400023808,0x0
1786841885.953370438,5.6322,61.5,2400030464,0x0
1786841887.012466776,5.5667,61.5,2400030464,0x0
1786841888.066400428,4.5407,61.5,2400023808,0x0
1786841889.119399417,5.3883,62.0,2400033792,0x0
1786841890.173384673,5.8851,62.0,2400027136,0x0
1786841891.227214890,5.3755,62.0,2400033792,0x0
1786841892.280234943,5.8814,63.7,2400033792,0x0
1786841893.332788737,5.1058,61.5,2400030464,0x0
1786841894.386087041,5.9913,62.0,2400020480,0x0
1786841895.439970856,3.3719,60.9,2400027136,0x0
1786841896.493375727,5.3223,60.9,2400027136,0x0
1786841897.548088011,4.9045,61.5,2400020480,0x0
1786841898.602275518,5.3883,60.9,2400030464,0x0
1786841899.657082999,5.6728,61.5,2400020480,0x0
1786841900.710609931,5.5883,61.5,2400020480,0x0
1786841901.764310839,6.0417,62.0,2400033792,0x0
1786841902.817892116,5.0503,61.5,2400030464,0x0
1786841903.871967905,5.8308,60.9,2400027136,0x0
1786841904.926603445,5.4444,60.9,2400020480,0x0
1786841905.981054854,4.6048,59.8,2400027136,0x0
1786841907.034228085,5.5518,60.4,2400020480,0x0
1786841908.088501507,5.1947,62.0,2400030464,0x0
1786841909.141832342,5.6207,61.5,2400033792,0x0
1786841910.196386460,5.0848,62.0,2400027136,0x0
1786841911.250914001,5.2434,60.9,2400033792,0x0
1786841912.304593675,5.3300,61.5,2400020480,0x0
1786841913.357851571,5.1971,61.5,2400027136,0x0
1786841914.411393463,5.1431,62.0,2400027136,0x0
1786841915.464792889,5.2708,61.5,2400020480,0x0
1786841916.519566858,5.6901,61.5,2400023808,0x0
1786841917.574073158,4.2457,62.0,2400023808,0x0
1786841918.628697863,5.2369,61.5,2400027136,0x0
1786841919.681878871,5.8228,60.9,2400023808,0x0
1786841920.735825501,5.5364,60.9,2400027136,0x0
1786841921.788307953,5.2892,62.0,2400030464,0x0
1786841922.843594473,5.2975,62.0,2400023808,0x0
1786841923.896413973,5.8992,62.0,2400027136,0x0
1786841924.949533263,5.2596,61.5,2400027136,0x0
1786841926.003571506,5.5387,61.5,2400030464,0x0
1786841927.057677672,5.7136,60.9,2400030464,0x0
1786841928.111821612,6.2051,62.0,2400023808,0x0
1786841929.165306980,5.3852,61.5,2400027136,0x0
1786841930.219064584,5.3653,62.0,2400027136,0x0
1786841931.272688075,5.8170,62.6,2400027136,0x0
1786841932.327120557,5.0738,61.5,2400027136,0x0
1786841933.381569609,5.2570,61.5,2400030464,0x0
1786841934.435484867,5.7288,62.6,2400027136,0x0
1786841935.489528398,4.9509,61.5,2400033792,0x0
1786841936.542868969,5.8317,61.5,2400027136,0x0
1786841937.598990831,5.1672,61.5,2400023808,0x0
1786841938.653154723,5.6518,61.5,2400027136,0x0
1786841939.708243087,5.4932,62.0,2400027136,0x0
1786841940.763338651,6.0029,61.5,2400027136,0x0
1786841941.817880772,5.9795,61.5,2400023808,0x0
1786841942.872128374,5.3702,62.6,2400027136,0x0
1786841943.926291919,4.4565,60.4,2400023808,0x0
1786841944.980238888,5.4362,61.5,2400023808,0x0
1786841946.033879190,5.2455,62.0,2400033792,0x0
1786841947.087606358,4.9980,62.6,2400033792,0x0
1786841948.140645122,5.1921,59.8,2400023808,0x0
1786841949.193592754,5.8432,61.5,2400020480,0x0
1786841950.247292766,5.3550,61.5,2400030464,0x0
1786841951.300323188,5.6635,61.5,2400030464,0x0
1786841952.353553106,4.9509,61.5,2400020480,0x0
1786841953.406530337,5.8188,62.6,2400020480,0x0
1786841954.461824752,5.9464,61.5,2400027136,0x0
1786841955.516704296,5.4050,61.5,2400033792,0x0
1786841956.571055360,5.8578,61.5,2400020480,0x0
1786841957.625765715,5.9056,61.5,2400020480,0x0
1786841958.680784250,5.6969,60.9,2400020480,0x0
1786841959.733981574,5.4491,62.0,2400030464,0x0
1786841960.786790843,5.3213,61.5,2400030464,0x0
1786841961.841622168,5.7383,61.5,2400023808,0x0
1786841962.895154055,4.3705,62.0,2400020480,0x0
1786841963.948401016,5.5406,63.1,2400020480,0x0
1786841965.002651836,5.8827,60.9,2400020480,0x0
1786841966.055196315,5.9857,61.5,2400023808,0x0
1786841967.108653322,4.7572,62.6,2400027136,0x0
1786841968.162455989,5.4754,61.5,2400037120,0x0
1786841969.217271646,5.2532,61.5,2400020480,0x0
1786841970.271885765,5.4496,62.0,2400027136,0x0
1786841971.326302105,4.7835,62.0,2400030464,0x0
1786841972.381120216,5.8934,59.8,2400027136,0x0
1786841973.435511162,6.1876,62.0,2400023808,0x0
1786841974.489211925,5.2993,60.4,2400030464,0x0
1786841975.542833668,5.6343,58.7,2400030464,0x0
1786841976.596839738,5.9438,61.5,2400033792,0x0
1786841977.649782814,5.5600,59.8,2400033792,0x0
1786841978.702975737,6.2068,60.4,2400020480,0x0
1786841979.755746697,5.3608,61.5,2400033792,0x0
1786841980.808821264,5.6757,60.4,2400033792,0x0
1786841981.861709237,5.0417,60.4,2400020480,0x0
1786841982.916301823,5.4824,60.9,2400023808,0x0
1786841983.969581029,5.4442,60.4,2400027136,0x0
1786841985.022630455,5.2888,60.4,2400033792,0x0
1786841986.077247108,5.2112,60.4,2400030464,0x0
1786841987.131701018,5.7028,60.9,2400023808,0x0
1786841988.185181840,5.7951,61.5,2400027136,0x0
1786841989.238445329,5.1866,60.4,2400020480,0x0
1786841990.293063026,5.1762,60.9,2400033792,0x0
1786841991.346587452,5.4735,61.5,2400023808,0x0
1786841992.400685963,5.3201,59.8,2400020480,0x0
1786841993.452980244,5.7155,62.0,2400023808,0x0
1786841994.506155165,5.2534,59.3,2400030464,0x0
1786841995.558996789,5.9052,60.4,2400033792,0x0
1786841996.612712385,5.1890,61.5,2400027136,0x0
1786841997.666746124,5.0558,60.4,2400030464,0x0
1786841998.721312801,5.2374,60.4,2400033792,0x0
1786841999.775261314,4.7835,62.0,2400030464,0x0
1786842000.828509163,5.0783,61.5,2400020480,0x0
1786842001.881177291,5.3458,61.5,2400033792,0x0
1786842002.934370024,5.8426,60.9,2400023808,0x0
1786842003.988169583,5.6378,59.3,2400020480,0x0
1786842005.041053351,4.6440,59.8,2400020480,0x0
1786842006.094089558,5.3590,59.3,2400020480,0x0
1786842007.146746322,4.9402,58.7,2400023808,0x0
1786842008.200102671,4.4772,60.4,2400027136,0x0
1786842009.252776207,5.8124,60.9,2400023808,0x0
1786842010.305469612,4.6218,60.4,2400030464,0x0
1786842011.359287430,4.9019,61.5,2400030464,0x0
1786842012.413273338,5.6065,60.4,2400023808,0x0
1786842013.466709062,6.0946,61.5,2400033792,0x0
1786842014.520474985,4.3371,60.4,2400033792,0x0
1786842015.573727261,4.5919,60.9,2400033792,0x0
1786842016.627682307,5.4985,60.9,2400030464,0x0
1786842017.683270615,5.6408,60.9,2400030464,0x0
1786842018.737249804,5.8449,60.9,2400023808,0x0
1786842019.790373312,5.7441,62.6,2400023808,0x0
1786842020.844651142,5.3767,61.5,2400033792,0x0
1786842021.898023643,5.0885,61.5,2400030464,0x0
1786842022.952457837,5.3389,61.5,2400023808,0x0
1786842024.005353319,5.9425,61.5,2400030464,0x0
1786842025.059761526,5.6587,61.5,2400030464,0x0
1786842026.113883974,5.7259,62.6,2400023808,0x0
1786842027.168515120,5.9476,62.0,2400033792,0x0
1786842028.222631452,5.3593,62.0,2400030464,0x0
1786842029.276528932,5.3443,61.5,2400020480,0x0
1786842030.331030293,5.1646,61.5,2400030464,0x0
1786842031.383980479,5.3222,62.0,2400033792,0x0
1786842032.438238116,5.8155,62.0,2400030464,0x0
1786842033.491447295,4.8866,62.0,2400020480,0x0
1786842034.545238911,4.9803,61.5,2400033792,0x0
1786842035.598194921,5.1263,60.9,2400030464,0x0
1786842036.651527351,5.0952,61.5,2400020480,0x0
1786842037.705989048,5.1088,61.5,2400033792,0x0
1786842038.759137530,5.8818,62.0,2400037120,0x0
1786842039.813373854,5.8289,61.5,2400033792,0x0
1786842040.867683563,5.8822,62.6,2400020480,0x0
1786842041.922388693,5.7468,61.5,2400020480,0x0
1786842042.976619139,5.8318,60.9,2400020480,0x0
1786842044.031027932,5.3733,61.5,2400033792,0x0
1786842045.084488009,5.6335,61.5,2400027136,0x0
1786842046.137519957,5.3831,62.6,2400033792,0x0
1786842047.191453859,5.8616,62.0,2400027136,0x0
1786842048.245805292,5.8452,61.5,2400030464,0x0
1786842049.299608653,5.3332,60.9,2400023808,0x0
1786842050.353238143,5.1466,61.5,2400030464,0x0
1786842051.405910064,5.2665,60.9,2400027136,0x0
1786842052.459932212,4.7412,61.5,2400027136,0x0
1786842053.512702220,5.5069,61.5,2400020480,0x0
1786842054.567231508,5.5380,62.0,2400033792,0x0
1786842055.621292538,4.9993,61.5,2400030464,0x0
1786842056.674839515,5.0742,61.5,2400033792,0x0
1786842057.728117306,5.2871,62.0,2400033792,0x0
1786842058.782134533,5.7545,61.5,2400027136,0x0
1786842059.837196213,5.0465,62.0,2400030464,0x0
1786842060.891190862,5.2882,60.9,2400030464,0x0
1786842061.944858085,5.5180,62.0,2400030464,0x0
1786842062.998135605,4.4840,60.4,2400033792,0x0
1786842064.051571474,5.7422,61.5,2400023808,0x0
1786842065.104619584,5.1683,62.0,2400020480,0x0
1786842066.157551174,5.1772,59.8,2400023808,0x0
1786842067.211210182,5.1574,62.0,2400020480,0x0
1786842068.261569715,4.4656,60.9,2400027136,0x0
1786842069.315399180,5.5299,61.5,2400030464,0x0
1786842070.369668788,5.6752,60.4,2400030464,0x0
1786842071.424009911,5.1249,61.5,2400020480,0x0
1786842072.478018238,4.8731,61.5,2400020480,0x0
1786842073.531069053,5.6343,62.0,2400033792,0x0
1786842074.586040294,5.7314,62.0,2400030464,0x0
1786842075.639152863,5.2381,60.9,2400020480,0x0
1786842076.692337244,5.0372,62.0,2400033792,0x0
1786842077.746289505,4.8947,61.5,2400030464,0x0
1786842078.799789156,4.7776,60.9,2400030464,0x0
1786842079.853887745,5.6638,63.1,2400030464,0x0
1786842080.906348605,5.1069,62.6,2400027136,0x0
1786842081.960024859,4.5015,62.6,2400020480,0x0
1786842083.014750363,5.1342,61.5,2400020480,0x0
1786842084.069370957,5.1900,62.0,2400027136,0x0
1786842085.123317055,5.7710,62.0,2400020480,0x0
1786842086.177557352,5.2034,62.0,2400023808,0x0
1786842087.231082374,5.8900,62.6,2400033792,0x0
1786842088.285245260,4.7091,60.9,2400033792,0x0
1786842089.338680186,5.2204,60.9,2400020480,0x0
1786842090.393469544,5.0386,62.6,2400030464,0x0
1786842091.446694209,5.1822,62.0,2400023808,0x0
1786842092.500252517,5.6358,62.0,2400027136,0x0
1786842093.553220698,5.6903,62.6,2400030464,0x0
1786842094.607092869,4.9309,62.0,2400030464,0x0
1786842095.659557161,5.9651,60.9,2400023808,0x0
1786842096.713010683,6.1955,60.9,2400030464,0x0
1786842097.767823711,5.8637,62.6,2400033792,0x0
1786842098.822554701,5.8037,62.0,2400033792,0x0
1786842099.877343113,5.7273,60.4,2400020480,0x0
1786842100.931729323,5.1380,62.6,2400023808,0x0
1786842101.985492425,5.1931,61.5,2400030464,0x0
1786842103.038828288,5.4707,61.5,2400020480,0x0
1786842104.093777135,5.9333,60.9,2400030464,0x0
1786842105.148577518,5.7513,60.9,2400030464,0x0
1786842106.201174418,5.2376,61.5,2400030464,0x0
1786842107.255265932,5.3118,61.5,2400030464,0x0
1786842108.309494518,4.8681,61.5,2400027136,0x0
1786842109.362899885,5.2500,60.4,2400030464,0x0
1786842110.416470102,5.8956,61.5,2400033792,0x0
1786842111.471259528,6.0046,60.9,2400033792,0x0
1786842112.526472523,5.9436,61.5,2400020480,0x0
1786842113.580747709,5.8694,61.5,2400027136,0x0
1786842114.634966690,5.6831,62.0,2400020480,0x0
1786842115.689496073,5.6718,60.9,2400020480,0x0
1786842116.743131610,5.3440,61.5,2400033792,0x0
1786842117.796720182,5.6664,62.6,2400030464,0x0
1786842118.849811997,5.6452,62.0,2400023808,0x0
1786842119.903309158,5.2701,61.5,2400027136,0x0
1786842120.956629874,5.2673,60.9,2400020480,0x0
1786842122.008876431,5.5695,61.5,2400033792,0x0
1786842123.061701036,5.5880,63.1,2400033792,0x0
1786842124.114907784,5.1247,60.9,2400027136,0x0
1786842125.168481434,5.8854,62.0,2400027136,0x0
1786842126.222972964,5.4488,62.0,2400027136,0x0
1786842127.277858970,5.5221,61.5,2400030464,0x0
1786842128.332484495,5.8113,61.5,2400020480,0x0
1786842129.387058926,5.6761,62.0,2400027136,0x0
1786842130.441556225,5.7516,62.6,2400030464,0x0
1786842131.496079727,5.3681,60.4,2400023808,0x0
1786842132.549654530,5.2491,60.9,2400023808,0x0
1786842133.603770067,5.7406,62.0,2400027136,0x0
1786842134.659205981,5.0475,61.5,2400023808,0x0
1786842135.711724157,5.7803,62.0,2400030464,0x0
1786842136.765132102,5.2956,61.5,2400023808,0x0
1786842137.817903550,6.0597,61.5,2400033792,0x0
1786842138.873075217,5.5999,60.9,2400033792,0x0
1786842139.927515666,5.2457,60.9,2400030464,0x0
1786842140.982401998,4.8053,62.0,2400027136,0x0
1786842142.036072450,5.3250,62.6,2400030464,0x0
1786842143.090181099,5.5302,61.5,2400030464,0x0
1786842144.143357495,5.3274,62.0,2400023808,0x0
1786842145.197119606,5.8359,61.5,2400030464,0x0
1786842146.251127047,5.3574,61.5,2400033792,0x0
1786842147.305041431,4.7238,60.9,2400033792,0x0
1786842148.358198041,5.6877,62.6,2400030464,0x0
1786842149.412574992,5.3193,62.0,2400027136,0x0
1786842150.465974189,5.1413,62.0,2400027136,0x0
1786842151.519461921,4.7422,61.5,2400027136,0x0
1786842152.574107456,5.2135,62.0,2400023808,0x0
1786842153.626463933,5.3652,62.0,2400030464,0x0
1786842154.682227511,5.2252,62.0,2400023808,0x0
1786842155.737359333,4.9473,61.5,2400023808,0x0
1786842156.791776696,4.5511,62.6,2400023808,0x0
1786842157.846345351,5.1722,61.5,2400023808,0x0
1786842158.899406129,5.6054,61.5,2400030464,0x0
1786842159.953222972,5.0865,63.1,2400030464,0x0
1786842161.007525717,5.9656,62.0,2400020480,0x0
1786842162.061047818,5.2779,60.9,2400023808,0x0
1786842163.114752638,4.6429,61.5,2400030464,0x0
1786842164.168318310,5.9077,62.6,2400023808,0x0
1786842165.221041097,5.9595,62.0,2400030464,0x0
1786842166.274549228,5.2018,60.9,2400027136,0x0
1786842167.327144327,5.7680,59.8,2400027136,0x0
1786842168.379753869,5.7705,62.0,2400030464,0x0
1786842169.434414763,5.7251,63.1,2400030464,0x0
1786842170.489367412,5.5987,63.1,2400027136,0x0
1786842171.544386688,5.7092,62.0,2400023808,0x0
1786842172.599295926,5.0831,62.6,2400027136,0x0
1786842173.653245151,5.6203,62.6,2400027136,0x0
1786842174.706889563,5.6654,61.5,2400033792,0x0
1786842175.761844739,5.7077,62.0,2400023808,0x0
1786842176.815906403,5.2906,62.6,2400023808,0x0
1786842177.868939239,5.1704,61.5,2400030464,0x0
1786842178.923187805,6.0183,61.5,2400030464,0x0
1786842179.977328351,5.3879,62.0,2400020480,0x0
1786842181.031701468,4.7487,63.1,2400027136,0x0
1786842182.084347171,5.7068,62.0,2400033792,0x0
1786842183.139301039,5.7315,62.0,2400033792,0x0
1786842184.193515170,6.1066,62.6,2400023808,0x0
1786842185.247960871,5.7047,61.5,2400027136,0x0
1786842186.302373108,5.8473,60.9,2400027136,0x0
1786842187.356605437,5.2775,62.0,2400033792,0x0
1786842188.410720765,5.4658,63.1,2400030464,0x0
1786842189.464762926,4.8478,62.0,2400027136,0x0
1786842190.518302626,5.7286,62.0,2400023808,0x0
1786842191.573404015,5.2758,62.0,2400030464,0x0
1786842192.626215291,5.6137,61.5,2400027136,0x0
1786842193.679891226,4.7579,60.4,2400030464,0x0
1786842194.733329141,5.6433,61.5,2400027136,0x0
1786842195.787084127,5.1418,60.9,2400027136,0x0
1786842196.839929026,5.7173,62.0,2400030464,0x0
1786842197.894755240,3.5375,63.1,2400033792,0x0
1786842198.949520804,4.9503,63.1,2400023808,0x0
1786842200.003595910,5.9682,62.0,2400027136,0x0
1786842201.058183602,5.7705,61.5,2400027136,0x0
1786842202.113263881,5.8823,60.9,2400020480,0x0
1786842203.166631024,4.5091,62.0,2400033792,0x0
1786842204.219745390,5.3994,62.6,2400033792,0x0
1786842205.274518963,5.4480,61.5,2400027136,0x0
1786842206.328417467,4.8823,60.9,2400027136,0x0
1786842207.381835121,5.7959,63.1,2400020480,0x0
1786842208.435562234,4.9873,61.5,2400020480,0x0
1786842209.488301539,5.8750,60.4,2400030464,0x0
1786842210.542680254,5.0546,61.5,2400027136,0x0
1786842211.598193829,4.7428,60.9,2400033792,0x0
1786842212.653232406,5.2372,60.9,2400023808,0x0
1786842213.707721801,5.3969,60.9,2400027136,0x0
1786842214.761925807,5.0338,61.5,2400020480,0x0
1786842215.815578131,4.9962,61.5,2400030464,0x0
1786842216.868880882,5.9007,60.9,2400033792,0x0
1786842217.923361770,4.9709,62.0,2400027136,0x0
1786842218.976948386,5.2903,60.9,2400020480,0x0
1786842220.030893886,6.2064,62.0,2400030464,0x0
1786842221.084404647,5.3653,62.0,2400033792,0x0
1786842222.141434452,4.8635,62.6,2400023808,0x0
1786842223.195660907,5.3656,62.0,2400030464,0x0
1786842224.250836965,5.8060,62.6,2400023808,0x0
1786842225.305836429,5.3679,60.4,2400027136,0x0
1786842226.359882215,5.8321,62.0,2400020480,0x0
1786842227.413645593,5.0667,62.0,2400033792,0x0
1786842228.467387896,5.8638,61.5,2400023808,0x0
1786842229.520946533,5.2473,60.9,2400023808,0x0
1786842230.574470557,5.4693,62.0,2400033792,0x0
1786842231.628933886,6.2254,60.4,2400020480,0x0
1786842232.683639545,5.9290,59.8,2400020480,0x0
1786842233.737196286,5.0172,60.4,2400020480,0x0
1786842234.791347447,5.8674,61.5,2400020480,0x0
1786842235.846405264,5.2391,61.5,2400023808,0x0
1786842236.899427820,5.9234,60.9,2400027136,0x0
1786842237.953675493,4.9041,62.6,2400023808,0x0
1786842239.006486232,5.8140,62.0,2400030464,0x0
1786842240.060004038,5.3565,62.0,2400027136,0x0
1786842241.113564693,5.2856,60.9,2400033792,0x0
1786842242.168308189,5.2379,62.6,2400023808,0x0
1786842243.222454762,5.2526,60.9,2400030464,0x0
1786842244.276044209,5.2937,62.0,2400023808,0x0
1786842245.328767958,5.4815,61.5,2400030464,0x0
1786842246.382910860,5.9576,60.9,2400023808,0x0
1786842247.437075204,5.0585,61.5,2400027136,0x0
1786842248.491646766,5.3896,61.5,2400023808,0x0
1786842249.545093502,5.9115,62.0,2400023808,0x0
1786842250.599214732,5.0071,61.5,2400020480,0x0
1786842251.652479614,5.8849,62.0,2400030464,0x0
1786842252.706672543,5.8519,60.9,2400023808,0x0
1786842253.759814239,5.8405,61.5,2400033792,0x0
1786842254.813320374,5.9230,60.9,2400027136,0x0
1786842255.867604835,5.9663,62.6,2400030464,0x0
1786842256.921917553,5.9752,61.5,2400020480,0x0
1786842257.976498545,5.6536,61.5,2400027136,0x0
1786842259.030255024,5.4568,60.9,2400027136,0x0
1786842260.083876391,4.7639,60.9,2400023808,0x0
1786842261.138051141,6.0316,61.5,2400020480,0x0
1786842262.191871319,5.9284,60.9,2400033792,0x0
1786842263.246479377,5.0657,62.0,2400020480,0x0
1786842264.299541428,6.0086,61.5,2400020480,0x0
1786842265.352941937,5.9460,59.8,2400023808,0x0
1786842266.405926115,5.4619,61.5,2400023808,0x0
1786842267.459907728,5.8162,60.9,2400023808,0x0
1786842268.512647276,5.6701,61.5,2400033792,0x0
1786842269.567273176,5.2644,60.9,2400033792,0x0
1786842270.621509338,5.5482,63.1,2400020480,0x0
1786842271.675794738,5.5040,61.5,2400030464,0x0
1786842272.730010805,5.9114,61.5,2400020480,0x0
1786842273.784711439,4.9419,60.9,2400020480,0x0
1786842274.838348044,5.3930,61.5,2400027136,0x0
1786842275.891694799,4.2603,61.5,2400027136,0x0
1786842276.945444177,5.4709,62.0,2400030464,0x0
1786842277.998901113,5.1965,60.9,2400027136,0x0
1786842279.052069882,5.8748,63.1,2400033792,0x0
1786842280.105774628,5.3222,61.5,2400020480,0x0
1786842281.158592082,5.5360,61.5,2400020480,0x0
1786842282.214204012,5.8154,61.5,2400023808,0x0
1786842283.268980707,4.9024,61.5,2400023808,0x0
1786842284.323926898,4.9931,63.7,2400023808,0x0
1786842285.378411389,5.6890,61.5,2400023808,0x0
1786842286.432663750,5.2881,61.5,2400027136,0x0
1786842287.486632612,5.1864,62.0,2400020480,0x0
1786842288.540715750,5.8623,60.4,2400030464,0x0
1786842289.595603990,5.3414,60.9,2400030464,0x0
1786842290.649495904,5.3895,61.5,2400033792,0x0
1786842291.702547213,5.7005,62.6,2400030464,0x0
1786842292.755972924,5.1262,62.6,2400033792,0x0
1786842293.809876185,5.1050,60.9,2400027136,0x0
1786842294.862526733,5.0218,60.4,2400033792,0x0
1786842295.916414714,5.9409,61.5,2400023808,0x0
1786842296.969967326,5.2516,61.5,2400033792,0x0
1786842298.023529214,5.2283,61.5,2400030464,0x0
1786842299.078089907,5.2723,60.9,2400030464,0x0
1786842300.132334268,5.2365,62.0,2400027136,0x0
1786842301.185619728,5.9472,62.0,2400030464,0x0
1786842302.239654958,5.5276,60.9,2400033792,0x0
1786842303.294217831,5.5605,61.5,2400027136,0x0
1786842304.347888302,5.3218,62.0,2400027136,0x0
1786842305.401212478,5.8292,62.0,2400033792,0x0
1786842306.454821929,5.7692,63.1,2400023808,0x0
1786842307.508065918,5.3148,59.8,2400030464,0x0
1786842308.561344664,5.1644,60.9,2400020480,0x0
1786842309.614335356,5.7414,62.0,2400027136,0x0
1786842310.667240121,5.7656,59.8,2400030464,0x0
1786842311.713737087,5.1986,61.5,2400023808,0x0
1786842312.767709785,5.2806,60.9,2400020480,0x0
1786842313.821850555,5.3605,62.0,2400030464,0x0
1786842314.876794872,5.0103,61.5,2400023808,0x0
1786842315.930948490,5.6270,61.5,2400023808,0x0
1786842316.985230532,5.3912,60.9,2400030464,0x0
1786842318.038364711,5.9249,62.0,2400023808,0x0
1786842319.093192116,5.3103,61.5,2400023808,0x0
1786842320.147198174,5.2041,59.8,2400033792,0x0
1786842321.200307332,5.8814,62.6,2400030464,0x0
1786842322.255330230,5.1959,62.6,2400030464,0x0
1786842323.308390441,5.6982,61.5,2400023808,0x0
1786842324.362173218,4.4275,59.8,2400020480,0x0
1786842325.415962808,5.9888,62.6,2400030464,0x0
1786842326.470668575,5.9265,62.0,2400033792,0x0
1786842327.525605060,5.8859,60.4,2400023808,0x0
1786842328.579801236,5.8728,62.0,2400023808,0x0
1786842329.634449517,5.9288,60.9,2400030464,0x0
1786842330.689358036,5.1637,62.0,2400020480,0x0
1786842331.742984212,5.0306,60.9,2400027136,0x0
1786842332.796343408,4.6473,62.0,2400033792,0x0
1786842333.849499845,5.6781,62.6,2400027136,0x0
1786842334.903052758,5.2631,59.3,2400020480,0x0
1786842335.956339747,5.6954,61.5,2400023808,0x0
1786842337.009959046,5.1786,62.6,2400027136,0x0
1786842338.062416150,5.6907,60.9,2400023808,0x0
1786842339.115817393,5.4994,60.9,2400030464,0x0
1786842340.168599473,5.1888,62.0,2400020480,0x0
1786842341.223417997,5.7924,62.0,2400023808,0x0
1786842342.276755477,5.4405,62.0,2400020480,0x0
1786842343.330169956,5.4135,60.4,2400030464,0x0
1786842344.385026254,5.8353,62.0,2400023808,0x0
1786842345.439137297,5.2621,61.5,2400033792,0x0
1786842346.493568263,4.9808,61.5,2400030464,0x0
1786842347.546637165,5.2364,60.9,2400020480,0x0
1786842348.599499048,5.7531,60.9,2400023808,0x0
1786842349.653004370,5.0822,61.5,2400023808,0x0
1786842350.705929454,5.9352,61.5,2400030464,0x0
1786842351.760043546,5.0058,62.0,2400030464,0x0
1786842352.813571048,5.9381,60.4,2400023808,0x0
1786842353.868985200,5.1409,59.8,2400030464,0x0
1786842354.923232305,5.2480,62.6,2400020480,0x0
1786842355.977739851,5.4554,62.0,2400023808,0x0
1786842357.031905991,5.2808,62.0,2400020480,0x0
1786842358.085918927,5.2342,60.4,2400033792,0x0
1786842359.140589672,4.8625,62.0,2400020480,0x0
1786842360.194487329,5.8598,62.6,2400027136,0x0
1786842361.248475280,5.6028,61.5,2400020480,0x0
1786842362.301770662,5.1624,60.9,2400027136,0x0
1786842363.355664908,5.7093,60.9,2400030464,0x0
1786842364.409512190,5.7439,62.0,2400027136,0x0
1786842365.462149536,5.3310,62.0,2400023808,0x0
1786842366.516912252,5.6670,62.0,2400027136,0x0
1786842367.569046823,5.9081,60.4,2400030464,0x0
1786842368.621920738,2.1578,57.1,2400030464,0x0
1786842369.662927530,2.1435,56.5,2400020480,0x0
