1786842604.440081451,1.8952,46.1,1700021120,0x0
1786842605.486096366,2.2138,47.2,1500022656,0x0
1786842606.529532747,1.7181,47.2,1500016128,0x0
1786842607.572922776,1.7072,47.7,1500016128,0x0
1786842608.616350361,1.7415,47.7,1500016128,0x0
1786842609.659642019,1.4435,46.6,1500016128,0x0
1786842610.702829808,1.5326,47.2,1500016128,0x0
1786842611.746037241,1.4481,47.2,1500022656,0x0
1786842612.789280898,1.4381,47.2,1500019456,0x0
1786842613.832731163,1.4607,47.2,1500019456,0x0
1786842614.875930911,1.4512,45.5,1500012800,0x0
1786842615.919183658,1.4429,47.7,1500019456,0x0
1786842616.962443254,1.4529,47.2,1500016128,0x0
1786842618.005554241,1.4905,47.7,1500012800,0x0
1786842619.048651802,1.4520,45.5,1500012800,0x0
1786842620.091869139,1.4540,47.7,1500016128,0x0
1786842621.135053326,1.4538,46.1,1500019456,0x0
1786842622.178299828,1.4605,48.3,1500016128,0x0
1786842623.221449514,1.4608,48.3,1500022656,0x0
1786842624.264642441,1.4527,46.6,1500016128,0x0
1786842625.307841217,1.4775,46.6,1500022656,0x0
1786842626.351005994,1.4589,47.2,1500022656,0x0
1786842627.394243048,1.4800,46.6,1500019456,0x0
1786842628.437393212,1.4552,47.7,1500019456,0x0
1786842629.480562950,1.5138,46.1,1500022656,0x0
1786842630.523722502,1.7360,47.2,1500022656,0x0
1786842631.566865683,1.7178,47.7,1500012800,0x0
1786842632.710891875,1.4576,46.1,1500019456,0x0
1786842633.754058536,1.4614,47.7,1500019456,0x0
1786842634.797251622,1.5022,45.5,1500012800,0x0
1786842635.840620483,1.6591,47.7,1500012800,0x0
1786842636.883861399,1.4753,46.6,1500022656,0x0
1786842637.927141574,1.4609,46.6,1500022656,0x0
1786842638.970491341,1.4939,46.6,1500019456,0x0
1786842640.013637830,1.4602,47.2,1500016128,0x0
1786842641.056945076,1.4708,47.2,1500019456,0x0
1786842642.100253268,1.6474,46.6,1500019456,0x0
1786842643.143423810,1.7026,46.6,1500022656,0x0
1786842644.186689610,1.4872,47.2,1500016128,0x0
1786842645.229889522,1.4878,46.6,1500016128,0x0
1786842646.273021766,1.4660,46.1,1500019456,0x0
1786842647.316217306,1.7065,46.6,1500016128,0x0
1786842648.359477364,1.7172,46.6,1500019456,0x0
1786842649.402645902,1.4522,48.8,1500016128,0x0
1786842650.445809347,1.4583,46.6,1500016128,0x0
1786842651.488986884,1.4736,47.2,1500016128,0x0
1786842652.532241068,2.0913,46.6,1500016128,0x0
1786842653.575389178,1.7108,46.6,1500019456,0x0
1786842654.618559156,1.4363,47.2,1500016128,0x0
1786842655.661699599,1.6125,46.6,1500016128,0x0
1786842656.704931299,1.4639,47.7,1500022656,0x0
1786842657.748035629,3.1137,47.2,1500022656,0x0
1786842658.791085180,1.6889,47.2,1500012800,0x0
1786842659.834134656,1.4347,47.2,1500016128,0x0
1786842660.877181466,1.4390,47.2,1500022656,0x0
1786842661.920285127,1.8843,46.6,1500019456,0x0
1786842662.963373675,1.7131,45.5,1500012800,0x0
1786842664.006441427,1.4499,46.6,1500016128,0x0
1786842665.049474549,1.4596,46.6,1500019456,0x0
1786842666.092572762,1.4496,47.2,1500016128,0x0
1786842667.135667493,1.4550,46.6,1500019456,0x0
1786842668.178840556,1.4707,46.6,1500016128,0x0
1786842669.221975266,1.4601,46.6,1500012800,0x0
1786842670.265021218,1.4457,46.1,1500022656,0x0
1786842671.308085743,1.4746,46.6,1500022656,0x0
1786842672.351056360,1.4985,47.2,1500016128,0x0
1786842673.394202865,1.4458,46.6,1500016128,0x0
1786842674.437340424,1.6914,47.2,1500019456,0x0
1786842675.480339520,1.6500,45.5,1500019456,0x0
1786842676.523376246,1.4566,48.3,1500016128,0x0
1786842677.566536822,1.4569,46.6,1500019456,0x0
1786842678.609574879,1.7262,46.1,1500016128,0x0
1786842679.652632843,1.7099,45.5,1500019456,0x0
1786842680.695749767,1.4578,47.2,1500016128,0x0
1786842681.738748046,1.4490,48.3,1500022656,0x0
1786842682.781807990,1.4457,47.2,1500012800,0x0
1786842683.824899728,1.4417,47.2,1500012800,0x0
1786842684.868018226,1.4795,46.6,1500019456,0x0
1786842685.911141703,1.4383,46.6,1500019456,0x0
1786842686.954253385,1.4575,47.2,1500016128,0x0
1786842687.997295436,1.4513,47.2,1500016128,0x0
1786842689.040423689,1.4430,46.6,1500022656,0x0
1786842690.083485869,1.4410,49.4,1500022656,0x0
1786842691.126584028,1.4668,46.6,1500019456,0x0
1786842692.169658966,1.4506,47.7,1500012800,0x0
1786842693.212708032,1.4556,46.6,1500012800,0x0
1786842694.255852172,1.4417,47.2,1500022656,0x0
1786842695.298924218,1.4392,46.6,1500019456,0x0
1786842696.342075263,1.4912,46.6,1500022656,0x0
1786842697.385190400,1.4602,46.6,1500016128,0x0
1786842698.428385222,1.4885,47.2,1500019456,0x0
1786842699.471530228,1.6518,46.6,1500016128,0x0
1786842700.514728975,1.4927,46.1,1500016128,0x0
1786842701.557919681,1.4879,46.6,1500019456,0x0
1786842702.601105149,1.4432,46.1,1500022656,0x0
1786842703.644247263,1.2948,47.2,1500022656,0x0
1786842704.687447821,1.4686,46.6,1500019456,0x0
1786842705.730578602,1.4710,47.2,1500019456,0x0
1786842706.773695067,1.4496,46.6,1500016128,0x0
1786842707.816901567,1.6821,47.2,1500019456,0x0
1786842708.860010827,2.8802,46.6,1500016128,0x0
1786842709.903116606,1.4712,46.6,1500022656,0x0
1786842710.946254586,1.4539,46.6,1500016128,0x0
1786842711.989436455,1.4347,46.6,1500019456,0x0
1786842713.032511323,1.4608,45.5,1500016128,0x0
1786842714.075575525,1.4703,47.2,1500016128,0x0
1786842715.118591375,1.4574,46.1,1500022656,0x0
1786842716.161689779,1.4507,47.7,1500019456,0x0
1786842717.204787442,1.7125,47.7,1500022656,0x0
1786842718.247950455,3.1322,46.6,1500012800,0x0
1786842719.290979875,1.7150,47.2,1500019456,0x0
1786842720.334108721,1.4737,47.2,1500022656,0x0
1786842721.377127790,1.4524,46.6,1500019456,0x0
1786842722.420229931,1.4817,47.7,1500016128,0x0
1786842723.463310626,1.4640,48.3,1500022656,0x0
1786842724.506508525,1.4486,46.6,1500012800,0x0
1786842725.549601904,1.4698,46.6,1500022656,0x0
1786842726.592905819,2.3679,47.2,2400030464,0x0
1786842727.635192112,2.8628,48.3,2400033792,0x0
1786842728.678209250,1.9939,48.3,2400027136,0x0
1786842729.719601938,2.1126,47.7,2400033792,0x0
1786842730.762103487,2.7383,48.3,2400023808,0x0
1786842731.809833860,3.0184,47.7,2400033792,0x0
1786842732.853917560,2.0771,48.8,2400037120,0x0
1786842733.895198784,2.0808,48.8,2400033792,0x0
1786842734.936239751,2.0910,48.3,2400023808,0x0
1786842735.977261179,1.8931,48.3,2400020480,0x0
1786842737.018489754,1.7205,47.7,1500016128,0x0
1786842738.061802551,1.7105,47.2,1500016128,0x0
1786842739.105150439,1.4704,47.2,1500022656,0x0
1786842740.148584770,1.5162,47.2,1500016128,0x0
1786842741.191980212,2.8157,46.6,1500019456,0x0
1786842742.235254507,1.7118,46.6,1500016128,0x0
1786842743.278515190,1.6952,46.6,1500016128,0x0
1786842744.321778002,1.4491,46.1,1500016128,0x0
1786842745.365003221,1.6444,46.6,1500016128,0x0
1786842746.408319902,1.4449,47.2,1500016128,0x0
1786842747.451560879,1.4508,47.2,1500016128,0x0
1786842748.494858855,1.4681,46.1,1500019456,0x0
1786842749.638880504,1.4476,46.1,1500016128,0x0
1786842750.681951629,1.4640,46.1,1500022656,0x0
1786842751.725131086,1.4495,45.5,1500022656,0x0
1786842752.768393486,1.4750,45.5,1500019456,0x0
1786842753.811569366,1.4478,47.2,1500016128,0x0
1786842754.854655175,1.6346,46.1,1500019456,0x0
1786842755.897666149,1.4454,46.6,1500016128,0x0
1786842756.940815288,1.4567,45.0,1500016128,0x0
1786842757.984067223,1.4401,46.1,1500022656,0x0
1786842759.027218861,1.4446,46.1,1500016128,0x0
1786842760.070426998,1.4424,46.6,1500019456,0x0
1786842761.113617504,1.4463,45.5,1500016128,0x0
1786842762.156811492,1.7147,46.6,1500022656,0x0
1786842763.200045295,1.7246,46.1,1500012800,0x0
1786842764.243235670,1.4467,46.1,1500019456,0x0
1786842765.286463674,1.4547,46.6,1500016128,0x0
1786842766.329949287,1.4431,46.1,1500012800,0x0
1786842767.373251327,1.4574,46.1,1500019456,0x0
1786842768.416570291,1.4413,46.6,1500016128,0x0
1786842769.459927792,2.8047,46.1,1500016128,0x0
1786842770.503208053,1.4355,46.6,1500019456,0x0
1786842771.546397553,1.4569,46.1,1500016128,0x0
1786842772.589600869,1.4412,46.6,1500022656,0x0
1786842773.632729630,1.4411,47.2,1500012800,0x0
1786842774.675881352,1.4652,46.1,1500016128,0x0
1786842775.719107628,1.4468,46.6,1500012800,0x0
1786842776.762226331,1.4518,46.1,1500022656,0x0
1786842777.805330442,1.4384,46.6,1500016128,0x0
1786842778.848475124,1.4595,47.2,1500016128,0x0
1786842779.891585307,1.4660,46.6,1500019456,0x0
1786842780.934766341,1.4428,47.2,1500022656,0x0
1786842781.977891707,1.4421,46.6,1500016128,0x0
1786842783.021036518,1.4432,45.5,1500012800,0x0
1786842784.064161736,1.4394,46.6,1500012800,0x0
1786842785.107259082,1.5031,46.1,1500012800,0x0
1786842786.150454909,1.4768,46.1,1500016128,0x0
1786842787.193585977,1.4685,46.1,1500016128,0x0
1786842788.236754580,1.4795,46.1,1500022656,0x0
1786842789.279890296,1.4546,45.5,1500012800,0x0
1786842790.322969176,1.4713,45.5,1500022656,0x0
1786842791.366062964,1.4332,45.5,1500012800,0x0
1786842792.409202714,1.4341,46.1,1500022656,0x0
1786842793.452442870,1.4650,47.7,1500022656,0x0
1786842794.495657990,1.4681,45.5,1500016128,0x0
1786842795.539064551,1.4949,46.1,1500019456,0x0
1786842796.584243133,1.4643,47.2,1500019456,0x0
1786842797.627413769,1.7053,45.5,1500012800,0x0
1786842798.672777977,1.6982,46.6,1500012800,0x0
1786842799.718042835,1.4394,45.5,1500012800,0x0
1786842800.763134786,1.5655,46.1,1500019456,0x0
1786842801.808279477,1.4524,47.7,1500019456,0x0
1786842802.853342112,1.4689,46.6,1500012800,0x0
1786842803.896457912,1.4488,46.1,1500012800,0x0
1786842804.941590861,1.4651,46.1,1500016128,0x0
1786842806.086891928,1.4576,46.6,1500012800,0x0
1786842807.130073985,1.6995,45.5,1500016128,0x0
1786842808.173172450,1.7043,46.1,1500019456,0x0
1786842809.216288581,1.6167,46.6,1500016128,0x0
1786842810.259412433,1.4578,45.0,1500016128,0x0
1786842811.304635433,1.4356,45.5,1500019456,0x0
1786842812.347819542,1.4500,46.1,1500016128,0x0
1786842813.392966784,1.4697,46.6,1500019456,0x0
1786842814.438064875,1.4465,46.1,1500022656,0x0
1786842815.481197522,1.4460,45.5,1500022656,0x0
1786842816.526228095,1.5012,45.5,1500016128,0x0
1786842817.577812461,1.4511,46.1,1500019456,0x0
1786842818.623030736,1.4335,46.1,1500019456,0x0
1786842819.668212288,1.4464,46.1,1500016128,0x0
1786842820.713355358,1.4703,45.5,1500016128,0x0
1786842821.758506891,1.4938,46.1,1500012800,0x0
1786842822.803664497,1.4372,46.6,1500012800,0x0
1786842823.846786787,1.4769,46.1,1500016128,0x0
1786842824.892054094,1.4654,45.5,1500022656,0x0
1786842825.937108385,1.4564,46.1,1500022656,0x0
1786842826.982180101,1.4624,47.2,1500019456,0x0
1786842828.027285464,1.4458,45.5,1500019456,0x0
1786842829.072363235,1.5092,46.6,1500019456,0x0
1786842830.117552152,1.4346,46.1,1500012800,0x0
1786842831.162809845,1.4588,45.5,1500016128,0x0
1786842832.206022408,1.4468,45.5,1500019456,0x0
1786842833.251171675,1.4524,46.6,1500016128,0x0
1786842834.296310999,1.4409,46.6,1500016128,0x0
1786842835.341410914,1.4585,46.1,1500019456,0x0
1786842836.386622662,2.5752,46.1,1500019456,0x0
1786842837.431951575,1.6752,46.1,1500016128,0x0
1786842838.475053154,1.6722,46.1,1500012800,0x0
1786842839.520494601,1.7039,46.1,1500022656,0x0
1786842840.563787733,1.6962,46.1,1500016128,0x0
1786842841.608989497,1.5054,45.5,1500016128,0x0
1786842842.654171816,1.4472,46.6,1500019456,0x0
1786842843.699311560,1.4523,45.5,1500022656,0x0
1786842844.744391898,1.4552,45.5,1500019456,0x0
1786842845.789569788,1.4492,46.1,1500019456,0x0
1786842846.834666921,1.4656,45.5,1500012800,0x0
1786842847.877871125,1.4568,45.5,1500016128,0x0
1786842848.923032089,1.6599,46.1,1500016128,0x0
1786842849.966108664,1.4548,46.6,1500019456,0x0
1786842851.011202350,1.7095,45.5,1500016128,0x0
1786842852.056400312,1.7174,46.1,1500016128,0x0
1786842853.101479274,1.4429,46.1,1500019456,0x0
1786842854.146659995,1.4905,46.6,1500016128,0x0
1786842855.191792345,1.4708,46.1,1500016128,0x0
1786842856.234881657,1.4468,45.0,1500012800,0x0
1786842857.280026563,1.6155,46.1,1500016128,0x0
1786842858.325047597,1.4350,45.5,1500022656,0x0
1786842859.370191390,1.4563,46.1,1500016128,0x0
1786842860.415314812,1.4209,45.5,1500019456,0x0
1786842861.460445956,1.4442,46.1,1500022656,0x0
1786842862.503540395,1.4506,45.0,1500012800,0x0
1786842863.548708815,1.4453,46.1,1500019456,0x0
1786842864.591924049,1.4317,47.2,1500019456,0x0
1786842865.637182134,1.4604,46.1,1500016128,0x0
1786842866.682385757,1.4692,46.1,1500022656,0x0
1786842867.727454453,1.4427,46.1,1500019456,0x0
1786842868.772664722,1.4544,45.5,1500012800,0x0
1786842869.817661549,1.4511,46.6,1500016128,0x0
1786842870.860793798,1.4600,46.1,1500019456,0x0
1786842871.905995585,1.7014,46.1,1500019456,0x0
1786842872.949074001,1.7295,46.1,1500022656,0x0
1786842873.994219306,1.2173,46.1,1500022656,0x0
1786842875.039533201,1.4645,45.5,1500012800,0x0
1786842876.082598579,1.4644,46.6,1500019456,0x0
1786842877.127898880,1.4415,46.1,1500019456,0x0
1786842878.173249033,1.4465,45.5,1500019456,0x0
1786842879.218536390,1.4589,46.1,1500016128,0x0
1786842880.263710582,1.4955,46.1,1500016128,0x0
1786842881.308820568,1.4502,45.0,1500016128,0x0
1786842882.351973775,1.4570,46.1,1500016128,0x0
1786842883.397161150,1.4438,46.6,1500019456,0x0
1786842884.440377096,1.4399,46.1,1500012800,0x0
1786842885.485502600,1.4377,46.1,1500019456,0x0
1786842886.530598399,1.4403,46.6,1500016128,0x0
1786842887.575690810,1.4439,46.1,1500016128,0x0
1786842888.620820127,1.4588,46.1,1500019456,0x0
1786842889.666058721,1.5435,46.6,1500019456,0x0
1786842890.709298591,1.4520,45.5,1500022656,0x0
1786842891.754477998,1.6247,46.1,1500022656,0x0
1786842892.799767108,1.6986,45.5,1500016128,0x0
1786842893.844905016,1.6917,45.5,1500016128,0x0
1786842894.890039793,1.4709,46.6,1500022656,0x0
1786842895.935361883,1.4412,46.1,1500016128,0x0
1786842896.980613640,1.4730,47.2,1500019456,0x0
1786842898.025697286,1.4648,46.1,1500016128,0x0
1786842899.068747655,1.4958,44.4,1500016128,0x0
1786842900.113823115,1.4434,46.1,1500022656,0x0
1786842901.159047482,1.4433,46.1,1500019456,0x0
1786842902.204320921,1.4512,46.6,1500022656,0x0
1786842903.249552453,1.4361,46.1,1500022656,0x0
1786842904.293120037,1.8804,46.1,1500016128,0x0
1786842905.338280643,1.1919,47.2,1500022656,0x0
1786842906.383440175,1.4790,46.6,1500022656,0x0
1786842907.428611094,1.4297,45.5,1500019456,0x0
1786842908.473782255,1.4578,45.0,1500022656,0x0
1786842909.518935877,1.6992,45.5,1500016128,0x0
1786842910.562063314,1.4347,46.1,1500019456,0x0
1786842911.607175603,1.4536,46.1,1500016128,0x0
1786842912.652419020,1.6487,45.5,1500019456,0x0
1786842913.697564160,1.6997,46.6,1500022656,0x0
1786842914.742672818,1.7038,46.1,1500019456,0x0
1786842915.787781419,1.4666,46.1,1500016128,0x0
1786842916.830931131,1.4582,46.1,1500016128,0x0
1786842917.876103695,1.4633,46.6,1500016128,0x0
1786842918.923270500,3.2778,47.2,2400030464,0x0
1786842919.977126338,7.7868,53.2,2400027136,0x0
1786842921.044951867,6.5114,54.9,2400027136,0x0
1786842922.124332627,7.5458,56.5,2400023808,0x0
1786842923.225423102,7.5494,57.1,2400033792,0x0
1786842924.304813675,5.8568,57.1,2400027136,0x0
1786842925.381333552,7.7334,57.6,2400033792,0x0
1786842926.452840416,6.9699,58.2,2400033792,0x0
1786842927.534689411,5.0284,57.6,2400023808,0x0
1786842928.693250913,4.4757,56.5,2400023808,0x0
1786842929.746629622,5.4875,56.0,2400030464,0x0
1786842930.799125838,5.3103,54.3,2400027136,0x0
1786842931.849395462,5.3311,56.0,2400020480,0x0
1786842932.898489966,5.6285,57.1,2400027136,0x0
1786842933.948866200,4.8524,54.9,2400023808,0x0
1786842934.999950649,2.1408,53.8,2400030464,0x0
1786842936.040927243,2.1126,53.2,2400020480,0x0
1786842937.081815244,1.8640,51.0,2400033792,0x0
1786842938.123844494,3.1921,52.7,2400030464,0x0
1786842939.185113389,6.6765,56.5,2400033792,0x0
1786842940.253018872,6.4214,57.6,2400030464,0x0
1786842941.328866803,6.4267,58.2,2400027136,0x0
1786842942.403251692,4.7253,60.4,2400023808,0x0
1786842943.476275092,5.7885,58.7,2400020480,0x0
1786842944.545000270,5.8126,58.2,2400027136,0x0
1786842945.599221335,4.8799,58.2,2400033792,0x0
1786842946.651741063,5.1487,58.7,2400023808,0x0
1786842947.703874146,5.8540,58.2,2400027136,0x0
1786842948.757634863,3.1876,57.6,2400027136,0x0
1786842949.811192914,4.9435,57.1,2400020480,0x0
1786842950.865397737,4.6632,58.2,2400030464,0x0
1786842951.917846019,3.1901,58.2,2400030464,0x0
1786842952.969277921,2.1583,54.9,2400027136,0x0
1786842954.010322451,2.1751,53.8,2400020480,0x0
1786842955.051249854,1.8749,52.7,2400030464,0x0
1786842956.093690111,3.7005,51.0,2400030464,0x0
1786842957.151160736,7.8989,58.2,2400023808,0x0
1786842958.232862998,7.4509,59.8,2400030464,0x0
1786842959.306194296,5.2243,57.1,2400027136,0x0
1786842960.381784778,5.4952,59.3,2400030464,0x0
1786842961.452971058,5.2566,58.7,2400033792,0x0
1786842962.507529243,5.7366,56.5,2400033792,0x0
1786842963.561293213,4.9633,57.6,2400033792,0x0
1786842964.614821926,5.2627,57.6,2400020480,0x0
1786842965.667940660,5.1673,57.6,2400030464,0x0
1786842966.722021885,5.6861,58.7,2400027136,0x0
1786842967.776162388,5.7861,58.2,2400023808,0x0
1786842968.827751282,5.8318,58.2,2400033792,0x0
1786842969.881839062,5.5509,57.1,2400030464,0x0
1786842970.933944581,4.7545,58.2,2400027136,0x0
1786842971.985077719,2.1502,54.9,2400027136,0x0
1786842973.026073077,2.1228,53.8,2400033792,0x0
1786842974.067215340,1.6050,53.2,1900022784,0x0
1786842975.117296523,6.3530,57.1,2400037120,0x0
1786842976.205226279,7.3614,61.5,2400020480,0x0
1786842977.279600117,5.2481,58.2,2400023808,0x0
1786842978.332306554,5.4821,58.2,2400023808,0x0
1786842979.387233045,5.8304,58.2,2400033792,0x0
1786842980.440439921,5.8744,57.6,2400020480,0x0
1786842981.494444104,4.6146,57.6,2400023808,0x0
1786842982.546266381,5.1646,58.7,2400027136,0x0
1786842983.598130972,5.2074,58.2,2400023808,0x0
1786842984.651596992,5.1111,57.1,2400023808,0x0
1786842985.703986318,2.1449,54.9,2400027136,0x0
1786842986.744946003,2.1282,54.3,2400030464,0x0
1786842987.785667340,1.8473,54.3,2400020480,0x0
1786842988.833242615,7.3840,58.2,2400023808,0x0
1786842989.910117501,7.4228,59.8,2400027136,0x0
1786842990.989354124,7.6340,60.4,2400027136,0x0
1786842992.057588233,5.8362,59.8,2400023808,0x0
1786842993.110299554,5.4439,59.3,2400027136,0x0
1786842994.161312130,5.2145,58.7,2400030464,0x0
1786842995.213791192,2.1366,57.1,2400023808,0x0
1786842996.255275055,2.1993,54.3,2400020480,0x0
1786842997.296400866,1.8800,53.2,2400030464,0x0
1786842998.338054042,3.2013,53.8,2400027136,0x0
1786842999.397119304,7.7198,59.8,2400023808,0x0
1786843000.451875160,5.5494,58.2,2400037120,0x0
1786843001.506729403,6.0852,58.2,2400030464,0x0
1786843002.558520895,4.5081,57.6,2400033792,0x0
1786843003.619739303,5.2335,58.2,2400023808,0x0
1786843004.672942911,5.1374,58.7,2400030464,0x0
1786843005.725235046,2.1337,55.4,2400027136,0x0
1786843006.766180373,2.2971,53.8,2400020480,0x0
1786843007.807143108,1.8743,53.8,2400023808,0x0
1786843008.848278229,2.2841,53.8,2400033792,0x0
1786843009.891659979,1.7512,51.6,1600017024,0x0
1786843010.935262485,1.4857,51.0,1500022656,0x0
1786843011.978648178,2.7671,53.2,2400027136,0x0
1786843013.022586995,2.1013,51.6,2400037120,0x0
1786843014.063866484,2.1274,51.0,2400023808,0x0
1786843015.105301564,2.8550,52.1,2400020480,0x0
1786843016.157255735,7.3476,57.1,2400033792,0x0
1786843017.237422081,7.4034,57.6,2400023808,0x0
1786843018.317629186,5.4683,57.6,2400030464,0x0
1786843019.371411563,5.4405,57.6,2400023808,0x0
1786843020.425848858,5.8774,57.1,2400027136,0x0
1786843021.479756936,3.2132,56.5,2400030464,0x0
1786843022.532108417,2.1281,54.3,2400023808,0x0
1786843023.573123794,2.1320,53.8,2400027136,0x0
1786843024.614034579,1.8728,53.2,2400030464,0x0
1786843025.655159065,2.1533,52.7,2400033792,0x0
1786843026.696347013,1.7618,52.7,1600013696,0x0
1786843027.740323974,1.4972,53.2,1500012800,0x0
1786843028.784159528,3.9791,52.7,2400037120,0x0
1786843029.841210853,6.1326,57.6,2400033792,0x0
1786843030.922488463,6.4599,59.8,2400020480,0x0
1786843032.020681737,5.9328,60.4,2400027136,0x0
1786843033.097126759,6.8429,61.5,2400023808,0x0
1786843034.237100884,7.5320,60.4,2400030464,0x0
1786843035.312965189,7.6385,63.7,2400023808,0x0
1786843036.387585930,5.6111,59.3,2400030464,0x0
1786843037.440352735,5.2506,59.3,2400030464,0x0
1786843038.492679562,5.7375,58.7,2400023808,0x0
1786843039.544083341,5.3026,59.3,2400020480,0x0
1786843040.596254558,5.6216,60.4,2400027136,0x0
1786843041.647278211,5.8911,59.3,2400020480,0x0
1786843042.702112181,5.3130,59.3,2400030464,0x0
1786843043.757680885,4.9130,59.3,2400033792,0x0
1786843044.809302791,2.1507,55.4,2400033792,0x0
1786843045.850351049,2.1547,53.8,2400030464,0x0
1786843046.891424566,1.8691,53.8,2400023808,0x0
1786843047.933036004,2.7745,53.2,2400027136,0x0
1786843048.984878147,6.6862,59.3,2400020480,0x0
1786843050.077208245,7.5255,60.4,2400023808,0x0
1786843051.169019995,7.6552,60.9,2400020480,0x0
1786843052.244969645,7.6603,60.4,2400023808,0x0
1786843053.324870149,6.8091,62.6,2400030464,0x0
1786843054.401101814,4.7329,63.1,2400023808,0x0
1786843055.479393609,5.6640,59.8,2400023808,0x0
1786843056.533160029,5.9025,59.3,2400033792,0x0
1786843057.584545470,5.0899,59.3,2400023808,0x0
1786843058.636652015,5.9142,58.7,2400033792,0x0
1786843059.689450017,5.5963,58.7,2400030464,0x0
1786843060.740453571,5.7079,58.7,2400020480,0x0
1786843061.791872806,5.4632,59.8,2400033792,0x0
1786843062.844310495,6.0110,58.2,2400033792,0x0
1786843063.895733526,5.1074,59.8,2400027136,0x0
1786843064.945133779,2.1749,55.4,2400030464,0x0
1786843065.985983218,2.1532,54.3,2400020480,0x0
1786843067.026853934,1.8602,53.8,2400023808,0x0
1786843068.076716496,5.7607,55.4,2400033792,0x0
1786843069.149365855,7.4413,60.4,2400020480,0x0
1786843070.229115799,7.7041,60.9,2400033792,0x0
1786843071.309323702,7.7940,62.0,2400020480,0x0
1786843072.385202217,7.5548,60.9,2400030464,0x0
1786843073.464928604,7.0260,63.1,2400027136,0x0
1786843074.541108394,7.6846,63.1,2400023808,0x0
1786843075.626501823,7.5858,63.7,2400027136,0x0
1786843076.702838851,5.8406,60.4,2400023808,0x0
1786843077.757336702,4.9934,59.8,2400027136,0x0
1786843078.808535786,4.7188,59.3,2400027136,0x0
1786843079.860862416,5.9135,60.9,2400027136,0x0
1786843080.911825408,4.7197,60.4,2400020480,0x0
1786843081.964524700,5.8446,59.3,2400023808,0x0
1786843083.015444064,5.5735,59.3,2400023808,0x0
1786843084.066493499,6.1604,58.7,2400023808,0x0
1786843085.119842970,5.1719,59.8,2400030464,0x0
1786843086.169725804,5.7922,58.7,2400027136,0x0
1786843087.220340761,4.0566,59.3,2400033792,0x0
1786843088.272356724,4.7772,58.7,2400027136,0x0
1786843089.323047050,3.8681,58.7,2400023808,0x0
1786843090.373236567,2.1734,56.0,2400023808,0x0
1786843091.414243330,2.1588,54.3,2400030464,0x0
1786843092.455200945,1.8677,56.0,2400033792,0x0
1786843093.496324929,2.1588,54.3,2400023808,0x0
1786843094.537999778,1.7467,52.1,1500016128,0x0
1786843095.581505482,1.8409,51.6,1500016128,0x0
1786843096.633418924,5.7515,56.5,2400020480,0x0
1786843097.703878165,4.9427,58.7,2400023808,0x0
1786843098.757985199,4.9057,58.7,2400027136,0x0
1786843099.811816198,5.3949,58.2,2400033792,0x0
1786843100.866651447,5.9625,58.7,2400027136,0x0
1786843101.922130801,5.7710,58.7,2400030464,0x0
1786843102.975789338,5.4350,58.7,2400020480,0x0
1786843104.030881176,5.1917,58.7,2400023808,0x0
1786843105.085040448,5.5129,59.3,2400023808,0x0
1786843106.138820205,5.2281,59.3,2400023808,0x0
1786843107.193724711,5.5852,59.3,2400027136,0x0
1786843108.245758465,2.1516,55.4,2400020480,0x0
1786843109.286828797,2.1614,53.8,2400027136,0x0
1786843110.327833852,1.8791,53.8,2400020480,0x0
1786843111.369108125,2.1473,53.2,2400023808,0x0
1786843112.423366117,2.1440,54.3,2400020480,0x0
1786843113.464455689,1.8531,52.1,2400033792,0x0
1786843114.507213968,2.6953,53.8,2400027136,0x0
1786843115.562030416,7.4626,58.2,2400027136,0x0
1786843116.642240472,3.2809,57.6,2400037120,0x0
1786843117.696866347,5.1503,58.7,2400030464,0x0
1786843118.750844895,3.1021,58.2,2400027136,0x0
1786843119.802937756,2.1528,55.4,2400027136,0x0
1786843120.843964160,2.1379,53.8,2400027136,0x0
1786843121.885075265,1.8687,52.7,2400027136,0x0
1786843122.927175492,2.9539,53.8,2400027136,0x0
1786843123.973353849,2.1011,52.1,2400030464,0x0
1786843125.014379622,2.1557,53.2,2400030464,0x0
1786843126.055307302,2.1508,52.1,2400033792,0x0
1786843127.108828704,7.3993,58.2,2400020480,0x0
1786843128.188858110,5.7803,58.7,2400027136,0x0
1786843129.269555084,7.7683,60.4,2400030464,0x0
1786843130.348826533,6.6524,62.6,2400020480,0x0
1786843131.421176451,4.3465,61.5,2400020480,0x0
1786843132.494301621,6.5422,61.5,2400023808,0x0
1786843133.555488749,4.5055,61.5,2400027136,0x0
1786843134.606833020,5.3117,60.4,2400027136,0x0
1786843135.659092300,5.8560,59.8,2400023808,0x0
1786843136.711981205,5.5906,59.8,2400033792,0x0
1786843137.766016470,5.0144,59.8,2400030464,0x0
1786843138.817788513,4.8733,59.8,2400033792,0x0
1786843139.870735416,6.0141,59.8,2400030464,0x0
1786843140.923351637,5.4524,59.3,2400020480,0x0
1786843141.977522918,5.7486,59.3,2400027136,0x0
1786843143.025833973,2.1489,56.0,2400020480,0x0
1786843144.069369255,2.1473,54.9,2400030464,0x0
1786843145.112395856,1.9219,53.8,2400027136,0x0
1786843146.165744403,6.9877,56.0,2400023808,0x0
1786843147.237283287,7.3320,60.4,2400023808,0x0
1786843148.321382243,7.3446,60.9,2400020480,0x0
1786843149.405092074,7.4054,62.0,2400033792,0x0
1786843150.485047253,7.4723,62.0,2400027136,0x0
1786843151.561013114,6.8194,63.1,2400033792,0x0
1786843152.633084066,7.4727,63.7,2400033792,0x0
1786843153.704818132,6.7153,63.1,2400023808,0x0
1786843154.787482767,4.8778,63.7,2400030464,0x0
1786843155.941370804,4.3911,59.8,2400023808,0x0
1786843156.993488784,5.3402,60.4,2400033792,0x0
1786843158.048100260,5.7484,61.5,2400027136,0x0
1786843159.100482164,4.8042,59.3,2400030464,0x0
1786843160.152072722,5.7361,58.7,2400023808,0x0
1786843161.201588743,5.3735,58.7,2400033792,0x0
1786843162.255452799,5.1348,59.8,2400027136,0x0
1786843163.308789174,5.6214,58.7,2400020480,0x0
1786843164.359031466,4.6971,58.7,2400023808,0x0
1786843165.411456959,5.5020,58.7,2400027136,0x0
1786843166.461447271,2.1600,56.5,2400033792,0x0
1786843167.502536940,2.1433,55.4,2400020480,0x0
1786843168.543489165,1.9044,54.3,2400027136,0x0
1786843169.589288439,6.3153,57.6,2400020480,0x0
1786843170.669947254,5.4768,57.6,2400033792,0x0
1786843171.724467580,4.4115,57.6,2400030464,0x0
1786843172.779846879,5.6560,58.2,2400027136,0x0
1786843173.834077743,4.8115,58.7,2400033792,0x0
1786843174.887395727,5.9352,59.3,2400027136,0x0
1786843175.941224224,5.6908,58.7,2400033792,0x0
1786843176.994660558,5.2895,59.3,2400023808,0x0
1786843178.048351371,5.6472,58.2,2400020480,0x0
1786843179.101296172,5.0587,58.7,2400027136,0x0
1786843180.154680857,5.6510,60.9,2400033792,0x0
1786843181.206781572,5.4592,59.8,2400027136,0x0
1786843182.259963611,6.1558,58.2,2400027136,0x0
1786843183.311546719,3.3327,59.8,2400020480,0x0
1786843184.364375668,5.6424,59.8,2400027136,0x0
1786843185.417814037,4.8893,59.8,2400023808,0x0
1786843186.472894243,5.1936,59.8,2400023808,0x0
1786843187.526557757,5.6537,59.3,2400023808,0x0
1786843188.581737832,5.7249,59.3,2400027136,0x0
1786843189.636123617,5.0473,59.8,2400030464,0x0
1786843190.690405255,5.3767,58.7,2400023808,0x0
1786843191.743589143,5.3468,60.9,2400030464,0x0
1786843192.797566043,5.6642,59.8,2400023808,0x0
1786843193.851626756,5.0144,59.3,2400020480,0x0
1786843194.905983318,4.9446,59.8,2400023808,0x0
1786843195.959016466,4.8418,59.8,2400020480,0x0
1786843197.113092620,5.6583,59.3,2400027136,0x0
1786843198.167680661,5.5329,59.8,2400023808,0x0
1786843199.220707641,5.7456,59.8,2400037120,0x0
1786843200.274941833,5.8127,60.4,2400027136,0x0
1786843201.329763741,5.6611,59.8,2400033792,0x0
1786843202.384301614,5.9007,59.8,2400020480,0x0
1786843203.438340326,5.7483,59.8,2400020480,0x0
1786843204.491472082,4.9865,59.8,2400020480,0x0
1786843205.544813447,5.2201,59.3,2400027136,0x0
1786843206.599201524,5.6985,58.7,2400020480,0x0
1786843207.652424408,5.4088,59.3,2400020480,0x0
1786843208.705605552,5.6658,59.8,2400030464,0x0
1786843209.758918305,5.1084,59.8,2400027136,0x0
1786843210.812250409,5.7531,59.8,2400030464,0x0
1786843211.866526246,5.0790,59.8,2400037120,0x0
1786843212.920368420,5.8039,59.3,2400020480,0x0
1786843213.973652172,5.3123,59.3,2400020480,0x0
1786843215.027385513,5.2259,60.9,2400033792,0x0
1786843216.081074132,5.2280,59.8,2400023808,0x0
1786843217.134143423,5.4180,59.8,2400033792,0x0
1786843218.187983854,5.4988,59.8,2400030464,0x0
1786843219.241536862,5.8685,59.8,2400023808,0x0
1786843220.297013723,4.9460,59.3,2400023808,0x0
1786843221.350367307,5.7224,59.8,2400020480,0x0
1786843222.404715604,5.7399,59.8,2400033792,0x0
1786843223.458946290,4.9915,59.8,2400023808,0x0
1786843224.512554537,5.9383,59.3,2400033792,0x0
1786843225.566729779,5.6145,59.8,2400033792,0x0
1786843226.621146704,5.0757,58.7,2400030464,0x0
1786843227.674658007,5.4942,59.8,2400027136,0x0
1786843228.728321234,5.6844,59.8,2400023808,0x0
1786843229.782159756,5.3645,59.8,2400027136,0x0
1786843230.837033231,3.1959,59.8,2400030464,0x0
1786843231.891276841,5.7064,60.4,2400030464,0x0
1786843232.945703116,5.7292,59.8,2400027136,0x0
1786843233.999034716,5.4385,59.3,2400030464,0x0
1786843235.052987883,5.2328,59.3,2400020480,0x0
1786843236.106619628,5.9481,59.3,2400023808,0x0
1786843237.160438963,4.9795,60.9,2400030464,0x0
1786843238.214096058,5.8699,58.7,2400030464,0x0
1786843239.267225325,5.4964,61.5,2400027136,0x0
1786843240.321228862,5.5103,59.8,2400023808,0x0
1786843241.373617857,4.8605,58.7,2400033792,0x0
1786843242.427118138,5.7420,59.8,2400020480,0x0
1786843243.481291691,5.8908,59.8,2400020480,0x0
1786843244.536213866,5.8116,59.8,2400033792,0x0
1786843245.590617935,5.4795,60.4,2400020480,0x0
1786843246.644615211,5.1746,59.3,2400027136,0x0
1786843247.699063983,5.1245,59.3,2400030464,0x0
1786843248.752222303,5.7143,59.3,2400020480,0x0
1786843249.806828276,4.6128,58.2,2400030464,0x0
1786843250.860719496,5.3895,59.3,2400030464,0x0
1786843251.914279312,5.8855,60.4,2400020480,0x0
1786843252.967526556,5.2765,59.3,2400027136,0x0
1786843254.020623746,5.5391,59.3,2400027136,0x0
1786843255.075084813,5.2163,60.4,2400023808,0x0
1786843256.128325649,5.0625,59.8,2400037120,0x0
1786843257.182015240,5.0574,59.3,2400027136,0x0
1786843258.235429593,5.3670,59.3,2400030464,0x0
1786843259.288387172,5.3651,59.8,2400030464,0x0
1786843260.342163187,5.0657,60.9,2400027136,0x0
1786843261.395583039,5.3059,58.7,2400023808,0x0
1786843262.449057854,6.0554,58.7,2400023808,0x0
1786843263.503986247,5.2632,59.3,2400027136,0x0
1786843264.558447978,4.4929,59.8,2400023808,0x0
1786843265.611780534,5.8627,59.8,2400023808,0x0
1786843266.665058830,5.6840,59.8,2400027136,0x0
1786843267.718054592,5.7002,58.7,2400023808,0x0
1786843268.771031688,5.5514,59.3,2400030464,0x0
1786843269.824355631,5.3247,60.4,2400030464,0x0
1786843270.878970915,5.3696,58.7,2400027136,0x0
1786843271.933892011,5.5083,59.8,2400020480,0x0
1786843272.988759496,6.0351,60.9,2400030464,0x0
1786843274.042325881,3.9248,59.3,2400033792,0x0
1786843275.097125885,5.9737,59.3,2400023808,0x0
1786843276.151612002,4.5383,59.8,2400027136,0x0
1786843277.204921574,4.5792,60.9,2400023808,0x0
1786843278.257956407,5.1781,59.3,2400033792,0x0
1786843279.311625216,5.1764,59.3,2400023808,0x0
1786843280.365595578,5.2666,60.9,2400020480,0x0
1786843281.418936223,5.7672,60.4,2400023808,0x0
1786843282.473187063,5.0202,60.4,2400020480,0x0
1786843283.526791224,5.1907,59.8,2400027136,0x0
1786843284.580494439,4.5344,59.3,2400037120,0x0
1786843285.634237432,5.8033,60.4,2400020480,0x0
1786843286.689172913,5.7159,60.4,2400023808,0x0
1786843287.743696787,5.8226,60.4,2400027136,0x0
1786843288.797565630,4.4826,59.3,2400033792,0x0
1786843289.852001282,4.9943,59.3,2400023808,0x0
1786843290.905084186,5.1269,59.8,2400030464,0x0
1786843291.959977334,5.9428,59.3,2400027136,0x0
1786843293.014255357,5.1580,59.3,2400027136,0x0
1786843294.067764035,5.3349,59.8,2400033792,0x0
1786843295.121434545,5.6501,59.8,2400020480,0x0
1786843296.174371949,5.0062,58.2,2400030464,0x0
1786843297.228010774,5.3442,58.7,2400027136,0x0
1786843298.280873605,6.0166,59.3,2400030464,0x0
1786843299.334629446,5.7917,58.2,2400020480,0x0
1786843300.388681044,5.2053,59.8,2400030464,0x0
1786843301.441973167,5.0275,59.3,2400030464,0x0
1786843302.495541750,4.9870,59.8,2400020480,0x0
1786843303.549399942,5.0586,60.4,2400033792,0x0
1786843304.603399132,5.6626,58.7,2400027136,0x0
1786843305.657690541,5.6968,59.3,2400027136,0x0
1786843306.711502122,5.1960,59.3,2400033792,0x0
1786843307.764774633,5.4579,58.7,2400030464,0x0
1786843308.819406816,5.4728,62.0,2400023808,0x0
1786843309.873442690,4.9870,59.8,2400030464,0x0
1786843310.928051244,4.8946,60.4,2400033792,0x0
1786843311.980399633,5.3534,60.9,2400023808,0x0
1786843313.033528829,4.9786,60.4,2400023808,0x0
1786843314.086793042,5.9208,62.0,2400030464,0x0
1786843315.142052312,4.2724,59.8,2400020480,0x0
1786843316.196499718,5.8001,61.5,2400020480,0x0
1786843317.250761792,5.8187,59.8,2400030464,0x0
1786843318.305826618,4.8796,59.8,2400033792,0x0
1786843319.359728269,5.4367,60.4,2400030464,0x0
1786843320.412891464,4.5301,60.4,2400027136,0x0
1786843321.465877864,5.8715,59.8,2400020480,0x0
1786843322.519426591,5.1520,60.9,2400033792,0x0
1786843323.572589563,5.7038,59.8,2400027136,0x0
1786843324.625337279,6.0099,60.9,2400027136,0x0
1786843325.678135458,6.0679,60.9,2400027136,0x0
1786843326.731331762,5.7545,60.9,2400023808,0x0
1786843327.784536936,4.9268,60.9,2400033792,0x0
1786843328.839253986,5.9938,60.4,2400023808,0x0
1786843329.894275736,5.9078,60.4,2400030464,0x0
1786843330.948702695,5.1423,60.9,2400027136,0x0
1786843332.003285523,5.4206,59.8,2400023808,0x0
1786843333.056764324,5.6359,60.4,2400033792,0x0
1786843334.110995136,5.3066,61.5,2400020480,0x0
1786843335.165715388,5.8355,60.4,2400033792,0x0
1786843336.219797664,5.1416,59.8,2400020480,0x0
1786843337.273835699,5.5947,60.9,2400023808,0x0
1786843338.327678329,5.2096,60.4,2400023808,0x0
1786843339.382217638,5.2337,60.9,2400030464,0x0
1786843340.436065897,4.9430,59.8,2400030464,0x0
1786843341.489153107,5.6831,62.0,2400030464,0x0
1786843342.542417500,5.3715,61.5,2400037120,0x0
1786843343.596997567,5.5109,59.8,2400027136,0x0
1786843344.650990490,5.2883,60.4,2400027136,0x0
1786843345.704588324,5.7901,60.4,2400027136,0x0
1786843346.758472989,5.1897,59.8,2400027136,0x0
1786843347.812954056,5.5911,58.7,2400023808,0x0
1786843348.867638973,4.8823,60.4,2400023808,0x0
1786843349.925011643,5.0677,59.3,2400023808,0x0
1786843350.978351923,5.5072,59.8,2400037120,0x0
1786843352.032346493,5.2106,59.3,2400033792,0x0
1786843353.085778161,5.6525,59.3,2400027136,0x0
1786843354.139252958,5.0408,60.9,2400023808,0x0
1786843355.191965484,5.7669,60.4,2400033792,0x0
1786843356.245240930,4.6208,59.8,2400027136,0x0
1786843357.298736060,5.1307,59.8,2400030464,0x0
1786843358.353377456,5.2453,60.9,2400023808,0x0
1786843359.407966446,5.7668,59.3,2400027136,0x0
1786843360.462345104,5.7221,58.7,2400033792,0x0
1786843361.516266044,5.2827,60.4,2400023808,0x0
1786843362.569708136,5.6506,59.3,2400020480,0x0
1786843363.623247671,5.1728,60.4,2400027136,0x0
1786843364.676753336,5.7253,61.5,2400027136,0x0
1786843365.730611239,4.8682,59.8,2400027136,0x0
1786843366.783233338,5.6203,60.4,2400033792,0x0
1786843367.837267683,5.5901,59.3,2400033792,0x0
1786843368.889839448,5.6123,58.7,2400020480,0x0
1786843369.943085911,4.9983,59.8,2400023808,0x0
1786843370.996070728,5.2125,59.8,2400037120,0x0
1786843372.050414755,5.8203,59.8,2400023808,0x0
1786843373.105427035,5.2908,59.3,2400023808,0x0
1786843374.159584081,5.0394,60.4,2400023808,0x0
1786843375.213245836,5.2507,59.8,2400023808,0x0
1786843376.267312031,5.2948,59.3,2400030464,0x0
1786843377.321373967,5.7098,59.8,2400020480,0x0
1786843378.375333329,4.8209,59.8,2400033792,0x0
1786843379.429586189,5.1233,59.3,2400023808,0x0
1786843380.483136907,5.7894,59.8,2400033792,0x0
1786843381.536842586,5.2700,58.7,2400020480,0x0
1786843382.590138805,5.9120,59.3,2400020480,0x0
1786843383.643334359,5.3515,59.8,2400033792,0x0
1786843384.696974112,5.6322,58.2,2400023808,0x0
1786843385.749604356,5.4065,58.7,2400030464,0x0
1786843386.804723225,5.0207,59.8,2400033792,0x0
1786843387.859434950,5.1217,59.8,2400030464,0x0
1786843388.912983925,5.3908,59.8,2400027136,0x0
1786843389.967819111,5.6728,59.3,2400023808,0x0
1786843391.021934693,5.7388,60.4,2400033792,0x0
1786843392.077188134,5.1966,60.4,2400027136,0x0
1786843393.130228539,5.1265,60.4,2400030464,0x0
1786843394.183958272,5.8767,60.9,2400030464,0x0
1786843395.238093222,4.5843,59.8,2400023808,0x0
1786843396.291529327,5.8479,58.7,2400020480,0x0
1786843397.346470845,5.1656,59.8,2400033792,0x0
1786843398.399151901,5.1709,59.8,2400027136,0x0
1786843399.451974288,5.8905,60.4,2400033792,0x0
1786843400.506077053,5.8716,59.8,2400030464,0x0
1786843401.560853905,5.7112,60.4,2400023808,0x0
1786843402.615593257,6.0308,59.8,2400020480,0x0
1786843403.670291127,5.3240,59.8,2400027136,0x0
1786843404.724517131,5.2546,58.7,2400033792,0x0
1786843405.778586988,5.4278,59.3,2400030464,0x0
1786843406.831797112,5.1012,60.4,2400033792,0x0
1786843407.886362538,5.4066,59.8,2400023808,0x0
1786843408.939371367,5.7343,60.4,2400027136,0x0
1786843409.993367187,5.6757,60.9,2400020480,0x0
1786843411.046440349,4.6640,58.7,2400027136,0x0
1786843412.100317929,5.7679,60.4,2400020480,0x0
1786843413.152857780,5.6133,58.7,2400030464,0x0
1786843414.207751906,5.0208,59.3,2400027136,0x0
1786843415.261214527,5.1366,59.8,2400027136,0x0
1786843416.315154254,5.5878,58.7,2400030464,0x0
1786843417.369192109,5.1726,58.7,2400023808,0x0
1786843418.422122178,5.4209,59.8,2400023808,0x0
1786843419.476130830,5.9720,60.4,2400023808,0x0
1786843420.529430784,5.8588,59.8,2400030464,0x0
1786843421.583084124,5.7436,60.4,2400020480,0x0
1786843422.635874731,5.7186,59.3,2400033792,0x0
1786843423.689731402,5.0913,60.9,2400030464,0x0
1786843424.743352520,5.5721,59.8,2400030464,0x0
1786843425.798038275,5.2186,58.7,2400030464,0x0
1786843426.851399154,5.4973,59.8,2400020480,0x0
1786843427.903690431,5.0445,59.3,2400020480,0x0
1786843428.956703757,5.3570,59.8,2400033792,0x0
1786843430.011759954,4.9965,60.9,2400023808,0x0
1786843431.168220760,5.9130,59.8,2400020480,0x0
1786843432.324904471,6.0728,59.3,2400027136,0x0
1786843433.379198989,5.8212,60.4,2400023808,0x0
1786843434.434268999,5.2793,59.8,2400030464,0x0
1786843435.487929782,5.2511,58.7,2400033792,0x0
1786843436.541671600,5.9079,59.8,2400027136,0x0
1786843437.595972617,5.0591,59.3,2400023808,0x0
1786843438.648658555,3.1828,59.3,2400023808,0x0
1786843439.703161366,4.6508,59.8,2400023808,0x0
1786843440.756408726,5.8214,59.8,2400030464,0x0
1786843441.809655140,5.8661,60.9,2400020480,0x0
1786843442.862874407,5.2783,59.8,2400030464,0x0
1786843443.917310958,5.4415,60.9,2400020480,0x0
1786843444.971792306,5.2220,60.4,2400027136,0x0
1786843446.025337310,4.7710,61.5,2400020480,0x0
1786843447.079329939,5.4657,59.3,2400020480,0x0
1786843448.133166829,5.2313,60.4,2400030464,0x0
1786843449.186522575,5.5749,60.4,2400020480,0x0
1786843450.240830553,4.9942,60.4,2400030464,0x0
1786843451.294578462,5.4923,59.3,2400030464,0x0
1786843452.348663089,5.5816,60.9,2400023808,0x0
1786843453.403063918,5.2992,58.7,2400030464,0x0
1786843454.456234405,5.7442,59.3,2400027136,0x0
1786843455.510034294,5.2285,60.4,2400020480,0x0
1786843456.563711777,4.9184,61.5,2400030464,0x0
1786843457.615945995,5.3980,60.4,2400033792,0x0
1786843458.671275444,5.9907,59.8,2400020480,0x0
1786843459.725197868,5.2889,60.4,2400023808,0x0
1786843460.778694352,5.9055,60.9,2400023808,0x0
1786843461.833360621,5.7639,59.8,2400023808,0x0
1786843462.886933345,5.6440,59.8,2400030464,0x0
1786843463.940023924,5.6001,61.5,2400027136,0x0
1786843464.993725054,4.0002,59.8,2400020480,0x0
1786843466.047676644,5.5977,59.8,2400027136,0x0
1786843467.102145488,5.5078,60.4,2400027136,0x0
1786843468.155598842,5.9123,59.8,2400027136,0x0
1786843469.207943983,5.3490,58.7,2400023808,0x0
1786843470.261146412,5.2395,59.8,2400027136,0x0
1786843471.314483470,4.2297,59.8,2400027136,0x0
1786843472.369202033,5.9997,59.8,2400033792,0x0
1786843473.424238779,6.0505,60.9,2400027136,0x0
1786843474.478978787,5.2692,59.8,2400027136,0x0
1786843475.532991042,5.0906,59.3,2400030464,0x0
1786843476.587550773,5.1641,58.7,2400020480,0x0
1786843477.640959107,5.2597,59.8,2400020480,0x0
1786843478.694885844,5.9377,62.0,2400030464,0x0
1786843479.749055522,5.2661,59.3,2400023808,0x0
1786843480.802200766,5.7712,60.4,2400030464,0x0
1786843481.855209288,5.2328,58.2,2400023808,0x0
1786843482.908542881,5.2356,58.7,2400023808,0x0
1786843483.961799549,5.7329,59.3,2400027136,0x0
1786843485.014883422,5.7444,59.8,2400033792,0x0
1786843486.069884870,4.8797,59.3,2400030464,0x0
1786843487.123511442,5.2947,60.4,2400030464,0x0
1786843488.177557324,4.5566,59.8,2400033792,0x0
1786843489.231008027,5.1050,60.4,2400020480,0x0
1786843490.285071297,4.5925,59.8,2400020480,0x0
1786843491.338982403,5.7102,59.8,2400027136,0x0
1786843492.393380633,5.1135,59.3,2400030464,0x0
1786843493.447478978,4.4335,61.5,2400033792,0x0
1786843494.501193955,5.6032,59.8,2400033792,0x0
1786843495.555321595,5.0558,59.8,2400030464,0x0
1786843496.608907999,5.6835,59.8,2400023808,0x0
1786843497.662445996,4.5009,59.8,2400023808,0x0
1786843498.715588348,5.8578,60.9,2400030464,0x0
1786843499.770469443,5.2983,61.5,2400020480,0x0
1786843500.823640332,5.6038,59.8,2400033792,0x0
1786843501.877796637,5.6146,58.7,2400030464,0x0
1786843502.931871925,5.6681,60.4,2400033792,0x0
1786843503.986795742,5.6590,58.7,2400030464,0x0
1786843505.041356858,5.8355,60.4,2400023808,0x0
1786843506.095687662,5.2504,59.8,2400027136,0x0
1786843507.149083399,5.4404,59.8,2400023808,0x0
1786843508.202492803,5.6978,58.7,2400027136,0x0
1786843509.256249797,4.4343,61.5,2400030464,0x0
1786843510.309852347,5.6998,59.8,2400033792,0x0
1786843511.362789144,5.2710,60.9,2400027136,0x0
1786843512.416029567,5.9476,59.3,2400020480,0x0
1786843513.468872235,5.3544,59.8,2400020480,0x0
1786843514.522608320,5.2275,60.4,2400020480,0x0
1786843515.576802550,5.2840,59.8,2400033792,0x0
1786843516.631890845,5.2490,60.4,2400023808,0x0
1786843517.686604977,5.2889,59.8,2400027136,0x0
1786843518.740571634,5.4933,60.4,2400020480,0x0
1786843519.794783653,5.4659,58.7,2400033792,0x0
1786843520.847974252,6.0685,60.9,2400030464,0x0
1786843521.902404135,5.4441,60.4,2400033792,0x0
1786843522.956507070,5.0342,59.8,2400027136,0x0
1786843524.009648882,5.8880,59.3,2400033792,0x0
1786843525.063373752,5.4414,59.8,2400020480,0x0
1786843526.116545529,5.9887,59.3,2400033792,0x0
1786843527.170460787,5.7356,59.8,2400027136,0x0
1786843528.223976766,5.9108,60.4,2400020480,0x0
1786843529.276961151,5.1901,59.3,2400020480,0x0
1786843530.331431174,5.1192,59.8,2400020480,0x0
1786843531.385126885,5.3961,59.8,2400033792,0x0
1786843532.439855517,5.0288,59.8,2400027136,0x0
1786843533.493248845,5.6100,59.8,2400023808,0x0
1786843534.547893499,5.6753,59.8,2400027136,0x0
1786843535.602275334,5.2324,59.8,2400020480,0x0
1786843536.656557421,5.1246,59.8,2400027136,0x0
1786843537.711729043,5.8738,61.5,2400020480,0x0
1786843538.765974540,5.3561,59.8,2400020480,0x0
1786843539.818958177,5.7954,59.8,2400030464,0x0
1786843540.872471132,5.0641,59.8,2400033792,0x0
1786843541.925507381,5.8243,60.4,2400030464,0x0
1786843542.979404498,2.7987,59.8,2400033792,0x0
1786843544.031676909,5.8798,59.3,2400020480,0x0
1786843545.085852673,5.8206,59.8,2400030464,0x0
1786843546.140316683,5.7894,60.4,2400030464,0x0
1786843547.194873832,5.7222,60.4,2400030464,0x0
1786843548.248837092,5.0346,59.3,2400020480,0x0
1786843549.303441835,4.6587,60.9,2400020480,0x0
1786843550.356566553,5.3922,58.7,2400023808,0x0
1786843551.411049558,5.6160,61.5,2400020480,0x0
1786843552.464572642,5.3656,59.8,2400023808,0x0
1786843553.518732986,5.7878,61.5,2400020480,0x0
1786843554.573435018,5.6326,59.3,2400023808,0x0
1786843555.626947262,6.0863,60.4,2400023808,0x0
1786843556.680611421,5.5453,59.8,2400033792,0x0
1786843557.734888396,5.0956,59.8,2400020480,0x0
1786843558.788449966,4.9808,59.3,2400020480,0x0
1786843559.842611518,5.2204,60.4,2400030464,0x0
1786843560.896457677,5.3027,60.4,2400033792,0x0
1786843561.949980406,5.1922,60.9,2400023808,0x0
1786843563.003290036,5.4609,62.0,2400027136,0x0
1786843564.058086508,5.9014,60.4,2400033792,0x0
1786843565.112506494,5.1600,60.4,2400027136,0x0
1786843566.166241241,5.2144,60.4,2400030464,0x0
1786843567.221240720,6.1994,61.5,2400033792,0x0
1786843568.275831363,4.3599,60.9,2400020480,0x0
1786843569.329815413,5.8534,60.4,2400030464,0x0
1786843570.383403849,5.2456,60.4,2400030464,0x0
1786843571.437339994,5.4819,60.4,2400027136,0x0
1786843572.491539903,5.1659,60.9,2400033792,0x0
1786843573.546183316,5.0827,60.4,2400030464,0x0
1786843574.600260820,5.2262,62.0,2400020480,0x0
1786843575.654770680,5.1946,60.4,2400020480,0x0
1786843576.708793926,3.6077,62.6,2400020480,0x0
1786843577.763588116,5.6270,60.9,2400020480,0x0
1786843578.818465499,5.3111,60.9,2400027136,0x0
1786843579.872264258,4.4169,60.9,2400030464,0x0
1786843580.925620237,5.8660,59.8,2400023808,0x0
1786843581.979198760,5.7071,61.5,2400027136,0x0
1786843583.032811347,5.8712,60.9,2400023808,0x0
1786843584.086645552,5.7839,59.8,2400033792,0x0
1786843585.139843812,5.9270,60.4,2400030464,0x0
1786843586.192848362,5.8940,60.4,2400027136,0x0
1786843587.247560934,5.3371,60.4,2400027136,0x0
1786843588.302802434,5.8655,60.4,2400023808,0x0
1786843589.357800595,5.6530,60.4,2400030464,0x0
1786843590.411663078,5.9047,62.0,2400030464,0x0
1786843591.466004285,5.5918,59.8,2400020480,0x0
1786843592.520066746,5.2056,59.3,2400033792,0x0
1786843593.573741314,5.8227,59.8,2400023808,0x0
1786843594.628718392,5.7894,60.4,2400023808,0x0
1786843595.684137306,4.5036,62.0,2400020480,0x0
1786843596.737971011,5.6434,60.9,2400030464,0x0
1786843597.791974723,5.1775,60.4,2400020480,0x0
1786843598.845106197,5.4692,60.4,2400030464,0x0
1786843599.898159033,5.3620,61.5,2400023808,0x0
1786843600.951839239,5.6377,60.4,2400023808,0x0
1786843602.005997670,5.4042,60.4,2400033792,0x0
1786843603.060216314,5.7544,60.9,2400033792,0x0
1786843604.116461493,5.3784,60.4,2400030464,0x0
1786843605.171131445,5.4624,60.4,2400023808,0x0
1786843606.224826863,4.7025,59.8,2400030464,0x0
1786843607.278639623,6.2622,59.8,2400020480,0x0
1786843608.333527339,4.5199,60.4,2400030464,0x0
1786843609.387296802,5.2451,60.4,2400027136,0x0
1786843610.440571096,5.8640,59.8,2400020480,0x0
1786843611.495451172,5.4078,60.9,2400033792,0x0
1786843612.548723076,6.2041,61.5,2400027136,0x0
1786843613.602858903,5.1876,57.6,2400027136,0x0
1786843614.656526134,4.3360,61.5,2400023808,0x0
1786843615.709961599,5.3658,60.4,2400027136,0x0
1786843616.764109656,5.4588,60.9,2400020480,0x0
1786843617.817791321,5.5330,60.9,2400023808,0x0
1786843618.871281331,5.1476,60.4,2400023808,0x0
1786843619.924996142,4.9820,60.4,2400027136,0x0
1786843620.980310959,5.9231,59.8,2400027136,0x0
1786843622.033618571,5.7358,59.8,2400027136,0x0
1786843623.086332127,4.4522,58.2,2400023808,0x0
1786843624.140053640,5.6528,59.8,2400027136,0x0
1786843625.194474578,4.9779,60.4,2400033792,0x0
1786843626.247500248,5.7054,59.3,2400020480,0x0
1786843627.302138719,5.4072,59.3,2400033792,0x0
1786843628.356277576,5.1344,59.8,2400030464,0x0
1786843629.409325587,5.7604,59.8,2400030464,0x0
1786843630.463865844,5.8903,59.8,2400033792,0x0
1786843631.518282945,5.8501,60.9,2400027136,0x0
1786843632.572091785,5.8908,60.9,2400027136,0x0
1786843633.627152728,5.9451,60.4,2400030464,0x0
1786843634.681436708,5.1826,60.4,2400030464,0x0
1786843635.735614847,5.7079,60.4,2400030464,0x0
1786843636.889476131,5.2995,61.5,2400020480,0x0
1786843637.942023198,5.1997,59.8,2400023808,0x0
1786843638.995301061,5.7723,59.8,2400020480,0x0
1786843640.048888205,5.2445,60.4,2400033792,0x0
1786843641.102076956,4.6090,60.4,2400023808,0x0
1786843642.154467782,5.1933,58.7,2400020480,0x0
1786843643.208024304,5.1964,60.4,2400033792,0x0
1786843644.260619700,5.9521,60.9,2400027136,0x0
1786843645.315585886,4.9589,59.8,2400027136,0x0
1786843646.369328430,3.4770,59.8,2400020480,0x0
1786843647.423801658,5.6986,60.9,2400033792,0x0
1786843648.478331597,5.4907,59.8,2400033792,0x0
1786843649.532205257,5.0719,59.3,2400033792,0x0
1786843650.584576835,5.3200,59.8,2400033792,0x0
1786843651.637743929,5.8806,60.4,2400037120,0x0
1786843652.691184490,5.0748,60.9,2400030464,0x0
1786843653.744133121,5.6566,58.7,2400030464,0x0
1786843654.797885769,5.2585,59.8,2400020480,0x0
1786843655.850985637,5.9125,59.8,2400033792,0x0
1786843656.905029370,4.5923,59.8,2400030464,0x0
1786843657.958767246,5.3173,60.9,2400020480,0x0
1786843659.012665479,5.0695,60.4,2400030464,0x0
1786843660.066760404,5.3546,59.8,2400020480,0x0
1786843661.120397417,5.2312,58.7,2400027136,0x0
1786843662.173265226,5.0115,60.9,2400033792,0x0
1786843663.227181751,4.5679,59.8,2400027136,0x0
1786843664.280760159,5.8966,59.8,2400020480,0x0
1786843665.334595812,5.3391,60.4,2400030464,0x0
1786843666.387237508,5.5453,59.8,2400023808,0x0
1786843667.441476543,5.6793,59.8,2400023808,0x0
1786843668.494682043,5.2780,59.8,2400030464,0x0
1786843669.548328065,5.7757,60.4,2400027136,0x0
1786843670.601576599,5.0700,59.8,2400033792,0x0
1786843671.654464572,5.7105,60.9,2400033792,0x0
1786843672.708939106,5.0317,59.8,2400020480,0x0
1786843673.763314686,5.1254,59.3,2400030464,0x0
1786843674.817532165,5.3062,59.8,2400030464,0x0
1786843675.871762373,5.8895,62.0,2400033792,0x0
1786843676.925823889,5.8792,61.5,2400033792,0x0
1786843677.980118020,4.8919,59.8,2400020480,0x0
1786843679.034158236,5.3168,59.8,2400030464,0x0
1786843680.087135845,5.0016,59.3,2400020480,0x0
1786843681.241286390,5.9668,59.8,2400033792,0x0
1786843682.295800809,5.1521,59.8,2400023808,0x0
1786843683.349834224,5.4175,59.3,2400030464,0x0
1786843684.402885901,5.2606,61.5,2400020480,0x0
1786843685.455541332,5.7435,61.5,2400023808,0x0
1786843686.508560876,5.2787,59.8,2400033792,0x0
1786843687.561501967,5.3118,60.4,2400033792,0x0
1786843688.616072006,4.9585,59.3,2400033792,0x0
1786843689.671368654,3.4781,59.8,2400030464,0x0
1786843690.726093743,5.6448,60.4,2400030464,0x0
1786843691.780421512,5.6466,59.8,2400023808,0x0
1786843692.834456626,4.7610,60.4,2400023808,0x0
1786843693.887920421,5.1188,60.4,2400030464,0x0
1786843694.941730201,5.8571,58.7,2400023808,0x0
1786843695.996136111,5.0396,59.8,2400037120,0x0
1786843697.049250360,5.1122,60.9,2400030464,0x0
1786843698.103541712,5.1469,59.8,2400033792,0x0
1786843699.157595242,5.5926,59.8,2400027136,0x0
1786843700.213056464,5.0385,59.3,2400027136,0x0
1786843701.267132600,4.9954,60.4,2400033792,0x0
1786843702.321368557,6.0274,59.3,2400030464,0x0
1786843703.375787001,5.6978,59.8,2400023808,0x0
1786843704.430256117,4.5537,61.5,2400023808,0x0
1786843705.484547059,4.7246,60.9,2400020480,0x0
1786843706.538461939,5.1362,60.9,2400033792,0x0
1786843707.591434301,4.9742,60.4,2400023808,0x0
1786843708.645008108,5.7012,58.7,2400033792,0x0
1786843709.698311759,5.3250,60.4,2400030464,0x0
1786843710.751556307,5.1994,59.3,2400020480,0x0
1786843711.806558764,5.1648,59.8,2400023808,0x0
1786843712.859623070,5.6476,61.5,2400030464,0x0
1786843713.914182233,5.5687,59.8,2400033792,0x0
1786843714.966885447,6.1412,59.8,2400023808,0x0
1786843716.020727283,5.6190,59.8,2400027136,0x0
1786843717.074760327,5.2962,59.3,2400023808,0x0
1786843718.128298255,5.4528,60.4,2400020480,0x0
1786843719.181653249,4.6020,59.8,2400027136,0x0
1786843720.235229117,5.1863,60.4,2400023808,0x0
1786843721.289659259,5.6698,59.8,2400023808,0x0
1786843722.343531545,4.9661,59.3,2400023808,0x0
1786843723.398164736,5.1383,60.4,2400030464,0x0
1786843724.451754837,5.8750,59.8,2400027136,0x0
1786843725.505067781,5.1896,60.9,2400023808,0x0
1786843726.558088774,5.3234,59.3,2400027136,0x0
1786843727.610737278,5.3242,60.9,2400023808,0x0
1786843728.663983393,5.8859,59.3,2400020480,0x0
1786843729.716800688,5.8212,59.8,2400033792,0x0
1786843730.770742808,5.7471,60.4,2400023808,0x0
1786843731.825196576,5.4362,59.8,2400027136,0x0
1786843732.879903774,5.4335,60.4,2400020480,0x0
1786843733.934117244,5.9317,59.8,2400030464,0x0
1786843734.988582830,6.1888,59.8,2400027136,0x0
1786843736.041197651,4.9538,59.8,2400023808,0x0
1786843737.094315583,4.6470,59.8,2400023808,0x0
1786843738.147371060,5.8469,57.6,2400030464,0x0
1786843739.201502345,5.3056,59.8,2400030464,0x0
1786843740.254233451,5.6938,59.8,2400030464,0x0
1786843741.307932533,4.9305,60.9,2400027136,0x0
1786843742.360564581,6.0695,59.8,2400033792,0x0
1786843743.414928890,5.1976,58.7,2400023808,0x0
1786843744.468271442,5.4983,59.8,2400030464,0x0
1786843745.521364207,5.3938,59.8,2400030464,0x0
1786843746.575194526,5.0193,58.7,2400027136,0x0
1786843747.628267527,5.7349,60.9,2400033792,0x0
1786843748.682648259,5.2396,61.5,2400027136,0x0
1786843749.735970531,6.0009,60.4,2400030464,0x0
1786843750.790056669,5.3423,60.4,2400027136,0x0
1786843751.843544859,5.2172,59.3,2400023808,0x0
1786843752.896783022,4.6613,58.7,2400023808,0x0
1786843753.951137289,5.0049,59.8,2400023808,0x0
1786843755.004812812,5.6888,60.4,2400030464,0x0
1786843756.058620451,5.0943,60.4,2400027136,0x0
1786843757.112746352,5.8468,59.8,2400030464,0x0
1786843758.167208422,5.1372,59.8,2400020480,0x0
1786843759.220235387,5.7007,59.8,2400023808,0x0
1786843760.274578398,5.9702,60.9,2400030464,0x0
1786843761.328240443,5.8800,59.8,2400030464,0x0
1786843762.383033461,5.7027,60.4,2400027136,0x0
1786843763.438755788,5.2495,59.8,2400023808,0x0
1786843764.493390748,5.5067,59.8,2400020480,0x0
1786843765.546498197,5.5538,60.9,2400027136,0x0
1786843766.600542047,5.7975,59.8,2400027136,0x0
1786843767.655132916,5.1769,60.4,2400027136,0x0
1786843768.707776964,5.9854,59.8,2400030464,0x0
1786843769.761274212,5.7946,59.8,2400023808,0x0
1786843770.814229140,5.9957,59.8,2400020480,0x0
1786843771.866724247,4.9754,61.5,2400020480,0x0
1786843772.920331346,5.4348,60.9,2400030464,0x0
1786843773.973593123,5.1530,62.6,2400027136,0x0
1786843775.026631946,5.2725,60.4,2400023808,0x0
1786843776.080232806,5.1296,60.9,2400033792,0x0
1786843777.133550602,5.5117,59.3,2400023808,0x0
1786843778.187388582,4.5763,61.5,2400030464,0x0
1786843779.241175218,5.7921,59.8,2400027136,0x0
1786843780.295801275,5.1066,59.8,2400030464,0x0
1786843781.350032067,5.3293,59.8,2400030464,0x0
1786843782.402979843,5.8470,60.4,2400027136,0x0
1786843783.456158772,5.3096,60.4,2400023808,0x0
1786843784.510002717,5.8641,59.8,2400023808,0x0
1786843785.564747564,5.8210,59.8,2400020480,0x0
1786843786.618638131,4.5221,60.4,2400030464,0x0
1786843787.671921121,4.4960,59.8,2400030464,0x0
1786843788.727550253,4.8562,59.8,2400027136,0x0
1786843789.781521246,5.6737,59.8,2400033792,0x0
1786843790.834831384,5.9934,59.3,2400027136,0x0
1786843791.889568769,5.9058,59.8,2400020480,0x0
1786843792.944123329,5.7377,59.8,2400033792,0x0
1786843793.998380621,4.3828,58.7,2400023808,0x0
1786843795.051672173,5.6669,60.4,2400027136,0x0
1786843796.105126396,5.3886,59.8,2400027136,0x0
1786843797.157606174,5.2223,61.5,2400027136,0x0
1786843798.211014484,5.7882,59.8,2400023808,0x0
1786843799.265350788,5.1300,60.4,2400030464,0x0
1786843800.319071514,5.7236,60.4,2400030464,0x0
1786843801.372142661,5.7008,60.4,2400027136,0x0
1786843802.425137668,5.6771,58.7,2400030464,0x0
1786843803.479131908,6.1919,60.9,2400030464,0x0
1786843804.533117395,5.6594,60.4,2400033792,0x0
1786843805.586887132,5.4320,59.8,2400027136,0x0
1786843806.640846447,5.2815,60.9,2400023808,0x0
1786843807.694275404,4.7933,60.9,2400030464,0x0
1786843808.747097616,5.7162,59.8,2400027136,0x0
1786843809.801362352,5.1831,60.4,2400033792,0x0
1786843810.854083485,5.3113,59.3,2400023808,0x0
1786843811.906906215,5.2917,59.8,2400027136,0x0
1786843812.959458620,5.0361,59.8,2400030464,0x0
1786843814.012160067,4.9235,59.8,2400023808,0x0
1786843815.066701312,4.9295,61.5,2400033792,0x0
1786843816.121108342,5.1044,59.8,2400020480,0x0
1786843817.175064014,5.8191,59.8,2400023808,0x0
1786843818.331667370,5.0987,61.5,2400027136,0x0
1786843819.487699611,5.3495,60.9,2400020480,0x0
1786843820.541451397,4.5744,61.5,2400023808,0x0
1786843821.595315928,5.7500,59.3,2400027136,0x0
1786843822.649967028,5.2159,59.8,2400023808,0x0
1786843823.704453896,5.2831,60.4,2400023808,0x0
1786843824.757164552,5.8320,59.8,2400030464,0x0
1786843825.810028397,5.4794,59.8,2400020480,0x0
1786843826.863359982,5.8790,59.8,2400033792,0x0
1786843827.918230813,5.0394,59.8,2400033792,0x0
1786843828.971070898,5.9240,60.4,2400027136,0x0
1786843830.025659300,5.1119,60.4,2400023808,0x0
1786843831.079588308,5.5969,60.9,2400023808,0x0
1786843832.133821653,5.9016,59.8,2400030464,0x0
1786843833.188164908,5.7009,59.8,2400023808,0x0
1786843834.242776518,5.3974,59.8,2400030464,0x0
1786843835.296484738,5.2581,60.4,2400023808,0x0
1786843836.349465121,5.0853,60.9,2400033792,0x0
1786843837.402947596,5.7981,59.8,2400027136,0x0
1786843838.456397262,5.3614,59.8,2400033792,0x0
1786843839.509817675,5.2540,60.9,2400030464,0x0
1786843840.563309834,5.7199,59.8,2400020480,0x0
1786843841.616938496,5.1809,59.8,2400020480,0x0
1786843842.670246576,5.6185,60.4,2400033792,0x0
1786843843.725050179,4.6875,58.7,2400027136,0x0
1786843844.778996299,5.3432,60.4,2400037120,0x0
1786843845.832889777,4.9017,59.8,2400020480,0x0
1786843846.887017462,5.3255,60.4,2400030464,0x0
1786843847.940658843,5.4628,61.5,2400033792,0x0
1786843848.994324193,5.3820,59.8,2400023808,0x0
1786843850.047423907,5.2746,59.3,2400023808,0x0
1786843851.100898770,5.2579,59.8,2400027136,0x0
1786843852.154729672,4.4935,60.4,2400023808,0x0
1786843853.207733312,5.1346,58.7,2400030464,0x0
1786843854.260715179,5.1248,58.7,2400020480,0x0
1786843855.314554060,5.1534,60.9,2400030464,0x0
1786843856.367763899,4.9881,60.4,2400027136,0x0
1786843857.422075378,5.7641,60.9,2400030464,0x0
1786843858.473920375,4.8102,59.8,2400020480,0x0
1786843859.526851530,5.8083,61.5,2400020480,0x0
1786843860.581338152,5.6923,59.8,2400030464,0x0
1786843861.635529414,5.8129,59.8,2400027136,0x0
1786843862.689967437,5.9217,59.8,2400027136,0x0
1786843863.743471088,5.1257,60.4,2400033792,0x0
1786843864.797433443,4.6204,59.8,2400033792,0x0
1786843865.850562998,5.1962,59.8,2400033792,0x0
1786843866.904782453,5.8431,60.4,2400027136,0x0
1786843867.957960315,5.2984,59.8,2400033792,0x0
1786843869.011262033,5.8958,59.8,2400020480,0x0
1786843870.065664539,4.4412,59.3,2400030464,0x0
1786843871.118554977,5.5737,60.9,2400033792,0x0
1786843872.173350193,5.3382,60.9,2400033792,0x0
1786843873.226248919,6.0355,58.7,2400020480,0x0
1786843874.273697144,5.3510,60.4,2400030464,0x0
1786843875.328152528,5.2867,59.3,2400027136,0x0
1786843876.382305698,5.3662,60.4,2400030464,0x0
1786843877.436298191,5.0416,60.9,2400033792,0x0
1786843878.490141469,5.5651,59.8,2400023808,0x0
1786843879.543763070,5.6963,59.8,2400023808,0x0
1786843880.598535124,4.3825,59.8,2400020480,0x0
1786843881.651002546,4.9321,59.8,2400033792,0x0
1786843882.704311463,5.7088,59.8,2400023808,0x0
1786843883.760231741,5.1745,59.8,2400027136,0x0
1786843884.812990379,5.7118,59.8,2400023808,0x0
1786843885.867589239,5.3322,59.8,2400027136,0x0
1786843886.921468244,5.2616,59.8,2400023808,0x0
1786843887.974597892,5.9966,59.8,2400020480,0x0
1786843889.029633745,5.9342,60.9,2400020480,0x0
1786843890.083912056,5.7580,60.4,2400020480,0x0
1786843891.138143170,5.9785,60.4,2400027136,0x0
1786843892.192704155,5.2479,61.5,2400027136,0x0
1786843893.246113419,5.9820,59.8,2400033792,0x0
1786843894.299236487,5.3928,60.4,2400027136,0x0
1786843895.352725408,5.9260,60.9,2400023808,0x0
1786843896.406728310,4.8850,60.9,2400030464,0x0
1786843897.459033126,5.2427,59.8,2400033792,0x0
1786843898.512574525,5.9483,59.8,2400020480,0x0
1786843899.566904104,5.6590,59.3,2400033792,0x0
1786843900.621517388,4.9098,60.4,2400027136,0x0
1786843901.673752281,5.8713,59.8,2400030464,0x0
1786843902.728511593,5.7576,59.3,2400027136,0x0
1786843903.782377087,5.2319,58.7,2400030464,0x0
1786843904.836144161,5.2158,59.8,2400027136,0x0
1786843905.889664410,5.6219,60.4,2400023808,0x0
1786843906.943909970,5.4068,59.8,2400023808,0x0
1786843907.997274860,5.7249,61.5,2400023808,0x0
1786843909.051288341,5.8302,61.5,2400030464,0x0
1786843910.103983879,5.8191,60.9,2400027136,0x0
1786843911.157146010,5.8438,58.7,2400033792,0x0
1786843912.210088462,5.1426,60.9,2400030464,0x0
1786843913.264000371,5.1350,60.4,2400033792,0x0
1786843914.317940933,5.3557,59.8,2400033792,0x0
1786843915.371040287,6.0138,60.4,2400030464,0x0
1786843916.423931890,5.8878,60.4,2400030464,0x0
1786843917.478061723,6.0385,60.4,2400033792,0x0
1786843918.532620890,4.4551,59.8,2400020480,0x0
1786843919.586646327,5.6178,58.7,2400023808,0x0
1786843920.640004073,5.6342,58.7,2400020480,0x0
1786843921.693624524,5.7694,60.4,2400027136,0x0
1786843922.747499737,4.7292,59.3,2400030464,0x0
1786843923.800821609,5.6376,59.8,2400030464,0x0
1786843924.854147319,5.5416,60.4,2400030464,0x0
1786843925.907878048,5.3264,59.8,2400033792,0x0
1786843926.960814606,5.6786,60.4,2400030464,0x0
1786843928.014461512,4.9795,61.5,2400023808,0x0
1786843929.067961610,5.4432,59.8,2400033792,0x0
1786843930.120294524,5.1949,59.3,2400027136,0x0
1786843931.174196552,5.2313,60.4,2400030464,0x0
1786843932.227457464,5.2958,60.9,2400033792,0x0
1786843933.280594567,5.2776,61.5,2400027136,0x0
1786843934.333252903,5.5875,60.9,2400027136,0x0
1786843935.387023007,5.1018,59.8,2400027136,0x0
1786843936.441006540,5.8329,60.4,2400030464,0x0
1786843937.495087410,5.3864,60.4,2400020480,0x0
1786843938.548842751,5.2114,58.7,2400027136,0x0
1786843939.601749015,5.1551,59.8,2400020480,0x0
1786843940.656838479,5.0974,59.3,2400030464,0x0
1786843941.709947749,4.6800,60.4,2400030464,0x0
1786843942.763095839,5.5753,61.5,2400027136,0x0
1786843943.816393894,5.8791,60.9,2400033792,0x0
1786843944.869739324,5.5162,59.8,2400020480,0x0
1786843945.922697874,4.9699,60.4,2400027136,0x0
1786843946.977120837,3.3521,61.5,2400023808,0x0
1786843948.031320271,5.7944,59.8,2400030464,0x0
1786843949.084790329,5.8337,59.8,2400030464,0x0
1786843950.138642628,5.4054,60.4,2400033792,0x0
1786843951.192489487,5.3625,60.4,2400023808,0x0
1786843952.245698265,5.1047,59.3,2400020480,0x0
1786843953.298908882,5.6266,59.8,2400033792,0x0
1786843954.352407481,4.5110,60.4,2400023808,0x0
1786843955.405913807,5.6081,60.9,2400030464,0x0
1786843956.458863014,5.0757,61.5,2400023808,0x0
1786843957.511957224,5.8264,59.8,2400027136,0x0
1786843958.566948027,4.4855,59.8,2400023808,0x0
1786843959.620048191,5.6070,60.9,2400033792,0x0
1786843960.673838017,5.3240,58.7,2400020480,0x0
1786843961.727520090,5.2360,59.8,2400030464,0x0
1786843962.781823142,5.2763,60.4,2400020480,0x0
1786843963.835028526,5.2132,60.4,2400023808,0x0
1786843964.888267803,5.4533,60.9,2400023808,0x0
1786843965.942835420,5.9117,59.8,2400020480,0x0
1786843966.996641014,5.1575,59.8,2400030464,0x0
1786843968.049645270,5.1125,59.8,2400027136,0x0
1786843969.103153376,5.7014,60.9,2400027136,0x0
1786843970.155985125,5.2194,60.4,2400023808,0x0
1786843971.209589035,5.7131,60.4,2400020480,0x0
1786843972.263201320,5.1912,60.4,2400027136,0x0
1786843973.316479003,5.1606,59.3,2400020480,0x0
1786843974.368996235,5.5851,60.4,2400023808,0x0
1786843975.423938129,5.2881,60.4,2400027136,0x0
1786843976.478231534,5.9286,59.8,2400020480,0x0
1786843977.532542333,5.6689,59.8,2400020480,0x0
1786843978.587417629,5.6389,59.3,2400030464,0x0
1786843979.641038741,5.7267,59.8,2400033792,0x0
1786843980.693803923,5.1332,60.4,2400020480,0x0
1786843981.747565579,5.6964,61.5,2400033792,0x0
1786843982.801129204,5.1175,60.4,2400023808,0x0
1786843983.855171865,4.9994,60.4,2400023808,0x0
1786843984.908799591,5.4145,60.4,2400033792,0x0
1786843985.961755514,5.6501,60.4,2400023808,0x0
1786843987.014842922,5.8812,60.4,2400027136,0x0
1786843988.067562172,5.8360,60.4,2400027136,0x0
1786843989.120567107,4.8804,59.8,2400030464,0x0
1786843990.175249268,5.3652,60.4,2400027136,0x0
1786843991.228931760,5.2590,59.3,2400023808,0x0
1786843992.281949060,5.1021,61.5,2400030464,0x0
1786843993.335197288,5.2441,60.4,2400030464,0x0
1786843994.388500222,5.7517,58.2,2400027136,0x0
1786843995.441809106,5.2804,60.4,2400020480,0x0
1786843996.495675690,5.2905,60.4,2400027136,0x0
1786843997.549248894,6.1296,60.4,2400033792,0x0
1786843998.602681936,4.7049,60.4,2400020480,0x0
1786843999.655416584,5.9027,60.4,2400033792,0x0
1786844000.710153286,5.2580,60.4,2400027136,0x0
1786844001.762933831,4.9735,59.8,2400030464,0x0
1786844002.815502696,5.8352,59.8,2400030464,0x0
1786844003.870164245,3.9568,60.4,2400023808,0x0
1786844004.924537764,3.1909,60.9,2400033792,0x0
1786844005.978732383,5.6669,59.8,2400033792,0x0
1786844007.032942523,5.8803,59.8,2400027136,0x0
1786844008.086909838,4.8165,59.8,2400020480,0x0
1786844009.141312336,5.8016,59.8,2400033792,0x0
1786844010.194947737,4.5107,59.8,2400033792,0x0
1786844011.248696677,4.4492,58.2,2400033792,0x0
1786844012.301843296,4.9513,59.8,2400030464,0x0
1786844013.355647966,5.6724,59.8,2400023808,0x0
1786844014.409543213,5.4702,59.8,2400027136,0x0
1786844015.462836767,5.6531,59.8,2400030464,0x0
1786844016.515319224,5.0293,60.4,2400030464,0x0
1786844017.569397481,5.4896,61.5,2400030464,0x0
1786844018.624108717,6.0841,60.4,2400027136,0x0
1786844019.677537434,5.7493,60.9,2400020480,0x0
1786844020.731822645,5.1400,60.9,2400030464,0x0
1786844021.785123686,5.0709,60.9,2400023808,0x0
1786844022.838386232,5.3839,60.4,2400023808,0x0
1786844023.893166764,5.6082,59.8,2400030464,0x0
1786844024.947684415,5.0475,58.7,2400030464,0x0
1786844026.001133748,5.6206,60.4,2400030464,0x0
1786844027.055421002,5.8742,59.8,2400027136,0x0
1786844028.109085989,5.1973,59.8,2400033792,0x0
1786844029.161943767,5.9054,60.4,2400023808,0x0
1786844030.215731409,5.6305,60.4,2400023808,0x0
1786844031.269121448,4.8733,59.8,2400033792,0x0
1786844032.323303926,5.8674,61.5,2400027136,0x0
1786844033.377405576,5.3312,60.4,2400030464,0x0
1786844034.431229196,4.9831,61.5,2400033792,0x0
1786844035.485854588,5.3512,62.0,2400020480,0x0
1786844036.539776418,5.5242,60.9,2400023808,0x0
1786844037.593660049,6.2141,60.4,2400030464,0x0
1786844038.647556202,5.2986,60.4,2400020480,0x0
1786844039.700790015,4.9871,60.4,2400033792,0x0
1786844040.753869537,5.8744,60.4,2400027136,0x0
1786844041.807630074,5.2521,59.8,2400020480,0x0
1786844042.861249264,6.1915,61.5,2400037120,0x0
1786844043.914408797,5.5801,61.5,2400030464,0x0
1786844044.968458453,4.3076,60.4,2400027136,0x0
1786844046.021448273,5.6370,61.5,2400033792,0x0
1786844047.076341241,5.1934,59.8,2400030464,0x0
1786844048.130849162,3.9217,59.8,2400023808,0x0
1786844049.185343291,5.9050,58.7,2400033792,0x0
1786844050.238717808,5.8144,60.4,2400030464,0x0
1786844051.294252673,5.8833,61.5,2400023808,0x0
1786844052.348339281,5.4621,61.5,2400020480,0x0
1786844053.401686068,4.7274,60.4,2400020480,0x0
1786844054.455081524,5.4408,60.9,2400023808,0x0
1786844055.510880198,5.3341,60.4,2400023808,0x0
1786844056.563754057,5.8454,60.4,2400023808,0x0
1786844057.616972323,5.3240,59.3,2400020480,0x0
1786844058.670649625,5.2920,59.8,2400033792,0x0
1786844059.722732060,5.3850,60.4,2400023808,0x0
1786844060.776288630,5.3102,61.5,2400027136,0x0
1786844061.830307384,5.3952,59.8,2400030464,0x0
1786844062.884495176,5.1697,61.5,2400033792,0x0
1786844063.938469437,5.0329,59.8,2400020480,0x0
1786844064.991642582,5.7266,60.4,2400030464,0x0
1786844066.045407242,4.9323,60.9,2400023808,0x0
1786844067.099414088,5.6929,60.4,2400027136,0x0
1786844068.153620991,5.3950,59.8,2400030464,0x0
1786844069.207416995,5.0250,62.0,2400023808,0x0
1786844070.262233305,5.8227,59.8,2400030464,0x0
1786844071.314555834,5.1004,60.9,2400027136,0x0
1786844072.368359552,5.5202,59.8,2400023808,0x0
1786844073.420610700,4.9591,61.5,2400023808,0x0
1786844074.474687811,5.2163,60.4,2400030464,0x0
1786844075.528951054,5.1812,60.4,2400027136,0x0
1786844076.583212226,5.4328,60.4,2400033792,0x0
1786844077.636987092,5.3731,60.4,2400020480,0x0
1786844078.691992763,5.8322,58.7,2400023808,0x0
1786844079.745326512,5.9444,59.8,2400023808,0x0
1786844080.799744400,5.4427,60.4,2400020480,0x0
1786844081.853039842,5.0906,60.4,2400033792,0x0
1786844082.906491378,4.5688,60.9,2400033792,0x0
1786844083.961233921,5.0780,60.4,2400020480,0x0
1786844085.014773574,5.1816,60.4,2400023808,0x0
1786844086.068099345,5.3327,60.9,2400033792,0x0
1786844087.121960316,5.8514,59.8,2400033792,0x0
1786844088.174814637,5.2967,60.4,2400033792,0x0
1786844089.228136621,5.9677,61.5,2400027136,0x0
1786844090.282618115,5.7053,61.5,2400023808,0x0
1786844091.337292406,5.7823,60.9,2400023808,0x0
1786844092.391806239,5.7102,60.4,2400030464,0x0
1786844093.446520574,5.5990,60.4,2400030464,0x0
1786844094.499808335,5.2911,61.5,2400027136,0x0
1786844095.553207803,5.6753,60.4,2400020480,0x0
1786844096.607539393,5.9228,60.4,2400033792,0x0
1786844097.661519787,4.9789,60.4,2400033792,0x0
1786844098.715806607,5.1776,59.8,2400033792,0x0
1786844099.769499529,6.1228,61.5,2400030464,0x0
1786844100.822815460,5.1417,60.4,2400023808,0x0
1786844101.876392168,5.3341,60.4,2400033792,0x0
1786844102.928900818,5.8775,60.4,2400030464,0x0
1786844103.984101737,5.3896,60.4,2400033792,0x0
1786844105.041621151,4.9649,60.4,2400033792,0x0
1786844106.095596202,5.4940,59.8,2400033792,0x0
1786844107.149895438,5.5052,59.8,2400023808,0x0
1786844108.203221559,5.0011,60.4,2400027136,0x0
1786844109.256826550,4.8705,60.4,2400023808,0x0
1786844110.309646869,5.8978,60.4,2400033792,0x0
1786844111.363185590,4.6326,60.9,2400027136,0x0
1786844112.416140710,3.3776,60.4,2400030464,0x0
1786844113.469940786,5.2159,59.8,2400023808,0x0
1786844114.522779395,4.9340,61.5,2400023808,0x0
1786844115.577732540,4.9281,60.4,2400033792,0x0
1786844116.629820331,5.6810,59.8,2400020480,0x0
1786844117.684712964,5.1518,59.8,2400033792,0x0
1786844118.739549045,4.9727,60.4,2400030464,0x0
1786844119.793053422,4.9210,59.8,2400020480,0x0
1786844120.847480552,4.5752,59.8,2400030464,0x0
1786844121.901010547,5.6112,60.4,2400033792,0x0
1786844122.954734654,5.5892,60.4,2400033792,0x0
1786844124.007320611,5.2606,60.4,2400020480,0x0
1786844125.059930812,5.0770,60.9,2400033792,0x0
1786844126.113499579,5.7473,61.5,2400030464,0x0
1786844127.167222810,5.3282,60.4,2400020480,0x0
1786844128.220074055,5.8083,59.8,2400030464,0x0
1786844129.272975450,5.0123,59.8,2400030464,0x0
1786844130.325333651,5.2391,60.4,2400033792,0x0
1786844131.379726721,5.6110,59.8,2400027136,0x0
1786844132.433858520,5.2034,59.8,2400030464,0x0
1786844133.488123024,5.6654,59.8,2400027136,0x0
1786844134.542521177,4.9893,60.4,2400030464,0x0
1786844135.596486784,5.8015,59.8,2400023808,0x0
1786844136.649135001,5.3108,60.4,2400020480,0x0
1786844137.703005059,5.4086,59.8,2400030464,0x0
1786844138.756008093,5.8660,59.8,2400033792,0x0
1786844139.808939465,5.0922,59.8,2400020480,0x0
1786844140.861495270,4.9470,59.8,2400030464,0x0
1786844141.914742440,5.5285,61.5,2400023808,0x0
1786844142.967800412,5.2196,59.8,2400023808,0x0
1786844144.022558813,5.0183,59.3,2400020480,0x0
1786844145.075162315,3.5588,59.8,2400030464,0x0
1786844146.126786147,5.0085,58.7,2400030464,0x0
1786844147.179063529,5.7639,58.7,2400027136,0x0
1786844148.232617585,5.3197,60.9,2400030464,0x0
1786844149.287063079,3.2780,60.4,2400023808,0x0
1786844150.341156136,5.7464,61.5,2400020480,0x0
1786844151.395060068,5.3142,59.8,2400027136,0x0
1786844152.448606377,4.7418,60.4,2400027136,0x0
1786844153.501591845,4.6873,60.4,2400023808,0x0
1786844154.554336466,5.8116,61.5,2400020480,0x0
1786844155.608342113,6.0815,60.4,2400020480,0x0
1786844156.662071062,5.8293,60.4,2400023808,0x0
1786844157.715823014,5.3026,60.9,2400023808,0x0
1786844158.768833608,5.9079,60.4,2400023808,0x0
1786844159.821852352,5.1155,59.3,2400020480,0x0
1786844160.875501222,5.1665,59.8,2400030464,0x0
1786844161.928781507,5.3955,59.8,2400023808,0x0
1786844162.982791120,5.2894,59.8,2400020480,0x0
1786844164.036374611,5.1275,60.4,2400033792,0x0
1786844165.093825746,5.3178,60.9,2400020480,0x0
1786844166.146706973,5.2536,60.4,2400023808,0x0
1786844167.200719154,5.9037,59.8,2400033792,0x0
1786844168.254444100,5.6090,58.7,2400020480,0x0
1786844169.307820090,5.2988,59.8,2400027136,0x0
1786844170.361746780,5.9221,60.4,2400030464,0x0
1786844171.415149313,5.1551,60.4,2400030464,0x0
1786844172.468264037,5.6586,59.8,2400027136,0x0
1786844173.520810066,5.2350,60.9,2400020480,0x0
1786844174.573241730,5.0694,59.3,2400023808,0x0
1786844175.627480672,5.0719,60.4,2400030464,0x0
1786844176.681578712,6.0463,60.4,2400033792,0x0
1786844177.735503960,5.8691,60.4,2400027136,0x0
1786844178.789545932,6.1355,59.8,2400030464,0x0
1786844179.843623481,6.1559,60.4,2400020480,0x0
1786844180.897942789,5.5497,59.3,2400027136,0x0
1786844181.952306544,5.0290,60.4,2400033792,0x0
1786844183.005339483,5.9482,59.3,2400027136,0x0
1786844184.058900901,5.2478,60.4,2400023808,0x0
1786844185.112375286,5.8647,61.5,2400023808,0x0
1786844186.167446601,5.5880,60.4,2400027136,0x0
1786844187.220542162,5.2796,59.8,2400027136,0x0
1786844188.274113851,5.1680,59.8,2400033792,0x0
1786844189.327854208,5.2606,61.5,2400020480,0x0
1786844190.382536704,5.1308,61.5,2400020480,0x0
1786844191.436571971,5.5260,60.9,2400020480,0x0
1786844192.490112857,5.3416,61.5,2400027136,0x0
1786844193.543946742,4.3764,60.4,2400023808,0x0
1786844194.597642243,5.1743,60.4,2400033792,0x0
1786844195.751982650,5.3877,59.8,2400033792,0x0
1786844196.805208199,5.1847,60.4,2400023808,0x0
1786844197.859207095,5.7216,61.5,2400033792,0x0
1786844198.912968884,5.2190,60.9,2400027136,0x0
1786844199.966305403,5.8469,59.8,2400030464,0x0
1786844201.020299344,4.9554,60.4,2400023808,0x0
1786844202.072893711,5.5796,58.7,2400027136,0x0
1786844203.127548094,5.2290,59.8,2400030464,0x0
1786844204.180904403,5.2513,60.9,2400020480,0x0
1786844205.235095704,5.2437,59.8,2400030464,0x0
1786844206.289386563,4.8029,59.3,2400030464,0x0
1786844207.343334966,5.3612,59.8,2400033792,0x0
1786844208.396395807,5.3658,59.8,2400033792,0x0
1786844209.450986856,5.7316,60.4,2400023808,0x0
1786844210.504353459,5.6865,61.5,2400033792,0x0
1786844211.558053097,5.2926,59.8,2400030464,0x0
1786844212.611648610,5.2961,60.4,2400030464,0x0
1786844213.665262551,5.8732,59.8,2400027136,0x0
1786844214.717664657,5.2083,62.6,2400023808,0x0
1786844215.771598415,5.6010,61.5,2400020480,0x0
1786844216.824063915,5.5800,60.4,2400020480,0x0
1786844217.878088677,5.6728,60.4,2400020480,0x0
1786844218.931610337,5.1575,60.4,2400027136,0x0
1786844219.985812955,5.0140,60.4,2400023808,0x0
1786844221.039592154,5.1426,60.4,2400033792,0x0
1786844222.092805252,4.9724,60.4,2400030464,0x0
1786844223.146857361,5.8406,59.8,2400033792,0x0
1786844224.201177766,5.1115,61.5,2400030464,0x0
1786844225.256765808,5.6431,59.8,2400020480,0x0
1786844226.310186377,5.0452,60.4,2400033792,0x0
1786844227.363794724,5.1038,60.9,2400030464,0x0
1786844228.417932456,5.1279,60.9,2400023808,0x0
1786844229.471455125,5.2449,59.3,2400033792,0x0
1786844230.524537004,5.3329,59.8,2400020480,0x0
1786844231.578772781,5.0515,60.9,2400033792,0x0
1786844232.632584435,5.8204,60.4,2400023808,0x0
1786844233.687341637,5.8365,58.7,2400030464,0x0
1786844234.741516052,5.7181,59.3,2400023808,0x0
1786844235.795992466,4.8650,60.4,2400020480,0x0
1786844236.849607263,5.1977,59.8,2400027136,0x0
1786844237.902750771,5.2451,59.8,2400027136,0x0
1786844238.955706303,4.6651,59.8,2400023808,0x0
1786844240.009299385,5.6003,59.8,2400027136,0x0
1786844241.062925248,5.9937,61.5,2400020480,0x0
1786844242.116542836,5.5666,60.4,2400023808,0x0
1786844243.170158481,5.2222,60.4,2400023808,0x0
1786844244.222884158,5.8088,60.4,2400027136,0x0
1786844245.275871168,5.1077,61.5,2400023808,0x0
1786844246.328850921,5.5887,60.9,2400027136,0x0
1786844247.382014064,5.2084,62.0,2400020480,0x0
1786844248.435953441,5.9155,59.8,2400020480,0x0
1786844249.490079449,5.3127,59.8,2400020480,0x0
1786844250.544135219,5.1601,59.3,2400030464,0x0
1786844251.598846984,5.9855,61.5,2400020480,0x0
1786844252.653179219,5.7211,60.4,2400033792,0x0
1786844253.705773439,5.1453,60.4,2400030464,0x0
1786844254.758788323,5.0817,60.4,2400027136,0x0
1786844255.812413870,5.4848,60.9,2400020480,0x0
1786844256.865713997,5.7393,60.4,2400027136,0x0
1786844257.919090218,5.9001,60.9,2400023808,0x0
1786844258.971790597,5.1658,60.9,2400030464,0x0
1786844260.024920826,5.3536,59.8,2400023808,0x0
1786844261.077632525,5.0737,59.8,2400033792,0x0
1786844262.131812414,5.8867,62.6,2400027136,0x0
1786844263.185700124,5.0028,59.8,2400020480,0x0
1786844264.239463560,5.6829,60.4,2400020480,0x0
1786844265.293542643,5.7442,59.3,2400033792,0x0
1786844266.346866699,5.2117,59.8,2400020480,0x0
1786844267.400648772,5.2391,60.4,2400033792,0x0
1786844268.453361062,5.9231,61.5,2400027136,0x0
1786844269.508029982,5.2012,60.9,2400020480,0x0
1786844270.560968590,5.8642,60.4,2400033792,0x0
1786844271.614532193,4.9842,60.9,2400030464,0x0
1786844272.667473158,5.9354,60.9,2400030464,0x0
1786844273.720608048,5.5509,61.5,2400027136,0x0
1786844274.773229243,5.7581,61.5,2400033792,0x0
1786844275.826311584,5.0694,59.8,2400033792,0x0
1786844276.880280491,4.9194,60.4,2400020480,0x0
1786844277.933814869,5.1036,59.3,2400023808,0x0
1786844278.987762374,3.5562,60.4,2400020480,0x0
1786844280.041974156,5.8853,60.4,2400027136,0x0
1786844281.096110479,5.2016,60.4,2400023808,0x0
1786844282.149979548,5.1921,60.4,2400023808,0x0
1786844283.203134367,4.4624,60.4,2400033792,0x0
1786844284.256325985,5.3440,59.8,2400030464,0x0
1786844285.309459866,5.2754,60.9,2400020480,0x0
1786844286.363182983,5.9159,60.4,2400033792,0x0
1786844287.416393330,5.1526,59.8,2400030464,0x0
1786844288.469309960,6.1654,60.4,2400033792,0x0
1786844289.525020174,5.4289,59.3,2400027136,0x0
1786844290.579825344,4.6100,60.9,2400037120,0x0
1786844291.633641712,5.3404,61.5,2400023808,0x0
1786844292.687804838,5.0644,60.4,2400033792,0x0
1786844293.741083458,4.9345,60.4,2400023808,0x0
1786844294.794835223,4.8610,60.4,2400020480,0x0
1786844295.848670527,5.2845,59.3,2400030464,0x0
1786844296.904794011,4.8094,59.8,2400023808,0x0
1786844298.059705798,5.9721,59.8,2400020480,0x0
1786844299.113167705,4.6543,60.4,2400023808,0x0
1786844300.166390155,5.6063,60.4,2400030464,0x0
1786844301.219842438,4.9122,61.5,2400027136,0x0
1786844302.272872338,6.2487,59.8,2400030464,0x0
1786844303.327249986,4.8245,60.4,2400033792,0x0
1786844304.380651869,5.4703,60.4,2400037120,0x0
1786844305.433967903,5.2618,59.8,2400030464,0x0
1786844306.487828785,5.6215,60.9,2400033792,0x0
1786844307.541870760,5.3740,61.5,2400030464,0x0
1786844308.595325874,5.7897,60.4,2400020480,0x0
1786844309.649266669,5.5695,60.9,2400027136,0x0
1786844310.707591364,5.8871,62.6,2400020480,0x0
1786844311.761688773,5.6241,60.9,2400033792,0x0
1786844312.814843862,4.7191,60.9,2400027136,0x0
1786844313.868621131,5.8581,60.9,2400020480,0x0
1786844314.921304767,5.1159,62.6,2400020480,0x0
1786844315.974219273,5.6718,61.5,2400030464,0x0
1786844317.029194277,5.1358,58.7,2400030464,0x0
1786844318.082136120,5.2519,62.6,2400023808,0x0
1786844319.135924252,5.1690,60.4,2400020480,0x0
1786844320.190454434,5.7673,60.9,2400037120,0x0
1786844321.244112499,5.2078,61.5,2400033792,0x0
1786844322.298997107,5.2342,62.6,2400027136,0x0
1786844323.353038320,5.6873,59.3,2400027136,0x0
1786844324.407021054,5.2611,60.4,2400023808,0x0
1786844325.460275558,5.5907,60.4,2400020480,0x0
1786844326.513735709,5.2174,60.9,2400030464,0x0
1786844327.567188234,5.9300,60.4,2400023808,0x0
1786844328.622441537,5.0577,59.8,2400020480,0x0
1786844329.676022638,6.1366,59.8,2400027136,0x0
1786844330.730252494,5.5640,60.4,2400020480,0x0
1786844331.783315753,5.5692,59.8,2400020480,0x0
1786844332.837726778,5.4004,60.4,2400020480,0x0
1786844333.891315184,5.8408,61.5,2400033792,0x0
1786844334.945886693,6.1322,60.9,2400033792,0x0
1786844336.000569147,6.0314,60.4,2400030464,0x0
1786844337.055004791,5.2098,59.8,2400033792,0x0
1786844338.108679483,5.8080,61.5,2400033792,0x0
1786844339.161233819,5.0298,60.9,2400020480,0x0
1786844340.215236493,5.7515,60.9,2400033792,0x0
1786844341.269301335,5.4053,60.9,2400030464,0x0
1786844342.323057849,5.0013,60.9,2400033792,0x0
1786844343.376647052,5.7493,59.8,2400023808,0x0
1786844344.429704634,4.9004,60.4,2400023808,0x0
1786844345.483181954,5.3349,60.9,2400023808,0x0
1786844346.536823237,4.6847,60.9,2400030464,0x0
1786844347.590928518,5.7177,61.5,2400030464,0x0
1786844348.645774885,4.9558,59.8,2400030464,0x0
1786844349.699182492,5.2332,60.4,2400030464,0x0
1786844350.753033392,5.2727,60.4,2400023808,0x0
1786844351.806916776,4.3203,62.0,2400030464,0x0
1786844352.860396833,5.6057,60.4,2400020480,0x0
1786844353.914208018,5.9318,60.9,2400033792,0x0
1786844354.968833474,4.9631,60.4,2400027136,0x0
1786844356.022273426,5.4830,59.8,2400033792,0x0
1786844357.076475725,5.4323,61.5,2400023808,0x0
1786844358.131459294,5.5040,62.6,2400030464,0x0
1786844359.185702189,5.4941,59.8,2400020480,0x0
1786844360.239857382,5.8417,60.4,2400030464,0x0
1786844361.292892054,5.3614,62.6,2400020480,0x0
1786844362.346733403,4.3588,60.4,2400027136,0x0
1786844363.401410968,5.2478,60.4,2400030464,0x0
1786844364.456165441,5.7676,63.1,2400030464,0x0
1786844365.510845806,5.7042,62.6,2400033792,0x0
1786844366.565386471,5.8121,61.5,2400023808,0x0
1786844367.619893286,5.2533,60.9,2400027136,0x0
1786844368.672999230,5.2278,61.5,2400023808,0x0
1786844369.726511468,5.7514,60.9,2400033792,0x0
1786844370.779724377,5.0526,61.5,2400023808,0x0
1786844371.832493812,5.4752,60.4,2400027136,0x0
1786844372.885474377,4.9779,60.9,2400027136,0x0
1786844373.939079751,5.2963,63.7,2400027136,0x0
1786844374.992920847,5.4378,61.5,2400027136,0x0
1786844376.046451356,5.0064,61.5,2400020480,0x0
1786844377.100898875,6.0415,60.9,2400030464,0x0
1786844378.155332823,5.9167,61.5,2400023808,0x0
1786844379.209873475,5.3526,62.0,2400020480,0x0
1786844380.263969559,4.6166,61.5,2400020480,0x0
1786844381.317324636,5.1582,62.0,2400020480,0x0
1786844382.371437872,5.7730,62.0,2400033792,0x0
1786844383.427619033,5.8194,60.4,2400023808,0x0
1786844384.481164465,5.2501,60.9,2400030464,0x0
1786844385.534479216,3.8470,61.5,2400020480,0x0
1786844386.587706396,4.7356,59.8,2400033792,0x0
1786844387.641022670,5.3514,59.8,2400020480,0x0
1786844388.695160788,5.1554,61.5,2400030464,0x0
1786844389.748089718,5.9220,61.5,2400033792,0x0
1786844390.801007428,5.2429,61.5,2400020480,0x0
1786844391.855147386,5.7124,59.3,2400030464,0x0
1786844392.909661249,4.8566,60.4,2400033792,0x0
1786844393.963621564,4.9784,60.4,2400020480,0x0
1786844395.018372984,3.2285,60.4,2400033792,0x0
1786844396.072608615,5.8595,59.8,2400020480,0x0
1786844397.126836470,5.6220,60.4,2400027136,0x0
1786844398.181093012,4.4508,61.5,2400033792,0x0
1786844399.234671008,5.8832,60.9,2400033792,0x0
1786844400.287426533,5.1725,61.5,2400027136,0x0
1786844401.340511150,5.9180,59.8,2400020480,0x0
1786844402.393527231,4.9381,60.9,2400030464,0x0
1786844403.446274503,5.7418,59.8,2400027136,0x0
1786844404.500407261,5.8123,60.4,2400023808,0x0
1786844405.553779604,5.8993,61.5,2400027136,0x0
1786844406.608128309,5.8694,61.5,2400030464,0x0
1786844407.662919418,5.5724,60.9,2400023808,0x0
1786844408.717020629,5.2855,61.5,2400030464,0x0
1786844409.771360635,5.3529,61.5,2400033792,0x0
1786844410.825786902,5.6964,61.5,2400023808,0x0
1786844411.879724101,5.3544,60.9,2400020480,0x0
1786844412.933515916,5.8995,59.8,2400027136,0x0
1786844413.988594125,4.6583,63.1,2400027136,0x0
1786844415.042355351,5.8574,61.5,2400027136,0x0
1786844416.096124745,5.1807,60.9,2400027136,0x0
1786844417.149713995,5.8121,60.9,2400020480,0x0
1786844418.203293580,5.2620,61.5,2400020480,0x0
1786844419.257543919,5.4980,62.6,2400027136,0x0
1786844420.311510800,5.4550,61.5,2400023808,0x0
1786844421.365595237,5.1224,60.9,2400033792,0x0
1786844422.419886822,5.5513,61.5,2400020480,0x0
1786844423.473191493,5.9691,61.5,2400033792,0x0
1786844424.526447945,4.9217,60.9,2400027136,0x0
1786844425.581270270,5.8869,61.5,2400027136,0x0
1786844426.637189456,5.1022,60.4,2400023808,0x0
1786844427.690398506,5.0025,60.4,2400023808,0x0
1786844428.743691890,5.7271,62.6,2400023808,0x0
1786844429.797223514,5.3782,60.9,2400020480,0x0
1786844430.850769566,5.6906,61.5,2400033792,0x0
1786844431.904862151,5.3131,60.4,2400023808,0x0
1786844432.957178664,5.6458,61.5,2400030464,0x0
1786844434.010576167,5.5515,61.5,2400037120,0x0
1786844435.064939421,4.9969,62.0,2400027136,0x0
1786844436.118963810,5.0874,62.6,2400037120,0x0
1786844437.172878831,5.2418,60.4,2400027136,0x0
1786844438.226698226,5.4031,60.9,2400033792,0x0
1786844439.280977247,5.8404,61.5,2400033792,0x0
1786844440.336128075,4.9141,61.5,2400030464,0x0
1786844441.391094537,5.1850,61.5,2400027136,0x0
1786844442.445393933,5.9256,62.6,2400023808,0x0
1786844443.498929451,4.9522,60.9,2400027136,0x0
1786844444.551927199,5.6984,63.1,2400023808,0x0
1786844445.604939781,5.1704,60.9,2400023808,0x0
1786844446.658294935,5.5857,60.4,2400027136,0x0
1786844447.711938570,5.4278,60.9,2400027136,0x0
1786844448.765222766,5.8663,61.5,2400033792,0x0
1786844449.819437583,5.6089,62.6,2400030464,0x0
1786844450.874001212,5.8183,60.9,2400030464,0x0
1786844451.928858915,5.6492,60.9,2400033792,0x0
1786844452.983652601,5.1821,61.5,2400020480,0x0
1786844454.038003553,5.7718,61.5,2400020480,0x0
1786844455.091819624,5.2866,60.9,2400033792,0x0
1786844456.145581605,5.7113,61.5,2400023808,0x0
1786844457.200663536,5.3818,60.4,2400020480,0x0
1786844458.254696202,5.9394,60.9,2400027136,0x0
1786844459.310439370,4.0974,61.5,2400023808,0x0
1786844460.364418984,5.9097,62.6,2400030464,0x0
1786844461.419664791,4.5069,61.5,2400027136,0x0
1786844462.473723315,5.3033,61.5,2400037120,0x0
1786844463.528251503,5.5902,60.4,2400020480,0x0
1786844464.583133430,4.9608,60.9,2400020480,0x0
1786844465.638182448,5.5127,60.4,2400027136,0x0
1786844466.691421803,5.0337,61.5,2400030464,0x0
1786844467.744664086,5.3454,60.9,2400027136,0x0
1786844468.799120838,6.0193,62.0,2400030464,0x0
1786844469.854132142,5.3337,61.5,2400030464,0x0
1786844470.908665601,5.7195,61.5,2400027136,0x0
1786844471.963220339,6.1096,62.6,2400020480,0x0
1786844473.018265573,5.3251,61.5,2400033792,0x0
1786844474.071471958,5.8231,60.9,2400023808,0x0
1786844475.126070719,5.1965,61.5,2400023808,0x0
1786844476.179260608,5.2481,61.5,2400023808,0x0
1786844477.234713512,5.2515,60.4,2400020480,0x0
1786844478.289224278,4.8613,59.8,2400020480,0x0
1786844479.342891223,5.6696,60.4,2400033792,0x0
1786844480.396812425,5.1106,60.9,2400023808,0x0
1786844481.450575001,5.5832,60.4,2400033792,0x0
1786844482.503911565,5.9078,60.4,2400020480,0x0
1786844483.558022233,5.3626,60.4,2400033792,0x0
1786844484.612614157,5.3974,61.5,2400033792,0x0
1786844485.767539861,5.1528,61.5,2400023808,0x0
1786844486.820642064,5.8004,60.4,2400033792,0x0
1786844487.875497379,5.3737,62.0,2400030464,0x0
1786844488.929248874,4.9657,61.5,2400030464,0x0
1786844489.982113454,5.3938,62.0,2400023808,0x0
1786844491.036829812,5.2277,60.9,2400020480,0x0
1786844492.090841606,5.0899,62.0,2400033792,0x0
1786844493.144866327,5.1614,60.9,2400027136,0x0
1786844494.198680218,5.3125,61.5,2400033792,0x0
1786844495.253323769,5.2550,60.9,2400027136,0x0
1786844496.306890018,5.6542,62.6,2400030464,0x0
1786844497.361799402,5.8300,60.9,2400020480,0x0
1786844498.416021666,5.2690,61.5,2400023808,0x0
1786844499.469023685,5.7079,61.5,2400030464,0x0
1786844500.523079490,5.7654,60.9,2400023808,0x0
1786844501.576298973,5.1792,61.5,2400027136,0x0
1786844502.629572790,4.9189,63.1,2400030464,0x0
1786844503.682129283,4.9098,61.5,2400023808,0x0
1786844504.735511880,5.5818,61.5,2400030464,0x0
1786844505.789843931,5.9713,60.4,2400027136,0x0
1786844506.844844847,4.0523,62.0,2400023808,0x0
1786844507.899466638,5.7258,62.6,2400020480,0x0
1786844508.954756999,5.9275,61.5,2400023808,0x0
1786844510.008777134,5.7277,61.5,2400033792,0x0
1786844511.063639409,5.1584,61.5,2400023808,0x0
1786844512.118494297,5.2517,61.5,2400030464,0x0
1786844513.172147996,5.1440,61.5,2400027136,0x0
1786844514.226294210,5.0260,62.0,2400033792,0x0
1786844515.280625219,5.1323,62.0,2400023808,0x0
1786844516.333418691,6.2123,60.9,2400033792,0x0
1786844517.386623494,5.2221,61.5,2400033792,0x0
1786844518.440610882,4.9469,60.9,2400033792,0x0
1786844519.493545579,5.7371,62.6,2400030464,0x0
1786844520.545730489,5.9501,60.9,2400027136,0x0
1786844521.600224895,5.8555,61.5,2400033792,0x0
1786844522.654679395,5.8110,59.8,2400027136,0x0
1786844523.708938991,6.0130,60.9,2400020480,0x0
1786844524.763578141,5.0836,60.9,2400027136,0x0
1786844525.816916194,5.5861,61.5,2400033792,0x0
1786844526.870457636,5.8928,60.4,2400020480,0x0
1786844527.924029431,5.1977,60.4,2400023808,0x0
1786844528.977230657,4.4993,62.0,2400030464,0x0
1786844530.031352968,5.6584,59.8,2400030464,0x0
1786844531.086522491,5.1799,60.4,2400020480,0x0
1786844532.139546483,5.2780,59.8,2400020480,0x0
1786844533.193027175,5.2167,60.4,2400023808,0x0
1786844534.247240324,4.9531,62.0,2400037120,0x0
1786844535.300974776,5.2664,61.5,2400027136,0x0
1786844536.354411380,4.9975,59.8,2400027136,0x0
1786844537.407636173,5.2069,60.4,2400027136,0x0
1786844538.461293723,4.9906,60.4,2400033792,0x0
1786844539.514685295,5.3611,62.0,2400030464,0x0
1786844540.567884241,4.9808,60.4,2400027136,0x0
1786844541.623866603,5.3742,61.5,2400027136,0x0
1786844542.677153718,5.6077,60.9,2400030464,0x0
1786844543.730977958,5.3171,61.5,2400030464,0x0
1786844544.785474526,4.5713,61.5,2400030464,0x0
1786844545.839506619,5.4872,62.6,2400033792,0x0
1786844546.892835276,5.9240,60.9,2400027136,0x0
1786844547.947185257,5.2586,60.9,2400023808,0x0
1786844549.000732414,5.1799,60.4,2400037120,0x0
1786844550.153583057,5.3342,61.5,2400033792,0x0
1786844551.206781147,5.5165,60.9,2400027136,0x0
1786844552.260308884,5.6816,61.5,2400023808,0x0
1786844553.313572884,5.8122,61.5,2400023808,0x0
1786844554.368352017,5.7075,60.4,2400023808,0x0
1786844555.422171551,5.4064,60.4,2400020480,0x0
1786844556.476615727,4.9942,60.4,2400023808,0x0
1786844557.529828881,5.6301,60.4,2400033792,0x0
1786844558.583033648,5.2435,59.8,2400020480,0x0
1786844559.635970012,5.8636,59.8,2400020480,0x0
1786844560.688947524,5.6646,58.7,2400027136,0x0
1786844561.741557986,5.9570,61.5,2400030464,0x0
1786844562.794749351,5.8407,59.8,2400020480,0x0
1786844563.849275315,5.9408,60.4,2400023808,0x0
1786844564.903399432,5.7303,60.9,2400033792,0x0
1786844565.957571772,5.6978,60.4,2400020480,0x0
1786844567.012214090,5.2341,60.4,2400023808,0x0
1786844568.066124621,5.7877,60.4,2400027136,0x0
1786844569.119420197,5.1739,60.9,2400033792,0x0
1786844570.172799422,5.9479,60.4,2400033792,0x0
1786844571.226885566,5.1877,60.4,2400020480,0x0
1786844572.280260367,4.6637,60.4,2400030464,0x0
1786844573.333375414,4.9594,60.4,2400023808,0x0
1786844574.386353000,5.5862,60.4,2400023808,0x0
1786844575.439237273,4.9420,60.9,2400023808,0x0
1786844576.493349609,3.8571,61.5,2400027136,0x0
1786844577.546547512,4.9650,60.4,2400037120,0x0
1786844578.600218948,5.2019,60.4,2400033792,0x0
1786844579.654214919,5.0964,59.8,2400027136,0x0
1786844580.707490343,5.0005,61.5,2400023808,0x0
1786844581.761331022,4.7810,60.9,2400023808,0x0
1786844582.814243083,5.9101,60.4,2400023808,0x0
1786844583.867960951,4.9829,60.9,2400020480,0x0
1786844584.921408953,5.8531,61.5,2400030464,0x0
1786844585.975397320,5.8195,61.5,2400020480,0x0
1786844587.028998935,5.3755,59.8,2400033792,0x0
1786844588.081483228,5.2191,59.8,2400033792,0x0
1786844589.134888014,5.1006,61.5,2400033792,0x0
1786844590.187081313,6.1550,59.8,2400030464,0x0
1786844591.240844227,4.6621,60.4,2400027136,0x0
1786844592.293928891,5.6141,61.5,2400033792,0x0
1786844593.348489928,5.6215,60.4,2400020480,0x0
1786844594.402324827,5.7387,60.4,2400020480,0x0
1786844595.455845452,5.8905,60.4,2400023808,0x0
1786844596.509481059,5.7907,60.4,2400020480,0x0
1786844597.563475405,5.2979,60.4,2400027136,0x0
1786844598.616880091,5.8540,60.9,2400030464,0x0
1786844599.671377155,5.8640,60.4,2400020480,0x0
1786844600.725635835,5.2122,60.4,2400033792,0x0
1786844601.778795120,5.1371,58.7,2400023808,0x0
1786844602.933103877,5.7406,59.8,2400023808,0x0
1786844603.986687105,5.4100,59.8,2400030464,0x0
1786844605.039994430,4.6325,59.8,2400027136,0x0
1786844606.092507134,6.1800,60.4,2400027136,0x0
1786844607.147163466,6.2091,58.7,2400033792,0x0
1786844608.201772392,5.7547,60.9,2400033792,0x0
1786844609.256289579,5.7896,61.5,2400033792,0x0
1786844610.310048683,5.0935,61.5,2400027136,0x0
1786844611.365017794,5.2580,60.9,2400027136,0x0
1786844612.418378534,5.4645,61.5,2400030464,0x0
1786844613.471973514,5.7258,61.5,2400033792,0x0
1786844614.525284202,5.4169,60.9,2400033792,0x0
1786844615.578409708,5.8034,60.9,2400027136,0x0
1786844616.632059950,5.4716,62.6,2400027136,0x0
1786844617.685387308,5.5329,60.9,2400020480,0x0
1786844618.739054442,5.8025,61.5,2400020480,0x0
1786844619.791920363,5.9028,61.5,2400023808,0x0
1786844620.847357573,5.0228,60.9,2400030464,0x0
1786844621.901372762,5.5132,62.6,2400027136,0x0
1786844622.955054826,5.4616,60.9,2400033792,0x0
1786844624.008037454,5.2589,62.0,2400033792,0x0
1786844625.062690159,4.7514,61.5,2400020480,0x0
1786844626.116579095,5.6824,62.0,2400030464,0x0
1786844627.170062240,5.3235,61.5,2400027136,0x0
1786844628.223590664,4.7698,60.4,2400023808,0x0
1786844629.277063997,5.7032,59.3,2400027136,0x0
1786844630.330874735,5.1988,59.3,2400023808,0x0
1786844631.383401674,5.8119,60.4,2400023808,0x0
1786844632.436506607,5.0190,60.4,2400033792,0x0
1786844633.489964593,5.7339,60.4,2400027136,0x0
1786844634.542735347,5.6156,60.4,2400033792,0x0
1786844635.597177455,5.6692,59.8,2400027136,0x0
1786844636.651295234,5.7448,60.9,2400030464,0x0
1786844637.705306626,5.7304,59.3,2400023808,0x0
1786844638.759144559,5.1688,60.4,2400030464,0x0
1786844639.816392476,5.3800,60.4,2400027136,0x0
1786844640.870166967,4.4988,60.9,2400023808,0x0
1786844641.923362632,5.3277,60.9,2400020480,0x0
1786844642.977435160,5.4101,61.5,2400020480,0x0
1786844644.031656724,5.6534,60.9,2400030464,0x0
1786844645.085550571,5.8922,62.6,2400030464,0x0
1786844646.139222847,5.1747,61.5,2400023808,0x0
1786844647.195275025,5.4854,60.4,2400020480,0x0
1786844648.351641837,5.8573,59.8,2400033792,0x0
1786844649.404073223,5.7518,60.9,2400030464,0x0
1786844650.460796842,4.3990,61.5,2400020480,0x0
1786844651.517330705,5.2191,60.9,2400033792,0x0
1786844652.672650848,4.5353,59.8,2400033792,0x0
1786844653.726208115,5.4945,62.6,2400023808,0x0
1786844654.780488043,5.2047,63.1,2400020480,0x0
1786844655.834680954,5.6448,60.4,2400027136,0x0
1786844656.888629165,5.0637,60.9,2400020480,0x0
1786844657.941838959,5.6740,60.9,2400030464,0x0
1786844658.995281177,5.1925,61.5,2400027136,0x0
1786844660.047741037,5.2376,59.8,2400023808,0x0
1786844661.101007167,5.6056,59.8,2400030464,0x0
1786844662.154810571,5.9810,60.4,2400030464,0x0
1786844663.206220223,3.2137,61.5,2400027136,0x0
1786844664.258670087,5.2702,61.5,2400023808,0x0
1786844665.312921267,4.9296,61.5,2400023808,0x0
1786844666.366419826,5.6017,61.5,2400030464,0x0
1786844667.420746600,5.7172,59.3,2400030464,0x0
1786844668.474875544,4.9526,61.5,2400027136,0x0
1786844669.528145535,5.0162,61.5,2400027136,0x0
1786844670.581262196,5.6431,60.9,2400020480,0x0
1786844671.635392865,5.7224,60.9,2400033792,0x0
1786844672.690097771,5.8298,60.9,2400033792,0x0
1786844673.743352674,5.9174,60.4,2400033792,0x0
1786844674.796603152,4.7307,61.5,2400030464,0x0
1786844675.849939057,5.9255,60.4,2400020480,0x0
1786844676.902885281,5.0165,60.4,2400023808,0x0
1786844677.956620295,5.5747,59.8,2400030464,0x0
1786844679.010190034,5.2348,60.4,2400020480,0x0
1786844680.064016919,5.3442,60.9,2400020480,0x0
1786844681.116876741,5.2343,61.5,2400020480,0x0
1786844682.170044376,5.6504,59.8,2400020480,0x0
1786844683.223258475,5.2491,61.5,2400030464,0x0
1786844684.276786961,6.0003,59.8,2400030464,0x0
1786844685.330569963,5.6975,59.8,2400027136,0x0
1786844686.383392421,4.6232,60.9,2400020480,0x0
1786844687.436209195,5.2330,60.4,2400023808,0x0
1786844688.489068636,5.0869,59.3,2400030464,0x0
1786844689.541761469,5.1749,60.4,2400027136,0x0
1786844690.594790262,4.5886,60.4,2400027136,0x0
1786844691.647841779,5.2564,61.5,2400027136,0x0
1786844692.700337173,5.1866,61.5,2400020480,0x0
1786844693.754642697,5.0840,60.9,2400020480,0x0
1786844694.807678939,4.8338,60.4,2400023808,0x0
1786844695.861628895,5.8907,62.6,2400023808,0x0
1786844696.915610518,5.7869,60.4,2400023808,0x0
1786844697.969486773,5.3816,60.9,2400027136,0x0
1786844699.022661388,4.5645,60.4,2400030464,0x0
1786844700.076355388,5.9157,62.6,2400033792,0x0
1786844701.129733466,5.7029,60.4,2400020480,0x0
1786844702.182470182,5.6987,60.4,2400020480,0x0
1786844703.235408693,4.7776,60.9,2400023808,0x0
1786844704.287739304,3.2191,59.8,2400027136,0x0
1786844705.340783982,5.3706,59.8,2400030464,0x0
1786844706.393988346,5.0713,60.9,2400027136,0x0
1786844707.447204876,5.2154,59.8,2400027136,0x0
1786844708.501097882,5.4198,60.4,2400033792,0x0
1786844709.555285387,5.6955,59.3,2400023808,0x0
1786844710.609044470,4.2880,61.5,2400030464,0x0
1786844711.662435337,4.4538,62.0,2400033792,0x0
1786844712.715668187,5.8971,59.8,2400023808,0x0
1786844713.769852029,5.1515,60.4,2400033792,0x0
1786844714.823814911,4.9228,60.9,2400027136,0x0
1786844715.876884563,5.6918,61.5,2400027136,0x0
1786844716.930060029,5.2945,60.4,2400033792,0x0
1786844717.982976369,5.9251,59.8,2400020480,0x0
1786844719.037811654,5.1594,60.9,2400027136,0x0
1786844720.091182418,5.2640,60.9,2400023808,0x0
1786844721.149024840,5.2245,61.5,2400030464,0x0
1786844722.203579167,5.2133,60.9,2400027136,0x0
1786844723.257413281,5.2747,60.4,2400030464,0x0
1786844724.311181452,5.8150,60.4,2400027136,0x0
1786844725.364515443,5.6494,60.4,2400030464,0x0
1786844726.418573725,5.2235,60.4,2400023808,0x0
1786844727.471582481,5.0509,60.9,2400023808,0x0
1786844728.523828931,5.0309,60.4,2400023808,0x0
1786844729.577487775,5.9505,59.8,2400030464,0x0
1786844730.632482347,4.7754,61.5,2400030464,0x0
1786844731.685060518,5.8692,61.5,2400027136,0x0
1786844732.738618922,4.4780,58.7,2400030464,0x0
1786844733.791735850,5.8710,60.9,2400023808,0x0
1786844734.845469327,4.8915,60.9,2400027136,0x0
1786844735.898548887,5.9015,60.4,2400030464,0x0
1786844736.952530475,5.7496,61.5,2400033792,0x0
1786844738.006155679,5.6052,60.4,2400027136,0x0
1786844739.060647931,5.8092,59.8,2400030464,0x0
1786844740.114507394,4.8663,60.4,2400020480,0x0
1786844741.167763142,4.9840,58.7,2400023808,0x0
1786844742.221395942,5.9364,60.4,2400023808,0x0
1786844743.275320000,5.4400,61.5,2400020480,0x0
1786844744.328857822,5.2024,60.9,2400020480,0x0
1786844745.382097722,5.0872,60.9,2400033792,0x0
1786844746.436517425,5.6938,59.8,2400023808,0x0
1786844747.490729169,5.8279,60.4,2400023808,0x0
1786844748.543057693,4.9266,60.4,2400027136,0x0
1786844749.597896228,5.5344,60.9,2400033792,0x0
1786844750.652942466,5.4759,60.4,2400030464,0x0
1786844751.706712719,5.4334,59.8,2400030464,0x0
1786844752.761270427,5.3410,58.7,2400033792,0x0
1786844753.815662267,5.1387,60.4,2400030464,0x0
1786844754.868824102,6.1097,60.9,2400023808,0x0
1786844755.922859559,5.9813,60.9,2400027136,0x0
1786844756.976400263,5.1790,59.8,2400020480,0x0
1786844758.029477010,4.9015,59.8,2400027136,0x0
1786844759.083895225,5.1999,58.7,2400023808,0x0
1786844760.137199897,5.2159,60.4,2400027136,0x0
1786844761.190849955,5.1819,60.4,2400023808,0x0
1786844762.244281443,5.7645,59.8,2400033792,0x0
1786844763.296695053,5.0928,60.4,2400033792,0x0
1786844764.350159412,6.1204,59.8,2400030464,0x0
1786844765.405996044,6.1560,60.9,2400030464,0x0
1786844766.460076955,6.0613,59.8,2400030464,0x0
1786844767.513858443,5.9423,59.8,2400020480,0x0
1786844768.568255482,4.7461,60.9,2400023808,0x0
1786844769.621856863,5.2629,61.5,2400027136,0x0
1786844770.675136063,4.9074,61.5,2400023808,0x0
1786844771.728486319,5.6598,60.9,2400023808,0x0
1786844772.782952268,4.5021,60.9,2400030464,0x0
1786844773.835952511,5.4901,59.8,2400020480,0x0
1786844774.889436861,5.5869,59.3,2400030464,0x0
1786844775.942207090,5.8967,60.4,2400023808,0x0
1786844776.995256464,5.0128,60.4,2400033792,0x0
1786844778.048538171,5.6821,60.9,2400027136,0x0
1786844779.097179205,5.5585,59.8,2400027136,0x0
1786844780.150254841,5.2120,60.4,2400030464,0x0
1786844781.204462208,4.6199,59.8,2400023808,0x0
1786844782.258195709,5.0143,60.4,2400023808,0x0
1786844783.311707696,5.8879,60.9,2400023808,0x0
1786844784.364684819,5.2453,60.9,2400023808,0x0
1786844785.418638191,5.1895,60.9,2400033792,0x0
1786844786.471288986,4.9688,60.4,2400020480,0x0
1786844787.525060084,5.2539,59.3,2400033792,0x0
1786844788.578541242,5.2814,59.8,2400023808,0x0
1786844789.631503795,5.3337,59.3,2400033792,0x0
1786844790.684848790,5.3411,60.9,2400020480,0x0
1786844791.738407987,5.2806,60.4,2400030464,0x0
1786844792.791709835,5.5576,58.7,2400030464,0x0
1786844793.846071267,5.7115,62.0,2400027136,0x0
1786844794.899556596,5.7272,62.0,2400020480,0x0
1786844795.953308591,5.5022,59.8,2400030464,0x0
1786844797.107583194,3.4137,59.8,2400020480,0x0
1786844798.161442412,5.8741,61.5,2400020480,0x0
1786844799.214551101,5.6165,60.9,2400020480,0x0
1786844800.267966214,4.8936,60.4,2400023808,0x0
1786844801.321359476,5.5980,60.4,2400020480,0x0
1786844802.375587323,5.2506,59.3,2400020480,0x0
1786844803.428714349,5.8612,61.5,2400027136,0x0
1786844804.482427314,4.9244,60.9,2400023808,0x0
1786844805.535683433,5.7333,59.8,2400027136,0x0
1786844806.590127559,5.2656,60.4,2400030464,0x0
1786844807.642702854,5.7433,60.4,2400037120,0x0
1786844808.697332813,5.8687,60.4,2400030464,0x0
1786844809.751281576,5.0338,60.9,2400033792,0x0
1786844810.804414719,4.9896,60.9,2400020480,0x0
1786844811.858425817,5.3801,60.4,2400030464,0x0
1786844812.911546277,5.2981,60.4,2400033792,0x0
1786844813.964435684,5.8917,59.8,2400020480,0x0
1786844815.018351081,5.3021,59.8,2400020480,0x0
1786844816.072236036,4.8860,59.8,2400020480,0x0
1786844817.125521719,5.5921,60.9,2400023808,0x0
1786844818.178612591,4.9083,61.5,2400030464,0x0
1786844819.232566214,5.1537,60.9,2400027136,0x0
1786844820.285548088,5.7439,62.6,2400023808,0x0
1786844821.340932364,5.1171,60.4,2400020480,0x0
1786844822.395348078,5.2305,60.4,2400027136,0x0
1786844823.450055140,4.9978,59.8,2400037120,0x0
1786844824.504015878,5.1695,60.9,2400027136,0x0
1786844825.557289643,4.9750,60.9,2400020480,0x0
1786844826.611254234,5.8216,60.4,2400027136,0x0
1786844827.666130965,4.9572,62.0,2400027136,0x0
1786844828.720407815,5.3006,60.4,2400030464,0x0
1786844829.773316253,5.6274,60.9,2400033792,0x0
1786844830.827608807,5.0475,60.4,2400020480,0x0
1786844831.881125130,5.3194,61.5,2400023808,0x0
1786844832.934279197,5.7423,60.9,2400020480,0x0
1786844833.987439451,4.9625,61.5,2400023808,0x0
1786844835.041977562,5.1765,60.4,2400033792,0x0
1786844836.094854135,5.7043,59.8,2400020480,0x0
1786844837.149400321,5.8437,60.4,2400023808,0x0
1786844838.203429588,5.5981,61.5,2400020480,0x0
1786844839.257559372,5.9011,58.7,2400020480,0x0
1786844840.311644659,5.1953,61.5,2400027136,0x0
1786844841.365900333,5.2650,59.8,2400033792,0x0
1786844842.419079185,4.5840,60.4,2400020480,0x0
1786844843.472602313,5.7396,61.5,2400033792,0x0
1786844844.527051895,5.5799,60.4,2400030464,0x0
1786844845.580293360,5.2010,60.9,2400020480,0x0
1786844846.635293364,5.1776,61.5,2400027136,0x0
1786844847.688983104,5.7310,61.5,2400033792,0x0
1786844848.742155350,5.2592,60.9,2400023808,0x0
1786844849.796104923,5.8379,60.4,2400033792,0x0
1786844850.849280911,5.0857,60.9,2400037120,0x0
1786844851.903137227,5.4038,59.3,2400020480,0x0
1786844852.956807842,5.6489,60.9,2400027136,0x0
1786844854.010312681,5.7058,59.3,2400023808,0x0
1786844855.064922028,4.5422,60.9,2400023808,0x0
1786844856.118357129,5.6574,60.9,2400020480,0x0
1786844857.172579816,4.9030,60.4,2400020480,0x0
1786844858.226472617,5.4388,60.4,2400027136,0x0
1786844859.280487067,5.5502,60.9,2400027136,0x0
1786844860.334684959,5.8104,60.4,2400030464,0x0
1786844861.387762216,5.9105,60.4,2400033792,0x0
1786844862.441087489,5.1617,61.5,2400027136,0x0
1786844863.494521244,5.9002,61.5,2400030464,0x0
1786844864.547531800,5.7880,59.8,2400033792,0x0
1786844865.604415928,5.4401,60.9,2400023808,0x0
1786844866.658705509,5.1333,61.5,2400027136,0x0
1786844867.712664558,5.0454,60.4,2400030464,0x0
1786844868.767602134,5.6758,61.5,2400027136,0x0
1786844869.822469138,6.1072,61.5,2400037120,0x0
1786844870.876777241,5.3425,61.5,2400027136,0x0
1786844871.931152066,5.6534,60.4,2400033792,0x0
1786844872.984932305,5.7080,60.9,2400023808,0x0
1786844874.038784952,5.8137,60.9,2400027136,0x0
1786844875.091616221,5.2096,60.9,2400033792,0x0
1786844876.146244398,5.0384,60.4,2400027136,0x0
1786844877.199697718,5.5784,60.9,2400027136,0x0
1786844878.252491860,5.3831,60.9,2400020480,0x0
1786844879.305584963,5.8509,60.9,2400033792,0x0
1786844880.360745120,5.4784,60.9,2400023808,0x0
1786844881.415302431,5.5987,60.4,2400027136,0x0
1786844882.469824633,5.8839,59.8,2400020480,0x0
1786844883.524067578,4.9789,60.4,2400023808,0x0
1786844884.578887371,5.1645,62.0,2400033792,0x0
1786844885.633108430,5.3397,60.9,2400027136,0x0
1786844886.686714143,5.7246,59.8,2400023808,0x0
1786844887.741469068,5.2168,60.4,2400027136,0x0
1786844888.794160386,3.9928,61.5,2400020480,0x0
1786844889.848072728,5.3231,61.5,2400033792,0x0
1786844890.901805610,4.0193,61.5,2400027136,0x0
1786844891.955044110,5.5107,62.0,2400030464,0x0
1786844893.008550755,5.6695,61.5,2400020480,0x0
1786844894.065062388,4.7544,60.9,2400033792,0x0
1786844895.119269306,5.1084,60.4,2400030464,0x0
1786844896.173791387,5.2306,60.4,2400030464,0x0
1786844897.227303776,4.5546,60.9,2400020480,0x0
1786844898.280872646,5.4621,60.9,2400030464,0x0
1786844899.334945605,5.3708,60.4,2400027136,0x0
1786844900.389018397,5.8663,60.9,2400020480,0x0
1786844901.444306993,5.3276,60.9,2400030464,0x0
1786844902.497134374,5.4492,60.9,2400030464,0x0
1786844903.652127094,5.5477,60.4,2400020480,0x0
1786844904.807634495,5.9761,59.8,2400033792,0x0
1786844905.862681078,4.8389,60.4,2400020480,0x0
1786844906.916259713,4.6574,59.8,2400030464,0x0
1786844907.968968321,5.2681,60.9,2400037120,0x0
1786844909.023844260,5.4811,59.8,2400030464,0x0
1786844910.077477860,5.5682,60.4,2400033792,0x0
1786844911.130964110,5.4731,62.0,2400030464,0x0
1786844912.188874371,5.8361,60.9,2400027136,0x0
1786844913.242715082,5.7463,61.5,2400033792,0x0
1786844914.295571693,5.2195,61.5,2400023808,0x0
1786844915.348959151,5.7143,60.4,2400027136,0x0
1786844916.403399024,5.6881,61.5,2400020480,0x0
1786844917.457551068,5.0254,61.5,2400020480,0x0
1786844918.510718419,6.2356,60.9,2400027136,0x0
1786844919.564492969,5.5159,60.9,2400023808,0x0
1786844920.617799394,4.9061,62.6,2400030464,0x0
1786844921.672621267,3.4918,59.8,2400033792,0x0
1786844922.718315772,5.1419,60.4,2400033792,0x0
1786844923.772164582,5.1304,61.5,2400027136,0x0
1786844924.825582768,5.1948,60.4,2400030464,0x0
1786844925.879207601,5.0255,62.6,2400027136,0x0
1786844926.932262199,5.0247,58.7,2400030464,0x0
1786844927.985252873,5.9188,62.0,2400027136,0x0
1786844929.039197426,5.3795,59.8,2400030464,0x0
1786844930.092345952,5.2788,60.4,2400027136,0x0
1786844931.146145934,6.0623,61.5,2400023808,0x0
1786844932.199029056,5.8913,62.0,2400027136,0x0
1786844933.252268472,5.6088,59.3,2400020480,0x0
1786844934.305786070,5.1135,60.9,2400033792,0x0
1786844935.359244429,5.8761,59.8,2400027136,0x0
1786844936.411130675,5.6633,60.4,2400023808,0x0
1786844937.465709821,3.4311,60.9,2400030464,0x0
1786844938.520155653,5.6820,60.4,2400030464,0x0
1786844939.574144120,5.7235,59.8,2400023808,0x0
1786844940.628161792,5.9895,61.5,2400030464,0x0
1786844941.682597830,5.3444,59.8,2400020480,0x0
1786844942.735799455,5.4559,60.9,2400023808,0x0
1786844943.789280042,5.8417,60.4,2400027136,0x0
1786844944.841784490,5.2096,60.4,2400020480,0x0
1786844945.896334697,5.1799,60.4,2400027136,0x0
1786844946.949909654,5.6912,60.9,2400020480,0x0
1786844948.001913721,5.1257,60.4,2400023808,0x0
1786844949.055516587,5.2593,59.8,2400023808,0x0
1786844950.108009799,5.5602,60.4,2400023808,0x0
1786844951.162565471,5.0630,60.9,2400023808,0x0
1786844952.216466077,5.1525,60.9,2400023808,0x0
1786844953.270233925,4.4618,62.0,2400023808,0x0
1786844954.324474510,5.0441,60.4,2400023808,0x0
1786844955.378170916,5.6542,60.4,2400033792,0x0
1786844956.431639066,5.0648,61.5,2400023808,0x0
1786844957.485758506,5.8086,60.4,2400027136,0x0
1786844958.539673023,4.2588,62.0,2400027136,0x0
1786844959.592829660,5.2963,60.9,2400030464,0x0
1786844960.645806335,4.9619,60.4,2400037120,0x0
1786844961.698505367,5.4843,59.3,2400030464,0x0
1786844962.751841429,5.3721,58.7,2400023808,0x0
1786844963.805373731,6.1743,59.8,2400033792,0x0
1786844964.859254196,5.4768,59.8,2400027136,0x0
1786844965.913621620,5.4685,60.4,2400020480,0x0
1786844966.967554642,5.5038,60.4,2400030464,0x0
1786844968.021309259,4.6919,60.4,2400027136,0x0
1786844969.075538871,5.7805,60.4,2400030464,0x0
1786844970.129577579,5.0189,60.4,2400027136,0x0
1786844971.183303624,5.3681,60.4,2400023808,0x0
1786844972.236372528,5.4938,60.4,2400030464,0x0
1786844973.290947732,5.7008,60.4,2400027136,0x0
1786844974.344651483,5.8742,60.9,2400020480,0x0
1786844975.397757889,5.9218,60.4,2400033792,0x0
1786844976.450826814,4.9672,60.4,2400020480,0x0
1786844977.503570521,5.7599,60.4,2400027136,0x0
1786844978.555682160,4.9734,59.3,2400023808,0x0
1786844979.609372933,5.2014,59.3,2400030464,0x0
1786844980.663150335,4.9724,60.4,2400020480,0x0
1786844981.717015662,5.2746,59.8,2400020480,0x0
1786844982.771669149,5.4833,61.5,2400033792,0x0
1786844983.829710212,5.4720,61.5,2400030464,0x0
1786844984.882788642,5.1246,60.9,2400033792,0x0
1786844985.935667964,5.7687,59.8,2400030464,0x0
1786844986.988848579,4.7679,60.4,2400020480,0x0
1786844988.043136961,5.3097,59.8,2400033792,0x0
1786844989.096321652,5.7482,59.8,2400020480,0x0
1786844990.151048253,5.2721,61.5,2400030464,0x0
1786844991.204392054,5.9563,60.4,2400023808,0x0
1786844992.258499885,5.4121,59.8,2400033792,0x0
1786844993.311700874,5.2750,60.4,2400023808,0x0
1786844994.365919317,5.3287,61.5,2400027136,0x0
1786844995.420739883,5.7934,59.8,2400030464,0x0
1786844996.474659403,4.8684,59.8,2400020480,0x0
1786844997.528697942,5.3641,62.0,2400030464,0x0
1786844998.582989719,5.8143,60.4,2400027136,0x0
1786844999.637158017,5.1102,60.4,2400027136,0x0
1786845000.692843744,5.5344,61.5,2400033792,0x0
1786845001.745754926,5.1947,60.4,2400023808,0x0
1786845002.798782366,5.1005,59.3,2400020480,0x0
1786845003.852401061,5.0958,60.4,2400030464,0x0
1786845004.905092395,5.2195,60.4,2400030464,0x0
1786845005.958190299,4.6858,60.4,2400027136,0x0
1786845007.011684960,5.0889,60.4,2400023808,0x0
1786845008.064337259,5.9416,60.4,2400037120,0x0
1786845009.118441266,5.6936,60.4,2400033792,0x0
1786845010.172044001,5.8095,62.6,2400033792,0x0
1786845011.226379877,5.6738,60.4,2400030464,0x0
1786845012.280246278,5.3203,59.8,2400020480,0x0
1786845013.333600906,5.6464,59.3,2400027136,0x0
1786845014.387496974,4.9676,60.4,2400027136,0x0
1786845015.440937917,5.8069,59.8,2400030464,0x0
1786845016.495208834,5.2206,60.4,2400030464,0x0
1786845017.547811824,5.0001,59.8,2400027136,0x0
1786845018.600938902,5.8074,60.4,2400030464,0x0
1786845019.654999341,5.4094,60.4,2400020480,0x0
1786845020.709521017,5.0112,60.9,2400030464,0x0
1786845021.762610634,5.6254,59.8,2400023808,0x0
1786845022.815806213,5.1071,60.4,2400030464,0x0
1786845023.869393030,5.3767,59.8,2400020480,0x0
1786845024.923430510,5.2160,60.9,2400023808,0x0
1786845025.976749478,5.0826,60.9,2400023808,0x0
1786845027.030959087,5.1784,60.9,2400027136,0x0
1786845028.084507776,5.8955,59.8,2400020480,0x0
1786845029.138052911,5.5107,59.3,2400033792,0x0
1786845030.191799341,4.9790,60.4,2400023808,0x0
1786845031.244783297,5.6947,60.4,2400023808,0x0
1786845032.298037048,5.6891,61.5,2400030464,0x0
1786845033.350942043,5.7747,60.4,2400023808,0x0
1786845034.403792540,5.2045,61.5,2400033792,0x0
1786845035.456781165,5.8169,59.8,2400033792,0x0
1786845036.509842642,5.6016,59.8,2400030464,0x0
1786845037.562999822,5.9383,59.8,2400027136,0x0
1786845038.617131382,6.2511,60.4,2400037120,0x0
1786845039.671102333,5.8430,60.4,2400020480,0x0
1786845040.725095784,5.5677,60.4,2400027136,0x0
1786845041.779354344,5.3666,60.4,2400027136,0x0
1786845042.833290575,5.4640,59.8,2400023808,0x0
1786845043.886914272,4.8954,60.4,2400027136,0x0
1786845044.940872207,5.6803,60.4,2400027136,0x0
1786845045.993693173,5.3169,61.5,2400020480,0x0
1786845047.047095318,5.9538,60.4,2400023808,0x0
1786845048.101392122,5.5388,60.9,2400027136,0x0
1786845049.154720695,5.6684,61.5,2400033792,0x0
1786845050.210868833,5.0749,60.4,2400027136,0x0
1786845051.265286193,5.2322,59.8,2400030464,0x0
1786845052.319048004,5.2089,62.0,2400030464,0x0
1786845053.371982824,5.5528,60.4,2400027136,0x0
1786845054.425101662,5.4341,60.4,2400023808,0x0
1786845055.478656921,5.6062,60.9,2400020480,0x0
1786845056.532813730,4.1901,60.9,2400030464,0x0
1786845057.587473905,5.8769,60.9,2400027136,0x0
1786845058.641074166,5.2207,61.5,2400033792,0x0
1786845059.693591253,5.7256,59.8,2400023808,0x0
1786845060.746554521,5.9415,62.6,2400020480,0x0
1786845061.800364799,5.3498,61.5,2400023808,0x0
1786845062.853448938,4.9302,60.4,2400023808,0x0
1786845063.906913776,5.0360,59.3,2400027136,0x0
1786845064.961783120,5.1652,60.4,2400033792,0x0
1786845066.015075146,5.8924,60.9,2400033792,0x0
1786845067.069368478,5.9363,60.4,2400033792,0x0
1786845068.123311906,5.9265,60.4,2400030464,0x0
1786845069.177433759,5.9222,60.4,2400027136,0x0
1786845070.231390670,5.5603,59.8,2400027136,0x0
1786845071.285372692,4.5433,60.4,2400027136,0x0
1786845072.338515464,4.5169,59.8,2400020480,0x0
1786845073.393139962,5.6800,60.4,2400023808,0x0
1786845074.446243921,4.9456,61.5,2400020480,0x0
1786845075.499299306,5.6193,60.4,2400027136,0x0
1786845076.552347248,5.1203,60.4,2400027136,0x0
1786845077.605004731,5.8797,60.4,2400027136,0x0
1786845078.658223135,5.0163,60.4,2400020480,0x0
1786845079.711953386,5.0219,61.5,2400020480,0x0
1786845080.765840691,5.1539,58.7,2400027136,0x0
1786845081.818845080,5.3859,59.3,2400033792,0x0
1786845082.872486778,4.9773,59.8,2400030464,0x0
1786845083.926090533,5.1648,60.4,2400020480,0x0
1786845084.979581085,5.1024,60.4,2400030464,0x0
1786845086.032484181,5.7509,59.8,2400023808,0x0
1786845087.085983049,5.5928,60.4,2400030464,0x0
1786845088.138806924,5.2607,59.3,2400030464,0x0
1786845089.193590761,5.8671,59.3,2400033792,0x0
1786845090.248305730,5.2745,59.8,2400033792,0x0
1786845091.300826147,5.8848,61.5,2400027136,0x0
1786845092.353240417,5.0188,59.8,2400027136,0x0
1786845093.406276793,5.0467,60.4,2400030464,0x0
1786845094.458776193,5.8813,59.8,2400030464,0x0
1786845095.513337110,5.8287,60.9,2400033792,0x0
1786845096.567912841,5.9188,59.8,2400030464,0x0
1786845097.622408834,5.9215,60.4,2400033792,0x0
1786845098.676535830,5.0272,60.4,2400023808,0x0
1786845099.730608273,5.1402,61.5,2400030464,0x0
1786845100.783636596,5.2673,60.4,2400030464,0x0
1786845101.836764771,5.7104,61.5,2400023808,0x0
1786845102.891046546,5.4660,60.4,2400023808,0x0
1786845103.943890539,5.6600,60.4,2400020480,0x0
1786845104.996798811,5.1058,59.8,2400030464,0x0
1786845106.050369483,5.4787,60.4,2400023808,0x0
1786845107.103388773,4.9466,61.5,2400027136,0x0
1786845108.155966919,5.9062,60.4,2400027136,0x0
1786845109.210728118,5.7252,61.5,2400027136,0x0
1786845110.265245523,5.9465,59.3,2400030464,0x0
1786845111.319629171,5.3655,60.4,2400030464,0x0
1786845112.373056274,5.6079,62.0,2400023808,0x0
1786845113.426941520,5.0456,59.8,2400033792,0x0
1786845114.480039997,5.7241,60.9,2400027136,0x0
1786845115.534913568,4.9218,60.4,2400027136,0x0
1786845116.587211332,5.2040,61.5,2400033792,0x0
1786845117.641271875,5.7003,60.9,2400020480,0x0
1786845118.695134754,4.9510,61.5,2400030464,0x0
1786845119.747916663,5.9349,59.8,2400027136,0x0
1786845120.800894644,5.3275,60.4,2400033792,0x0
1786845121.853929922,5.6320,61.5,2400027136,0x0
1786845122.905984413,5.8516,60.9,2400030464,0x0
1786845123.960563954,6.1479,61.5,2400027136,0x0
1786845125.014782147,6.0164,61.5,2400023808,0x0
1786845126.069026006,5.6700,59.3,2400027136,0x0
1786845127.123222182,4.9485,59.8,2400027136,0x0
1786845128.177673170,5.0821,60.4,2400020480,0x0
1786845129.231598775,4.6613,60.4,2400023808,0x0
1786845130.285443474,5.5749,60.4,2400023808,0x0
1786845131.339984462,5.2520,61.5,2400027136,0x0
1786845132.394179362,5.9137,60.4,2400027136,0x0
1786845133.448058599,5.7201,61.5,2400020480,0x0
1786845134.501430934,4.5050,60.4,2400023808,0x0
1786845135.554223794,5.8010,59.3,2400033792,0x0
1786845136.607373132,5.7221,60.4,2400027136,0x0
1786845137.659384020,5.2308,60.4,2400027136,0x0
1786845138.712053697,5.0220,60.4,2400030464,0x0
1786845139.765294388,4.8619,60.4,2400023808,0x0
1786845140.818240267,4.9880,60.4,2400027136,0x0
1786845141.871470255,5.0099,61.5,2400030464,0x0
1786845142.925588808,5.7149,60.4,2400027136,0x0
1786845143.979802342,4.9647,59.8,2400033792,0x0
1786845145.033663844,5.3583,60.9,2400033792,0x0
1786845146.087171942,5.6426,60.4,2400023808,0x0
1786845147.141807288,4.2395,60.4,2400033792,0x0
1786845148.194179306,5.6929,61.5,2400020480,0x0
1786845149.247016727,5.0462,60.4,2400030464,0x0
1786845150.300169034,5.7336,60.9,2400030464,0x0
1786845151.355299173,5.2487,59.8,2400023808,0x0
1786845152.408444333,5.8318,60.4,2400023808,0x0
1786845153.462125895,5.8593,60.4,2400033792,0x0
1786845154.515644904,5.9321,60.9,2400027136,0x0
1786845155.570201995,6.0156,62.0,2400023808,0x0
1786845156.624256333,4.9769,59.3,2400030464,0x0
1786845157.678976312,4.7343,61.5,2400027136,0x0
1786845158.731910699,5.7709,61.5,2400023808,0x0
1786845159.786989472,6.2087,60.4,2400020480,0x0
1786845160.841138588,5.0352,61.5,2400020480,0x0
1786845161.894519934,5.8177,59.8,2400020480,0x0
1786845162.947391786,4.7375,59.8,2400030464,0x0
1786845164.000704171,5.7344,60.4,2400030464,0x0
1786845165.053381526,5.0833,59.3,2400030464,0x0
1786845166.106883725,5.7805,60.4,2400030464,0x0
1786845167.160939937,5.0883,60.9,2400020480,0x0
1786845168.214469415,5.4441,60.9,2400023808,0x0
1786845169.267861023,4.7974,60.4,2400030464,0x0
1786845170.320999654,4.9078,62.0,2400027136,0x0
1786845171.374152488,5.0611,61.5,2400020480,0x0
1786845172.428056611,5.8829,60.4,2400020480,0x0
1786845173.482560914,5.5082,60.9,2400033792,0x0
1786845174.535359327,5.3188,59.8,2400027136,0x0
1786845175.589097972,5.8424,60.4,2400033792,0x0
1786845176.642066273,5.4024,60.4,2400033792,0x0
1786845177.695616698,5.1519,60.4,2400033792,0x0
1786845178.749527342,5.2140,61.5,2400030464,0x0
1786845179.803066379,5.7922,59.8,2400030464,0x0
1786845180.856894673,5.9771,60.4,2400037120,0x0
1786845181.911243166,6.0092,60.4,2400027136,0x0
1786845182.965085628,5.6696,59.8,2400023808,0x0
1786845184.018836035,5.8505,59.8,2400030464,0x0
1786845185.072388037,5.8847,59.8,2400033792,0x0
1786845186.126262222,5.3293,61.5,2400033792,0x0
1786845187.179800799,5.5717,61.5,2400020480,0x0
1786845188.234544142,5.7866,60.9,2400023808,0x0
1786845189.288057294,5.1423,60.4,2400030464,0x0
1786845190.341237803,5.7160,60.9,2400030464,0x0
1786845191.395503485,5.6279,61.5,2400027136,0x0
1786845192.448294294,5.9523,58.7,2400027136,0x0
1786845193.501368767,4.7188,59.8,2400023808,0x0
1786845194.554625387,6.0109,60.4,2400023808,0x0
1786845195.603368683,5.6117,60.9,2400023808,0x0
1786845196.657565276,5.5652,60.4,2400027136,0x0
1786845197.711319670,5.3434,61.5,2400023808,0x0
1786845198.764926547,5.6092,59.8,2400020480,0x0
1786845199.818709904,5.4796,61.5,2400033792,0x0
1786845200.872525280,5.1282,60.4,2400030464,0x0
1786845201.925300093,4.5172,59.3,2400023808,0x0
1786845202.978117036,5.3211,59.8,2400020480,0x0
1786845204.031283568,5.0859,60.9,2400023808,0x0
1786845205.085053668,5.1842,61.5,2400020480,0x0
1786845206.138642456,4.9467,59.8,2400020480,0x0
1786845207.191439752,4.5971,59.8,2400020480,0x0
1786845208.245578812,4.4709,61.5,2400033792,0x0
1786845209.297719042,5.8133,60.4,2400033792,0x0
1786845210.352447060,5.7755,60.4,2400027136,0x0
1786845211.407027043,5.8148,60.9,2400020480,0x0
1786845212.461903302,5.6301,60.4,2400030464,0x0
1786845213.516166271,5.1234,60.4,2400023808,0x0
1786845214.570977512,5.1459,62.6,2400033792,0x0
1786845215.624605173,4.8982,60.4,2400030464,0x0
1786845216.678188280,5.9175,62.0,2400027136,0x0
1786845217.731798960,5.1830,60.4,2400030464,0x0
1786845218.784104192,4.9252,60.4,2400023808,0x0
1786845219.838385866,5.1249,61.5,2400023808,0x0
1786845220.890732505,4.0970,59.8,2400023808,0x0
1786845221.943949117,5.0128,61.5,2400033792,0x0
1786845222.996570402,5.6031,59.8,2400027136,0x0
1786845224.049855329,5.2336,60.4,2400037120,0x0
1786845225.103705992,5.2986,60.4,2400033792,0x0
1786845226.157035734,5.7095,60.4,2400020480,0x0
1786845227.211053210,5.0239,60.9,2400030464,0x0
1786845228.265373665,5.7472,59.8,2400023808,0x0
1786845229.319757805,5.7271,60.4,2400030464,0x0
1786845230.372242761,5.3615,61.5,2400030464,0x0
1786845231.425566746,5.8466,60.4,2400020480,0x0
1786845232.480061775,5.5885,61.5,2400030464,0x0
1786845233.535389240,5.1239,60.4,2400020480,0x0
1786845234.588288563,5.6956,62.0,2400020480,0x0
1786845235.641040963,5.7935,62.6,2400020480,0x0
1786845236.693697975,4.9819,60.4,2400030464,0x0
1786845237.748640927,5.6856,59.8,2400027136,0x0
1786845238.804013597,5.6103,59.8,2400027136,0x0
1786845239.858020930,5.8032,60.4,2400020480,0x0
1786845240.912342352,5.8186,59.3,2400023808,0x0
1786845241.967768616,4.8692,59.8,2400020480,0x0
1786845243.022032373,4.3955,60.4,2400030464,0x0
1786845244.076517795,5.6337,59.8,2400027136,0x0
1786845245.130085467,6.1914,59.8,2400023808,0x0
1786845246.184072784,5.2495,61.5,2400023808,0x0
1786845247.237176073,5.2311,60.4,2400027136,0x0
1786845248.290422527,5.3092,59.8,2400023808,0x0
1786845249.344624472,5.1500,60.4,2400030464,0x0
1786845250.397977000,5.5199,60.4,2400020480,0x0
1786845251.452707070,5.0141,60.9,2400033792,0x0
1786845252.507968247,4.4520,60.4,2400020480,0x0
1786845253.560720301,5.1844,60.4,2400023808,0x0
1786845254.613211117,5.1815,60.9,2400030464,0x0
1786845255.666632220,5.3839,60.9,2400030464,0x0
1786845256.721073813,4.8714,60.4,2400020480,0x0
1786845257.774179809,5.8348,60.4,2400033792,0x0
1786845258.828017391,4.9718,60.4,2400033792,0x0
1786845259.882258247,4.5401,60.4,2400033792,0x0
1786845260.935636038,3.9878,60.9,2400027136,0x0
1786845261.989593915,5.2650,60.9,2400020480,0x0
1786845263.041628313,4.4886,59.8,2400033792,0x0
1786845264.095874170,5.1228,59.8,2400023808,0x0
1786845265.148089289,5.9996,60.9,2400020480,0x0
1786845266.201168844,5.3007,62.0,2400033792,0x0
1786845267.253979494,5.8131,60.4,2400033792,0x0
1786845268.308072873,6.1629,60.4,2400030464,0x0
1786845269.367267922,6.1172,60.4,2400037120,0x0
1786845270.421199192,5.7347,59.8,2400027136,0x0
1786845271.475200091,5.0939,60.4,2400027136,0x0
1786845272.529143158,5.3626,59.8,2400027136,0x0
1786845273.582411546,4.4579,59.8,2400023808,0x0
1786845274.635695417,5.7171,60.9,2400027136,0x0
1786845275.689743187,5.3504,61.5,2400023808,0x0
1786845276.742447990,6.0508,60.4,2400030464,0x0
1786845277.796683333,5.1518,60.4,2400033792,0x0
1786845278.849349526,5.7510,59.8,2400023808,0x0
1786845279.902699842,5.6893,60.4,2400023808,0x0
1786845280.956609800,5.2212,60.9,2400033792,0x0
1786845282.009559602,5.0036,59.8,2400020480,0x0
1786845283.062378980,5.0571,60.4,2400023808,0x0
1786845284.115873166,5.8337,59.8,2400023808,0x0
1786845285.169514814,5.8694,60.4,2400023808,0x0
1786845286.223116592,4.4877,60.9,2400027136,0x0
1786845287.277222051,5.8480,62.0,2400033792,0x0
1786845288.330672832,5.7342,61.5,2400027136,0x0
1786845289.387060323,5.4164,60.4,2400023808,0x0
1786845290.440005110,5.8428,60.9,2400027136,0x0
1786845291.493657185,4.5792,60.4,2400023808,0x0
1786845292.546907858,5.9014,60.4,2400020480,0x0
1786845293.599977385,4.6807,60.9,2400030464,0x0
1786845294.654359362,5.1569,59.8,2400027136,0x0
1786845295.708925115,4.9399,60.9,2400037120,0x0
1786845296.763303685,5.6039,60.9,2400027136,0x0
1786845297.816762005,5.3369,60.4,2400020480,0x0
1786845298.871034188,6.0152,60.4,2400020480,0x0
1786845299.924525120,5.7775,60.4,2400033792,0x0
1786845300.979038079,4.9098,62.0,2400023808,0x0
1786845302.032526696,5.3472,60.4,2400027136,0x0
1786845303.086232275,5.7176,60.4,2400023808,0x0
1786845304.140499182,5.2418,59.3,2400030464,0x0
1786845305.194435889,4.9820,58.7,2400030464,0x0
1786845306.248904554,5.8872,60.9,2400023808,0x0
1786845307.302424580,5.5306,60.9,2400027136,0x0
1786845308.355797923,5.3782,60.4,2400030464,0x0
1786845309.409341450,5.6276,59.3,2400030464,0x0
1786845310.462441408,5.6500,60.9,2400027136,0x0
1786845311.516446208,5.4676,61.5,2400030464,0x0
1786845312.570301474,4.9196,61.5,2400027136,0x0
1786845313.625199729,5.3848,62.0,2400027136,0x0
1786845314.678187615,4.5717,59.8,2400033792,0x0
1786845315.731374240,5.5493,60.9,2400033792,0x0
1786845316.787597908,5.8612,58.7,2400023808,0x0
1786845317.841366065,5.3561,60.4,2400027136,0x0
1786845318.894167473,5.1245,60.9,2400027136,0x0
1786845319.947808798,5.1381,61.5,2400020480,0x0
1786845321.000453597,5.1843,60.4,2400023808,0x0
1786845322.053599057,5.6075,61.5,2400033792,0x0
1786845323.107280883,5.8690,61.5,2400030464,0x0
1786845324.161102023,6.0080,62.6,2400020480,0x0
1786845325.215729210,5.7694,60.9,2400030464,0x0
1786845326.269696034,5.2783,61.5,2400030464,0x0
1786845327.323521434,4.2662,60.9,2400020480,0x0
1786845328.377481666,5.6296,61.5,2400023808,0x0
1786845329.431529157,6.0912,63.1,2400020480,0x0
1786845330.485916033,5.9413,62.6,2400023808,0x0
1786845331.539193533,5.1484,61.5,2400023808,0x0
1786845332.592893454,5.9446,60.9,2400030464,0x0
1786845333.647067889,5.4569,62.0,2400023808,0x0
1786845334.700340407,6.1165,60.9,2400030464,0x0
1786845335.753917090,5.5568,60.9,2400030464,0x0
1786845336.807419736,5.7700,60.9,2400027136,0x0
1786845337.861466878,4.9750,60.9,2400020480,0x0
1786845338.914674824,5.9796,61.5,2400027136,0x0
1786845339.968584208,6.0751,62.6,2400030464,0x0
1786845341.022481500,5.8318,61.5,2400027136,0x0
1786845342.076694160,5.5103,60.9,2400023808,0x0
1786845343.130145827,5.5790,60.4,2400030464,0x0
1786845344.184016287,5.6676,60.4,2400030464,0x0
1786845345.237467881,3.3208,60.4,2400027136,0x0
1786845346.291919576,5.3444,60.9,2400027136,0x0
1786845347.344845343,5.0964,61.5,2400030464,0x0
1786845348.398628101,5.6496,61.5,2400027136,0x0
1786845349.452253102,5.3053,59.8,2400023808,0x0
1786845350.505067352,5.8919,59.8,2400023808,0x0
1786845351.558251746,5.4176,60.4,2400030464,0x0
1786845352.611856230,4.9876,58.7,2400027136,0x0
1786845353.665244401,5.4040,60.4,2400023808,0x0
1786845354.718173558,5.2454,62.0,2400023808,0x0
1786845355.771320417,5.2942,60.4,2400023808,0x0
1786845356.825195918,5.4284,60.4,2400033792,0x0
1786845357.879139899,4.4305,59.8,2400027136,0x0
1786845358.932750773,5.9557,59.8,2400020480,0x0
1786845359.987265471,4.9465,60.9,2400027136,0x0
1786845361.041139603,5.3961,60.4,2400033792,0x0
1786845362.095077956,5.5835,60.4,2400020480,0x0
1786845363.149400620,4.5690,59.3,2400020480,0x0
1786845364.201945339,5.6494,60.4,2400020480,0x0
1786845365.255414328,5.2874,60.9,2400030464,0x0
1786845366.309198832,5.9092,60.9,2400027136,0x0
1786845367.364106473,5.3225,58.7,2400020480,0x0
1786845368.418882060,5.3401,59.3,2400030464,0x0
1786845369.473005413,5.2633,60.9,2400020480,0x0
1786845370.526812362,5.0994,60.9,2400020480,0x0
1786845371.580687311,5.7594,62.0,2400030464,0x0
1786845372.635379104,5.4893,60.4,2400023808,0x0
1786845373.689887510,5.7187,60.4,2400027136,0x0
1786845374.742934820,5.1457,60.4,2400020480,0x0
1786845375.796595438,5.7281,60.4,2400023808,0x0
1786845376.849693100,5.3306,60.4,2400023808,0x0
1786845377.902924002,5.7229,60.4,2400033792,0x0
1786845378.956156477,5.2635,60.4,2400020480,0x0
1786845380.009311417,5.9243,61.5,2400030464,0x0
1786845381.063067629,4.8646,59.8,2400027136,0x0
1786845382.117303614,6.1879,60.4,2400030464,0x0
1786845383.172328351,5.8763,60.9,2400023808,0x0
1786845384.226841111,5.9194,62.0,2400033792,0x0
1786845385.280933377,5.7729,59.8,2400020480,0x0
1786845386.334570906,5.1082,60.4,2400033792,0x0
1786845387.388526580,5.0516,60.9,2400030464,0x0
1786845388.441885928,5.6387,60.4,2400020480,0x0
1786845389.499949487,5.7439,59.8,2400027136,0x0
1786845390.553334372,4.8161,60.9,2400027136,0x0
1786845391.606990458,5.8926,62.0,2400027136,0x0
1786845392.661247409,5.1414,60.4,2400033792,0x0
1786845393.714200484,5.5640,61.5,2400033792,0x0
1786845394.767666758,5.1611,62.6,2400030464,0x0
1786845395.820919442,4.8026,59.8,2400030464,0x0
1786845396.874164515,5.3384,60.4,2400020480,0x0
1786845397.926919889,5.2176,61.5,2400033792,0x0
1786845398.979912039,5.8129,59.8,2400033792,0x0
1786845400.034267231,5.1627,61.5,2400020480,0x0
1786845401.087980560,5.6059,59.8,2400027136,0x0
1786845402.141698759,5.9590,62.0,2400033792,0x0
1786845403.194958223,5.2131,59.8,2400023808,0x0
1786845404.247886023,5.6155,60.4,2400023808,0x0
1786845405.300883156,5.3561,59.3,2400020480,0x0
1786845406.355567476,5.2592,60.9,2400027136,0x0
1786845407.408581332,4.9680,60.4,2400030464,0x0
1786845408.461648558,5.8968,59.8,2400023808,0x0
1786845409.514398176,4.9489,60.4,2400033792,0x0
1786845410.567160721,5.8378,60.4,2400027136,0x0
1786845411.621135605,5.7518,60.4,2400020480,0x0
1786845412.675857963,5.5999,59.8,2400027136,0x0
1786845413.730222029,5.6089,61.5,2400033792,0x0
1786845414.784723409,5.6895,60.4,2400030464,0x0
1786845415.838756942,5.2900,60.9,2400020480,0x0
1786845416.891576431,5.2311,59.8,2400030464,0x0
1786845417.945741945,5.7615,61.5,2400023808,0x0
1786845418.999119763,5.1621,62.0,2400033792,0x0
1786845420.051879013,5.3869,60.9,2400020480,0x0
1786845421.104598320,4.9996,62.6,2400030464,0x0
1786845422.157390200,4.9024,59.8,2400020480,0x0
1786845423.210347672,5.8387,59.8,2400033792,0x0
1786845424.365974406,2.8003,59.8,2400023808,0x0
1786845425.419053728,5.9619,59.3,2400023808,0x0
1786845426.475657812,5.5722,59.3,2400030464,0x0
1786845427.631156271,5.4480,62.0,2400027136,0x0
1786845428.684786996,5.1039,59.8,2400027136,0x0
1786845429.738492646,5.1699,58.7,2400030464,0x0
1786845430.792625145,5.7331,61.5,2400033792,0x0
1786845431.846449239,4.8318,60.9,2400020480,0x0
1786845432.898750331,4.9662,60.4,2400030464,0x0
1786845433.952346909,5.7363,60.9,2400027136,0x0
1786845435.005383568,4.7279,60.4,2400023808,0x0
1786845436.058824667,5.9402,59.8,2400033792,0x0
1786845437.112076158,4.9384,60.9,2400020480,0x0
1786845438.166009697,5.3034,60.9,2400023808,0x0
1786845439.219412094,5.5797,60.4,2400037120,0x0
1786845440.273899609,5.6264,62.0,2400033792,0x0
1786845441.329005989,5.8498,60.9,2400020480,0x0
1786845442.382868938,5.7571,62.0,2400033792,0x0
1786845443.437453361,5.7037,58.7,2400020480,0x0
1786845444.492641296,4.5078,60.4,2400027136,0x0
1786845445.545978917,5.3200,62.0,2400030464,0x0
1786845446.599173058,5.7848,60.4,2400030464,0x0
1786845447.653206210,5.2043,59.8,2400033792,0x0
1786845448.706920717,5.4879,61.5,2400030464,0x0
1786845449.760343801,5.7304,60.4,2400023808,0x0
1786845450.813509703,4.9173,59.8,2400020480,0x0
1786845451.866434885,5.6736,60.9,2400020480,0x0
1786845452.919238569,5.8709,61.5,2400020480,0x0
1786845453.972544155,5.1909,59.3,2400030464,0x0
1786845455.025963259,5.3984,62.0,2400023808,0x0
1786845456.079288753,5.3098,60.4,2400033792,0x0
1786845457.132806931,6.0199,60.9,2400027136,0x0
1786845458.186458200,5.5705,59.8,2400020480,0x0
1786845459.240513132,5.7639,61.5,2400020480,0x0
1786845460.293727850,5.4600,60.9,2400033792,0x0
1786845461.346850143,5.7873,60.9,2400027136,0x0
1786845462.400235990,4.4812,60.9,2400020480,0x0
1786845463.453525005,5.1056,59.8,2400027136,0x0
1786845464.506869704,5.7723,60.4,2400020480,0x0
1786845465.561697833,5.7649,60.9,2400020480,0x0
1786845466.615575843,4.5556,60.4,2400033792,0x0
1786845467.668938987,5.9098,61.5,2400027136,0x0
1786845468.723317399,5.9599,60.9,2400027136,0x0
1786845469.777145799,5.9262,59.8,2400023808,0x0
1786845470.831478193,4.6023,59.8,2400023808,0x0
1786845471.884695600,5.2681,61.5,2400020480,0x0
1786845472.938233114,5.3185,60.4,2400020480,0x0
1786845473.991171356,5.4966,60.9,2400027136,0x0
1786845475.045728157,5.7526,59.8,2400030464,0x0
1786845476.099145988,5.4374,60.4,2400023808,0x0
1786845477.152012436,4.8647,60.4,2400033792,0x0
1786845478.206081316,4.7465,59.3,2400020480,0x0
1786845479.258453103,6.0001,59.3,2400033792,0x0
1786845480.312143951,5.3681,60.9,2400020480,0x0
1786845481.365274100,5.7623,60.4,2400027136,0x0
1786845482.418136142,5.2354,59.8,2400030464,0x0
1786845483.472700981,5.2272,60.4,2400030464,0x0
1786845484.526239887,4.8458,59.8,2400030464,0x0
1786845485.579572165,5.0650,60.9,2400023808,0x0
1786845486.632929425,5.9529,60.4,2400033792,0x0
1786845487.687264898,5.8385,62.0,2400033792,0x0
1786845488.741916441,4.9369,60.9,2400033792,0x0
1786845489.795943436,5.0681,60.9,2400030464,0x0
1786845490.850338834,5.7275,62.6,2400027136,0x0
1786845491.903531893,5.5720,61.5,2400023808,0x0
1786845492.956781470,5.8443,60.9,2400030464,0x0
1786845494.009446183,4.5352,60.4,2400023808,0x0
1786845495.062654131,5.5007,59.8,2400030464,0x0
1786845496.115719507,5.4367,59.8,2400033792,0x0
1786845497.169245804,5.8596,60.4,2400030464,0x0
1786845498.223190116,5.6611,59.8,2400023808,0x0
1786845499.276913097,5.7185,62.0,2400027136,0x0
1786845500.330990019,5.3938,60.9,2400030464,0x0
1786845501.385632177,4.9228,59.8,2400027136,0x0
1786845502.438782479,5.3618,60.4,2400020480,0x0
1786845503.492050169,5.9654,60.4,2400023808,0x0
1786845504.545979871,5.0877,60.4,2400033792,0x0
1786845505.599757760,4.6458,60.4,2400033792,0x0
1786845506.653461373,4.9992,60.4,2400030464,0x0
1786845507.706443678,5.3683,60.4,2400030464,0x0
1786845508.760092273,5.2501,60.4,2400027136,0x0
1786845509.812730804,5.7224,60.9,2400030464,0x0
1786845510.865804535,4.9618,60.4,2400020480,0x0
1786845511.920063365,5.2425,60.4,2400033792,0x0
1786845512.973509759,5.6367,61.5,2400033792,0x0
1786845514.027879959,5.0277,60.9,2400020480,0x0
1786845515.080941635,3.9782,61.5,2400027136,0x0
1786845516.135398612,5.8722,60.4,2400033792,0x0
1786845517.189061597,5.1889,60.9,2400027136,0x0
1786845518.242939877,5.8398,60.9,2400033792,0x0
1786845519.296362513,5.7744,61.5,2400030464,0x0
1786845520.349981981,5.4055,60.4,2400033792,0x0
1786845521.403184009,4.4937,59.3,2400020480,0x0
1786845522.458407739,5.2937,59.8,2400027136,0x0
1786845523.510908515,5.8781,60.4,2400033792,0x0
1786845524.565019812,4.7974,60.4,2400023808,0x0
1786845525.618535134,5.4488,59.8,2400027136,0x0
1786845526.674018066,5.7477,59.8,2400027136,0x0
1786845527.828161914,5.0505,62.0,2400030464,0x0
1786845528.881756032,5.4415,60.4,2400023808,0x0
1786845529.935780424,6.1355,60.9,2400027136,0x0
1786845530.990428161,5.2646,62.0,2400033792,0x0
1786845532.044691125,5.1797,60.9,2400020480,0x0
1786845533.097511363,5.5568,61.5,2400030464,0x0
1786845534.150568710,5.2009,60.9,2400023808,0x0
1786845535.204019793,5.5444,60.9,2400033792,0x0
1786845536.257080677,5.5632,60.4,2400030464,0x0
1786845537.310242227,5.0569,60.9,2400020480,0x0
1786845538.363361982,4.9146,59.3,2400030464,0x0
1786845539.416898306,5.8211,60.4,2400027136,0x0
1786845540.472534313,6.1509,59.3,2400027136,0x0
1786845541.526983814,6.1408,60.4,2400030464,0x0
1786845542.580572953,5.1985,60.4,2400027136,0x0
1786845543.633661820,5.3304,61.5,2400023808,0x0
1786845544.688126544,5.7549,59.8,2400023808,0x0
1786845545.741672906,4.9829,59.8,2400027136,0x0
1786845546.796373516,5.8727,58.7,2400030464,0x0
1786845547.850906036,5.5099,60.4,2400027136,0x0
1786845548.903744480,5.1951,60.4,2400030464,0x0
1786845549.956748164,5.1494,60.9,2400020480,0x0
1786845551.010092382,5.6065,61.5,2400027136,0x0
1786845552.063297693,5.1056,61.5,2400023808,0x0
1786845553.115759753,5.7111,60.4,2400020480,0x0
1786845554.168882122,4.8532,60.4,2400033792,0x0
1786845555.223636085,4.9233,60.4,2400020480,0x0
1786845556.278040756,5.9097,61.5,2400033792,0x0
1786845557.332284706,4.8423,61.5,2400027136,0x0
1786845558.385245651,5.1782,60.4,2400027136,0x0
1786845559.538903141,5.1738,62.6,2400033792,0x0
1786845560.591878030,5.6354,60.9,2400033792,0x0
1786845561.645560913,5.0224,60.4,2400030464,0x0
1786845562.699579478,5.2402,61.5,2400023808,0x0
1786845563.753533339,5.9485,60.4,2400020480,0x0
1786845564.806624895,5.0396,60.4,2400030464,0x0
1786845565.860585332,5.3565,62.6,2400027136,0x0
1786845566.914640545,5.7147,60.9,2400027136,0x0
1786845567.968434511,5.4778,61.5,2400020480,0x0
1786845569.021976379,4.3670,61.5,2400033792,0x0
1786845570.077062254,5.7031,62.6,2400033792,0x0
1786845571.131640331,5.8891,62.0,2400027136,0x0
1786845572.186665029,6.1006,60.9,2400020480,0x0
1786845573.241659203,6.0419,61.5,2400033792,0x0
1786845574.295894950,5.4595,61.5,2400023808,0x0
1786845575.349468975,4.9967,60.4,2400020480,0x0
1786845576.402645848,5.7370,60.4,2400020480,0x0
1786845577.456522858,5.8405,59.8,2400030464,0x0
1786845578.509668794,5.6223,60.4,2400023808,0x0
1786845579.562967724,5.1869,60.9,2400027136,0x0
1786845580.615938576,5.9728,61.5,2400023808,0x0
1786845581.669851841,5.3393,60.4,2400027136,0x0
1786845582.721698635,2.1890,57.1,2400027136,0x0
1786845583.763252291,2.1693,57.6,2400030464,0x0
