1786831854.567785801,1.9053,46.1,1700021120,0x0
1786831855.615413851,1.7278,46.6,1500022656,0x0
1786831856.658889798,1.7204,45.5,1500016128,0x0
1786831857.702153870,1.7123,45.5,1500019456,0x0
1786831858.745325657,1.4337,45.5,1500016128,0x0
1786831859.788493140,1.6932,46.1,1500019456,0x0
1786831860.831821834,1.4455,45.5,1500016128,0x0
1786831861.875203577,1.4336,46.1,1500019456,0x0
1786831862.918504421,1.4398,45.5,1500016128,0x0
1786831863.961688665,1.4361,46.1,1500019456,0x0
1786831865.005014366,1.4533,46.1,1500019456,0x0
1786831866.048280947,1.8334,45.5,1500022656,0x0
1786831867.091473206,1.4257,46.1,1500019456,0x0
1786831868.134768068,1.4389,45.5,1500022656,0x0
1786831869.178006534,1.4454,44.4,1500019456,0x0
1786831870.221047808,1.4368,46.1,1500022656,0x0
1786831871.264271315,1.5115,45.0,1500016128,0x0
1786831872.307433537,1.4446,46.6,1500019456,0x0
1786831873.350621251,1.4458,46.1,1500019456,0x0
1786831874.393865532,1.4742,47.2,1500019456,0x0
1786831875.437039435,1.4530,45.5,1500016128,0x0
1786831876.480238904,1.8204,45.5,1500019456,0x0
1786831877.523467719,1.4439,45.5,1500016128,0x0
1786831878.566667506,1.4549,45.0,1500019456,0x0
1786831879.609887064,1.4985,46.1,1500019456,0x0
1786831880.653215911,1.4914,46.1,1500019456,0x0
1786831881.696378711,1.4800,45.5,1500016128,0x0
1786831882.739621689,1.4735,46.1,1500012800,0x0
1786831883.782799141,1.4378,45.5,1500019456,0x0
1786831884.826018826,1.4327,45.0,1500019456,0x0
1786831885.869334856,1.7038,45.5,1500019456,0x0
1786831886.912563728,1.7103,46.6,1500022656,0x0
1786831887.956217390,1.6048,46.1,1500019456,0x0
1786831888.999539341,1.4991,45.5,1500016128,0x0
1786831890.042770230,1.4620,46.1,1500012800,0x0
1786831891.085994278,1.4720,45.0,1500016128,0x0
1786831892.129328429,1.4338,45.5,1500022656,0x0
1786831893.172505926,1.4492,45.5,1500022656,0x0
1786831894.316127099,1.4470,45.5,1500019456,0x0
1786831895.359371672,1.4923,45.0,1500019456,0x0
1786831896.402580259,1.4619,46.1,1500016128,0x0
1786831897.445813688,1.4766,43.9,1500016128,0x0
1786831898.489140611,1.4444,45.5,1500022656,0x0
1786831899.532405045,1.4437,45.5,1500022656,0x0
1786831900.575566603,1.6560,45.5,1500022656,0x0
1786831901.618806060,1.4643,45.5,1500016128,0x0
1786831902.662043322,1.4377,45.5,1500016128,0x0
1786831903.705242597,1.4465,46.1,1500012800,0x0
1786831904.748351920,1.4457,45.0,1500016128,0x0
1786831905.791546662,1.7327,45.5,1500012800,0x0
1786831906.834747841,1.7062,46.6,1500022656,0x0
1786831907.877903032,1.7395,45.5,1500016128,0x0
1786831908.921096122,1.6699,45.5,1500016128,0x0
1786831909.964501760,1.7000,45.0,1500019456,0x0
1786831911.007884058,1.7271,44.4,1500016128,0x0
1786831912.051035904,1.4745,46.1,1500016128,0x0
1786831913.094198726,1.4554,45.5,1500019456,0x0
1786831914.137341874,1.4538,45.0,1500012800,0x0
1786831915.180506664,1.4399,46.6,1500016128,0x0
1786831916.223749519,1.4549,45.5,1500019456,0x0
1786831917.266802204,1.4366,45.5,1500016128,0x0
1786831918.309972529,1.4459,47.2,1500019456,0x0
1786831919.353335494,1.4475,45.5,1500022656,0x0
1786831920.396497137,1.4437,45.5,1500022656,0x0
1786831921.439701439,1.4671,44.4,1500016128,0x0
1786831922.482968218,1.4398,45.5,1500016128,0x0
1786831923.526049249,1.4442,46.1,1500019456,0x0
1786831924.569197551,1.4582,45.5,1500012800,0x0
1786831925.612380918,1.4364,45.5,1500012800,0x0
1786831926.655545056,1.4353,46.1,1500022656,0x0
1786831927.698837871,1.7099,45.0,1500016128,0x0
1786831928.742035939,1.4498,45.5,1500012800,0x0
1786831929.785141836,1.4368,45.5,1500016128,0x0
1786831930.828269725,1.7239,45.5,1500019456,0x0
1786831931.871443440,1.7009,45.5,1500019456,0x0
1786831932.914611315,1.4354,45.5,1500016128,0x0
1786831933.957821405,1.6986,45.5,1500012800,0x0
1786831935.000910007,1.6976,45.0,1500019456,0x0
1786831936.044072732,1.4646,45.5,1500012800,0x0
1786831937.087137951,1.4536,45.0,1500012800,0x0
1786831938.130304143,1.4591,45.5,1500019456,0x0
1786831939.173395553,1.4314,46.6,1500012800,0x0
1786831940.216685826,1.4370,45.5,1500019456,0x0
1786831941.259946850,1.4502,46.1,1500016128,0x0
1786831942.303048961,1.4587,44.4,1500016128,0x0
1786831943.346250694,1.4521,45.5,1500022656,0x0
1786831944.389385107,1.6488,45.5,1500016128,0x0
1786831945.432616493,1.4853,45.5,1500019456,0x0
1786831946.475904873,2.8219,46.1,1500012800,0x0
1786831947.519054950,1.4653,45.0,1500019456,0x0
1786831948.562197983,1.4392,45.5,1500019456,0x0
1786831949.605321585,1.4317,47.2,1500019456,0x0
1786831950.648509883,1.4375,46.6,1500019456,0x0
1786831951.691793933,1.4654,45.0,1500022656,0x0
1786831952.734877719,1.4676,45.5,1500019456,0x0
1786831953.777923832,1.4557,45.5,1500016128,0x0
1786831954.820923235,1.4750,45.5,1500012800,0x0
1786831955.864038057,1.4556,46.1,1500019456,0x0
1786831956.907071743,1.4522,44.4,1500016128,0x0
1786831957.950374661,1.4952,46.6,1500019456,0x0
1786831958.993521667,1.4588,45.5,1500022656,0x0
1786831960.036645092,1.4563,45.5,1500019456,0x0
1786831961.079806233,1.5257,46.1,1500019456,0x0
1786831962.122881700,1.4558,45.0,1500022656,0x0
1786831963.166079439,1.4379,46.1,1500019456,0x0
1786831964.209270043,1.6194,45.5,1500019456,0x0
1786831965.252394233,1.4390,45.5,1500012800,0x0
1786831966.295587230,1.4582,46.6,1500016128,0x0
1786831967.338665036,1.4403,45.5,1500022656,0x0
1786831968.381864928,1.4638,44.4,1500019456,0x0
1786831969.425024944,1.4723,45.5,1500016128,0x0
1786831970.468214953,1.5154,45.5,1500012800,0x0
1786831971.511358751,1.4665,45.0,1500019456,0x0
1786831972.554587082,1.6434,44.4,1500019456,0x0
1786831973.597661146,1.4271,46.1,1500019456,0x0
1786831974.640749855,1.4363,45.0,1500019456,0x0
1786831975.683994295,1.4734,45.5,1500016128,0x0
1786831976.727262378,3.2293,45.5,2400030464,0x0
1786831977.772263112,3.0906,46.6,2400030464,0x0
1786831978.814131169,2.0015,46.6,2400020480,0x0
1786831979.855858370,2.0992,46.6,2400027136,0x0
1786831980.897304306,2.1298,46.6,2400030464,0x0
1786831981.939017920,3.1277,47.7,2400033792,0x0
1786831982.983563180,3.1164,47.7,2400020480,0x0
1786831984.027405716,2.0976,47.7,2400027136,0x0
1786831985.068592296,2.7128,46.6,2400033792,0x0
1786831986.109641519,1.8177,46.1,2400033792,0x0
1786831987.150796253,1.5359,46.6,1800022016,0x0
1786831988.193784194,1.7228,46.1,1500022656,0x0
1786831989.237080554,1.7298,46.1,1500019456,0x0
1786831990.280474907,1.4487,47.2,1500019456,0x0
1786831991.323731959,1.4423,45.5,1500019456,0x0
1786831992.366855357,1.4507,46.1,1500016128,0x0
1786831993.410155711,1.7061,46.6,1500016128,0x0
1786831994.453357763,1.6927,48.3,1500019456,0x0
1786831995.496509921,1.4524,46.1,1500022656,0x0
1786831996.539752831,1.4534,46.1,1500016128,0x0
1786831997.582946551,1.4333,45.5,1500016128,0x0
1786831998.626109561,1.4299,45.0,1500016128,0x0
1786831999.669276436,1.4510,46.1,1500019456,0x0
1786832000.712456655,1.7032,45.5,1500016128,0x0
1786832001.755538945,1.4619,45.0,1500016128,0x0
1786832002.798646264,1.4307,45.5,1500019456,0x0
1786832003.841749431,1.4352,45.5,1500022656,0x0
1786832004.884824072,1.4458,46.1,1500016128,0x0
1786832005.928057226,1.4354,45.0,1500019456,0x0
1786832006.971195984,1.4475,46.1,1500012800,0x0
1786832008.014318774,1.4508,46.1,1500022656,0x0
1786832009.057412318,1.4478,46.1,1500016128,0x0
1786832010.100413504,1.4568,46.6,1500019456,0x0
1786832011.143558387,1.4496,46.6,1500019456,0x0
1786832012.186826819,1.4377,45.5,1500016128,0x0
1786832013.229944339,1.4401,45.5,1500016128,0x0
1786832014.272993984,1.4390,46.1,1500012800,0x0
1786832015.316115308,1.4501,46.1,1500016128,0x0
1786832016.359311494,1.4307,45.5,1500016128,0x0
1786832017.402449437,1.5093,45.5,1500019456,0x0
1786832018.445771854,1.4645,46.1,1500016128,0x0
1786832019.488924821,1.4544,45.0,1500022656,0x0
1786832020.532082246,1.4577,45.5,1500016128,0x0
1786832021.575257165,1.4380,45.5,1500019456,0x0
1786832022.618408597,1.4456,46.1,1500019456,0x0
1786832023.661511876,1.4520,45.5,1500019456,0x0
1786832024.704725944,1.4587,45.5,1500016128,0x0
1786832025.747839119,1.4398,45.0,1500016128,0x0
1786832026.790848270,1.4552,45.5,1500019456,0x0
1786832027.833981230,1.4512,44.4,1500022656,0x0
1786832028.877036389,1.7002,45.5,1500012800,0x0
1786832029.920292855,1.6279,45.5,1500016128,0x0
1786832030.963476982,1.4555,45.5,1500019456,0x0
1786832032.006600565,1.4787,46.1,1500016128,0x0
1786832033.049637569,1.4737,45.5,1500016128,0x0
1786832034.092700180,1.4577,45.5,1500019456,0x0
1786832035.135795376,1.4726,45.5,1500016128,0x0
1786832036.178988623,1.6280,45.5,1500016128,0x0
1786832037.222156104,1.4413,46.1,1500019456,0x0
1786832038.265278563,1.4427,45.0,1500019456,0x0
1786832039.308343367,1.4335,45.5,1500016128,0x0
1786832040.351437092,1.4700,45.5,1500019456,0x0
1786832041.394509127,1.4431,45.5,1500016128,0x0
1786832042.437764656,1.4525,46.1,1500022656,0x0
1786832043.480875420,1.4552,45.5,1500016128,0x0
1786832044.523952476,2.9864,45.0,1500022656,0x0
1786832045.567080452,1.4506,46.1,1500016128,0x0
1786832046.610305476,1.4717,46.1,1500019456,0x0
1786832047.653604441,1.4598,45.5,1500016128,0x0
1786832048.696830473,1.4581,45.0,1500022656,0x0
1786832049.740006482,1.6998,45.5,1500016128,0x0
1786832050.783106488,1.6850,45.5,1500012800,0x0
1786832051.826221191,1.4487,45.5,1500019456,0x0
1786832052.869416794,1.7299,45.5,1500022656,0x0
1786832053.912632503,1.6960,45.5,1500016128,0x0
1786832054.955800614,1.4552,45.5,1500019456,0x0
1786832055.998929795,1.4599,45.5,1500022656,0x0
1786832057.042116894,1.4322,45.5,1500019456,0x0
1786832058.085282304,1.4457,46.1,1500016128,0x0
1786832059.128447598,1.4515,46.1,1500019456,0x0
1786832060.171785553,1.4480,45.0,1500016128,0x0
1786832061.215011040,1.4398,45.5,1500022656,0x0
1786832062.258122688,1.4406,45.5,1500019456,0x0
1786832063.301274999,1.4277,45.5,1500012800,0x0
1786832064.344438395,1.4708,46.1,1500019456,0x0
1786832065.387673156,1.4304,47.2,1500022656,0x0
1786832066.430844470,1.4438,45.5,1500022656,0x0
1786832067.474068742,1.4327,45.5,1500012800,0x0
1786832068.517255507,1.4946,46.6,1500016128,0x0
1786832069.560426360,1.4604,45.0,1500016128,0x0
1786832070.603641152,1.7023,45.0,1500019456,0x0
1786832071.646783033,1.7038,44.4,1500016128,0x0
1786832072.689960983,1.4357,45.5,1500019456,0x0
1786832073.733032835,1.4351,43.9,1500019456,0x0
1786832074.776096105,1.4540,45.5,1500012800,0x0
1786832075.819175204,1.4427,45.5,1500022656,0x0
1786832076.862334149,1.4626,45.5,1500019456,0x0
1786832077.905618663,1.4371,45.5,1500016128,0x0
1786832078.948815042,1.6953,46.1,1500022656,0x0
1786832079.991896011,1.4498,46.1,1500012800,0x0
1786832081.034953676,1.4493,45.5,1500022656,0x0
1786832082.078082133,1.4375,45.5,1500019456,0x0
1786832083.121175141,1.4344,45.5,1500019456,0x0
1786832084.164595995,1.4388,45.0,1500016128,0x0
1786832085.207771955,1.4354,43.9,1500016128,0x0
1786832086.250934762,1.4451,45.5,1500019456,0x0
1786832087.294031621,1.4318,45.0,1500012800,0x0
1786832088.337253566,1.4845,46.1,1500019456,0x0
1786832089.380333173,1.4729,47.2,1500016128,0x0
1786832090.423506665,1.4870,46.1,1500019456,0x0
1786832091.466650985,1.7242,45.0,1500016128,0x0
1786832092.509748783,1.6939,45.5,1500016128,0x0
1786832093.552824446,1.4345,45.5,1500022656,0x0
1786832094.595895047,1.4399,45.5,1500016128,0x0
1786832095.639071920,1.5053,45.5,1500019456,0x0
1786832096.682284066,1.4527,45.5,1500019456,0x0
1786832097.725317189,1.4502,46.6,1500016128,0x0
1786832098.768444789,1.4553,45.5,1500012800,0x0
1786832099.811574735,1.4485,46.1,1500016128,0x0
1786832100.854732344,1.4309,46.1,1500022656,0x0
1786832101.897946854,1.5348,45.5,1500019456,0x0
1786832102.941241341,1.4527,46.1,1500016128,0x0
1786832103.984355564,1.4676,45.0,1500016128,0x0
1786832105.027720373,1.4569,45.0,1500016128,0x0
1786832106.071022549,1.4262,44.4,1500019456,0x0
1786832107.114335737,1.4612,46.6,1500016128,0x0
1786832108.157608218,1.6327,45.5,1500016128,0x0
1786832109.200872360,1.4568,45.0,1500019456,0x0
1786832110.244128312,1.4665,45.5,1500016128,0x0
1786832111.287322835,1.4400,45.0,1500016128,0x0
1786832112.330487740,1.6946,46.6,1500019456,0x0
1786832113.373575496,1.7212,46.1,1500016128,0x0
1786832114.416887410,1.5899,45.5,1500019456,0x0
1786832115.460106025,1.4521,46.6,1500016128,0x0
1786832116.503319764,1.6403,45.0,1500016128,0x0
1786832117.546460275,1.4388,46.1,1500019456,0x0
1786832118.589575784,1.4237,44.4,1500022656,0x0
1786832119.632758324,1.4949,43.9,1500016128,0x0
1786832120.675935395,2.7949,45.0,1500016128,0x0
1786832121.719031167,1.4776,45.5,1500019456,0x0
1786832122.762045879,1.4459,45.0,1500016128,0x0
1786832123.805139049,1.4258,44.4,1500019456,0x0
1786832124.848268177,1.8167,45.5,1500019456,0x0
1786832125.891457447,1.4603,45.0,1500016128,0x0
1786832126.934572602,1.4337,45.0,1500022656,0x0
1786832127.977641809,1.4377,45.5,1500016128,0x0
1786832129.020718345,1.4264,45.0,1500016128,0x0
1786832130.063821948,1.4387,45.0,1500016128,0x0
1786832131.106915715,1.4523,45.5,1500019456,0x0
1786832132.150028940,1.4458,45.0,1500019456,0x0
1786832133.193169678,1.6868,45.0,1500022656,0x0
1786832134.236223636,1.7033,45.5,1500022656,0x0
1786832135.279299347,1.4511,45.0,1500016128,0x0
1786832136.322489720,1.4413,46.1,1500016128,0x0
1786832137.365616884,1.4349,44.4,1500022656,0x0
1786832138.408952117,1.4282,45.5,1500016128,0x0
1786832139.452340734,1.4616,45.5,1500022656,0x0
1786832140.495564385,1.4346,45.5,1500022656,0x0
1786832141.538808383,1.4886,46.6,1500016128,0x0
1786832142.682973794,1.4539,46.1,1500016128,0x0
1786832143.726158820,1.4403,44.4,1500016128,0x0
1786832144.769408768,1.4572,45.0,1500016128,0x0
1786832145.812630396,1.4405,45.5,1500016128,0x0
1786832146.855772649,1.4440,45.5,1500019456,0x0
1786832147.898984398,1.4371,45.0,1500016128,0x0
1786832148.942221865,1.4421,45.5,1500016128,0x0
1786832149.985447400,1.4544,45.5,1500016128,0x0
1786832151.028536950,1.4365,45.0,1500022656,0x0
1786832152.071783791,1.5300,46.6,1500016128,0x0
1786832153.115112277,1.4452,45.0,1500016128,0x0
1786832154.158448534,1.6823,45.5,1500016128,0x0
1786832155.201707233,1.8696,45.0,1500016128,0x0
1786832156.244938205,1.4681,45.0,1500016128,0x0
1786832157.288256487,1.8515,46.1,1500016128,0x0
1786832158.331528450,1.4701,46.1,1500012800,0x0
1786832159.374630280,1.4610,45.0,1500019456,0x0
1786832160.417827939,1.4418,45.0,1500016128,0x0
1786832161.460956519,1.4469,44.4,1500022656,0x0
1786832162.504256279,1.4580,45.0,1500016128,0x0
1786832163.547455591,1.6485,45.0,1500016128,0x0
1786832164.590533826,1.4421,45.5,1500019456,0x0
1786832165.633692406,1.4618,45.0,1500016128,0x0
1786832166.676786521,1.4594,45.0,1500019456,0x0
1786832167.719973798,2.9631,43.3,1500019456,0x0
1786832168.763107367,1.4733,45.0,1500016128,0x0
1786832169.820668182,4.2984,49.9,2400033792,0x0
1786832170.893096594,7.6442,53.8,2400027136,0x0
1786832171.969087869,6.6753,54.3,2400030464,0x0
1786832173.044850549,6.4314,57.1,2400033792,0x0
1786832174.118139072,6.6275,56.0,2400030464,0x0
1786832175.190308226,5.8083,56.5,2400020480,0x0
1786832176.265135712,4.0219,57.1,2400033792,0x0
1786832177.344820573,6.9950,58.2,2400033792,0x0
1786832178.431097707,6.1910,56.5,2400027136,0x0
1786832179.482465963,5.9511,55.4,2400027136,0x0
1786832180.533252440,4.1363,55.4,2400020480,0x0
1786832181.585228202,4.7954,54.3,2400023808,0x0
1786832182.637561235,5.5248,54.3,2400023808,0x0
1786832183.688456402,5.0379,53.8,2400023808,0x0
1786832184.741105944,5.4020,55.4,2400033792,0x0
1786832185.791380532,2.1315,52.1,2400030464,0x0
1786832186.832264357,2.1142,50.5,2400030464,0x0
1786832187.873063955,1.8440,49.9,2400030464,0x0
1786832188.914409045,2.4734,51.0,2400033792,0x0
1786832189.989097364,7.5591,56.5,2400023808,0x0
1786832191.084913224,6.3964,57.1,2400030464,0x0
1786832192.160885657,6.4470,58.7,2400023808,0x0
1786832193.235425779,5.5541,57.6,2400030464,0x0
1786832194.287792728,5.2664,56.5,2400030464,0x0
1786832195.341630739,6.0019,56.0,2400033792,0x0
1786832196.394925416,5.7462,56.0,2400030464,0x0
1786832197.447699055,5.9601,56.0,2400030464,0x0
1786832198.500859261,5.2202,56.0,2400023808,0x0
1786832199.553015932,5.3017,56.0,2400023808,0x0
1786832200.606777552,5.9319,56.0,2400023808,0x0
1786832201.658906289,4.6118,55.4,2400023808,0x0
1786832202.710636710,5.5847,56.0,2400023808,0x0
1786832203.762610791,2.1221,51.0,2400020480,0x0
1786832204.803476360,2.1241,51.6,2400033792,0x0
1786832205.844775848,2.7342,51.0,2400020480,0x0
1786832206.904082745,6.8619,57.1,2400027136,0x0
1786832207.985141511,4.7108,59.8,2400020480,0x0
1786832209.061307894,7.4602,59.3,2400027136,0x0
1786832210.130328314,5.8066,57.1,2400023808,0x0
1786832211.183719507,5.3346,56.5,2400023808,0x0
1786832212.234963449,5.8620,58.2,2400033792,0x0
1786832213.287186678,5.4951,58.7,2400027136,0x0
1786832214.340538118,5.5478,58.2,2400033792,0x0
1786832215.393563334,5.1463,57.6,2400033792,0x0
1786832216.444830705,5.3202,56.5,2400027136,0x0
1786832217.498269262,5.9931,56.5,2400023808,0x0
1786832218.569771747,5.0109,59.8,2400027136,0x0
1786832219.623334629,4.8590,57.1,2400030464,0x0
1786832220.674532762,4.7238,57.6,2400030464,0x0
1786832221.726634089,5.7216,57.1,2400023808,0x0
1786832222.780035238,4.4200,57.6,2400020480,0x0
1786832223.831458043,5.2764,57.6,2400030464,0x0
1786832224.883719154,5.7408,58.2,2400030464,0x0
1786832225.934828046,5.3796,56.5,2400023808,0x0
1786832226.986934946,4.7416,58.2,2400020480,0x0
1786832228.037211242,2.1413,55.4,2400027136,0x0
1786832229.078163663,2.1058,53.8,2400027136,0x0
1786832230.119128970,1.9003,52.7,2400027136,0x0
1786832231.161225951,2.8248,53.2,2400027136,0x0
1786832232.217251939,7.5713,58.7,2400020480,0x0
1786832233.299595266,3.7716,59.8,2400030464,0x0
1786832234.368239782,5.5636,58.7,2400033792,0x0
1786832235.441220528,5.2123,57.1,2400027136,0x0
1786832236.514650581,5.8068,58.7,2400030464,0x0
1786832237.568115120,5.8882,58.2,2400030464,0x0
1786832238.622376242,4.4777,57.6,2400027136,0x0
1786832239.676582102,5.6249,59.3,2400027136,0x0
1786832240.728029901,4.8575,58.7,2400030464,0x0
1786832241.779879360,2.1963,56.5,2400023808,0x0
1786832242.820813677,2.1502,53.8,2400023808,0x0
1786832243.861632326,1.8654,54.3,2400027136,0x0
1786832244.903009559,2.9040,54.3,2400023808,0x0
1786832245.961123966,4.6201,59.3,2400037120,0x0
1786832247.037197132,7.4030,61.5,2400027136,0x0
1786832248.105871153,5.2080,59.3,2400023808,0x0
1786832249.157984640,5.0298,57.6,2400033792,0x0
1786832250.211150097,5.2038,57.6,2400023808,0x0
1786832251.263272391,2.6158,56.5,2400023808,0x0
1786832252.307632136,2.1636,55.4,2400033792,0x0
1786832253.348576656,2.1292,53.2,2400033792,0x0
1786832254.389781116,2.7342,52.7,2400023808,0x0
1786832255.441135251,3.5117,58.7,2400027136,0x0
1786832256.520941564,3.1319,58.2,2400020480,0x0
1786832257.571997046,3.2735,57.6,2400027136,0x0
1786832258.626038618,3.4865,58.2,2400030464,0x0
1786832259.678647324,5.6498,57.6,2400033792,0x0
1786832260.730256587,5.2559,57.6,2400033792,0x0
1786832261.783395654,2.1173,54.9,2400020480,0x0
1786832262.824384271,2.1282,53.2,2400023808,0x0
1786832263.865261126,1.8658,53.2,2400033792,0x0
1786832264.906309810,2.2776,52.7,1700017792,0x0
1786832265.952619403,1.9139,51.0,1500016128,0x0
1786832266.995939769,1.4824,52.1,1500019456,0x0
1786832268.039063707,2.1139,52.1,2400037120,0x0
1786832269.080459374,2.1175,51.6,2400033792,0x0
1786832270.121576910,2.1343,51.0,2400023808,0x0
1786832271.163384438,2.6495,52.7,2400033792,0x0
1786832272.217133113,7.3862,57.1,2400020480,0x0
1786832273.293251167,5.1245,57.6,2400037120,0x0
1786832274.346863409,5.4714,56.5,2400037120,0x0
1786832275.399370247,5.3133,58.2,2400023808,0x0
1786832276.452900075,4.4816,56.0,2400023808,0x0
1786832277.504934261,2.1289,55.4,2400023808,0x0
1786832278.546241398,2.1370,53.2,2400030464,0x0
1786832279.587318273,2.1198,51.6,2400030464,0x0
1786832280.629500620,2.6252,52.7,2400027136,0x0
1786832281.677122505,2.1703,51.6,2400030464,0x0
1786832282.718317573,1.7203,52.1,1500022656,0x0
1786832283.761815809,1.7531,50.5,1500019456,0x0
1786832284.817119673,6.9776,56.5,2400020480,0x0
1786832285.900562232,7.7726,58.7,2400030464,0x0
1786832286.977125866,6.6580,60.4,2400027136,0x0
1786832288.059699756,6.8844,60.4,2400027136,0x0
1786832289.149154341,5.8693,62.0,2400030464,0x0
1786832290.216876092,4.6452,62.0,2400033792,0x0
1786832291.294708426,5.2858,60.4,2400033792,0x0
1786832292.346656008,5.0897,58.2,2400023808,0x0
1786832293.397316297,5.2278,58.7,2400033792,0x0
1786832294.450254199,4.8371,59.3,2400020480,0x0
1786832295.502333047,5.1146,57.6,2400023808,0x0
1786832296.575020062,4.9928,59.3,2400033792,0x0
1786832297.645726956,5.4276,59.8,2400027136,0x0
1786832298.696915114,4.7988,59.3,2400023808,0x0
1786832299.747917085,2.1552,55.4,2400027136,0x0
1786832300.788947577,2.1277,52.1,2400020480,0x0
1786832301.829895937,1.8861,53.8,2400033792,0x0
1786832302.871486271,2.9533,53.2,2400027136,0x0
1786832303.945179163,5.0321,58.2,2400027136,0x0
1786832305.032668707,5.9792,59.3,2400030464,0x0
1786832306.117151081,7.4024,62.0,2400030464,0x0
1786832307.193242336,7.3744,62.6,2400030464,0x0
1786832308.280967090,7.4955,62.6,2400023808,0x0
1786832309.356823618,5.6467,62.0,2400033792,0x0
1786832310.438807975,5.4774,60.4,2400020480,0x0
1786832311.491934784,5.7229,58.2,2400023808,0x0
1786832312.544855276,5.7691,60.9,2400033792,0x0
1786832313.596705994,5.6814,58.7,2400023808,0x0
1786832314.648645560,5.1256,58.2,2400023808,0x0
1786832315.700767437,5.4141,58.7,2400033792,0x0
1786832316.752626904,5.2889,58.7,2400020480,0x0
1786832317.805346585,5.5081,58.2,2400027136,0x0
1786832318.857838135,5.0939,58.7,2400023808,0x0
1786832319.908910412,5.3316,59.3,2400027136,0x0
1786832320.957910162,2.1613,56.5,2400033792,0x0
1786832321.998733663,2.1278,55.4,2400020480,0x0
1786832323.039442181,2.1244,54.3,2400033792,0x0
1786832324.081678074,3.4084,53.2,2400033792,0x0
1786832325.141129802,7.4432,58.7,2400030464,0x0
1786832326.217017702,5.9252,59.8,2400020480,0x0
1786832327.281131079,5.6390,61.5,2400033792,0x0
1786832328.369086675,7.5566,60.4,2400030464,0x0
1786832329.465122310,7.5387,60.9,2400033792,0x0
1786832330.541288324,5.6228,61.5,2400020480,0x0
1786832331.617244151,7.5138,62.6,2400033792,0x0
1786832332.684855564,5.1959,62.0,2400033792,0x0
1786832333.736536444,4.3801,59.3,2400027136,0x0
1786832334.789246240,5.0399,59.3,2400027136,0x0
1786832335.840787651,5.6102,59.8,2400027136,0x0
1786832336.888800211,5.0322,59.3,2400027136,0x0
1786832337.941592608,5.7646,59.3,2400030464,0x0
1786832338.995457588,5.1907,58.7,2400023808,0x0
1786832340.047142801,4.8956,58.7,2400027136,0x0
1786832341.096719023,4.8854,60.4,2400023808,0x0
1786832342.148973281,3.8634,57.6,2400023808,0x0
1786832343.199213883,3.8981,59.3,2400030464,0x0
1786832344.249834534,2.1436,57.6,2400033792,0x0
1786832345.290862502,2.1199,54.3,2400033792,0x0
1786832346.336328384,2.1756,54.3,2400033792,0x0
1786832347.377368568,2.1091,53.2,2400033792,0x0
1786832348.418325398,2.0916,52.7,2400023808,0x0
1786832349.459453743,1.7694,52.1,1500016128,0x0
1786832350.513334115,6.9408,54.3,2400027136,0x0
1786832351.581740596,5.0365,57.6,2400033792,0x0
1786832352.635486684,5.6628,58.2,2400023808,0x0
1786832353.689183548,5.0375,57.6,2400027136,0x0
1786832354.741881637,4.9933,57.6,2400027136,0x0
1786832355.794144189,5.7077,57.6,2400033792,0x0
1786832356.846773921,5.5922,58.2,2400027136,0x0
1786832357.900921325,5.9656,58.2,2400023808,0x0
1786832358.953286293,5.6644,57.1,2400037120,0x0
1786832360.005419649,5.3883,58.2,2400027136,0x0
1786832361.055979918,2.1572,57.6,2400027136,0x0
1786832362.096936024,2.1765,54.3,2400023808,0x0
1786832363.137729127,1.8691,53.8,2400033792,0x0
1786832364.179993681,2.7059,53.8,2400023808,0x0
1786832365.226407929,1.7369,52.1,1500019456,0x0
1786832366.270195264,1.7355,51.6,1500022656,0x0
1786832367.313363859,1.4819,51.0,1500012800,0x0
1786832368.373118179,3.7484,56.5,2400030464,0x0
1786832369.455773259,5.3638,58.2,2400020480,0x0
1786832370.509547000,6.1867,57.6,2400033792,0x0
1786832371.560833198,5.8201,56.0,2400027136,0x0
1786832372.612967389,2.1977,56.0,2400027136,0x0
1786832373.653937147,2.1471,54.3,2400027136,0x0
1786832374.694817958,1.9192,52.7,2400023808,0x0
1786832375.736463633,2.9707,53.2,2400030464,0x0
1786832376.781037970,2.1240,52.1,2400023808,0x0
1786832377.822421326,1.7558,51.0,1500016128,0x0
1786832378.865829240,1.4774,51.0,1500019456,0x0
1786832379.921130297,3.4212,56.5,2400033792,0x0
1786832380.987226579,5.5246,59.3,2400023808,0x0
1786832382.069166627,4.5738,59.8,2400033792,0x0
1786832383.144839675,6.7122,60.4,2400020480,0x0
1786832384.225079024,7.3752,60.9,2400023808,0x0
1786832385.305178020,5.3057,61.5,2400033792,0x0
1786832386.382731065,3.0463,60.4,2400027136,0x0
1786832387.437314329,3.6169,58.7,2400020480,0x0
1786832388.490732078,4.7457,60.4,2400033792,0x0
1786832389.543698365,5.4777,58.2,2400030464,0x0
1786832390.595920098,5.4757,58.7,2400033792,0x0
1786832391.648073273,5.6161,59.3,2400020480,0x0
1786832392.699949744,5.3233,58.2,2400030464,0x0
1786832393.753575367,5.9917,58.7,2400030464,0x0
1786832394.803910230,5.8682,58.2,2400027136,0x0
1786832395.854551478,5.2420,58.7,2400023808,0x0
1786832396.905807330,4.5218,59.3,2400023808,0x0
1786832397.961756093,5.6812,58.2,2400020480,0x0
1786832399.035980960,2.1259,55.4,2400033792,0x0
1786832400.078967671,2.1103,53.8,2400023808,0x0
1786832401.122495413,2.6624,53.2,2400023808,0x0
1786832402.181999605,6.0198,58.7,2400027136,0x0
1786832403.245024124,5.9283,61.5,2400027136,0x0
1786832404.313172885,5.9629,61.5,2400023808,0x0
1786832405.388919409,6.4788,61.5,2400030464,0x0
1786832406.473112098,7.3809,62.6,2400030464,0x0
1786832407.548829542,5.5956,63.7,2400023808,0x0
1786832408.620825100,6.5257,62.6,2400023808,0x0
1786832409.695624027,6.5742,64.2,2400023808,0x0
1786832410.786461458,5.7816,60.9,2400033792,0x0
1786832411.849590046,4.3869,60.4,2400030464,0x0
1786832412.902029682,5.6112,59.8,2400030464,0x0
1786832413.951464427,5.0458,58.7,2400027136,0x0
1786832415.003193099,5.2714,58.7,2400027136,0x0
1786832416.054443846,5.9538,61.5,2400027136,0x0
1786832417.105461702,4.8603,58.7,2400030464,0x0
1786832418.158717523,4.4920,59.8,2400023808,0x0
1786832419.210398518,2.8339,59.3,2400033792,0x0
1786832420.262539267,5.2504,58.7,2400033792,0x0
1786832421.316919757,4.5084,59.3,2400020480,0x0
1786832422.367826250,2.1430,54.9,2400023808,0x0
1786832423.408733008,2.1576,54.3,2400030464,0x0
1786832424.449660744,1.6399,53.2,1900026112,0x0
1786832425.493611274,5.6175,56.5,2400023808,0x0
1786832426.548136195,5.7176,58.2,2400020480,0x0
1786832427.602289320,5.5590,58.2,2400033792,0x0
1786832428.655851908,5.9879,59.8,2400027136,0x0
1786832429.709695826,5.8540,58.7,2400030464,0x0
1786832430.764117848,5.2517,57.6,2400027136,0x0
1786832431.818013871,4.6274,58.7,2400030464,0x0
1786832432.871291099,5.2272,58.7,2400023808,0x0
1786832433.924218735,5.9490,59.3,2400027136,0x0
1786832434.978544303,5.1163,58.2,2400023808,0x0
1786832436.031588858,5.7769,59.3,2400023808,0x0
1786832437.084814798,5.1229,60.4,2400030464,0x0
1786832438.137754905,5.7831,58.2,2400030464,0x0
1786832439.190588398,2.5898,58.7,2400020480,0x0
1786832440.234393244,4.9843,59.8,2400020480,0x0
1786832441.287530619,5.0292,59.3,2400033792,0x0
1786832442.341674781,5.1193,59.8,2400023808,0x0
1786832443.397622503,4.6120,58.7,2400027136,0x0
1786832444.451043017,5.0672,57.6,2400027136,0x0
1786832445.504850784,5.1271,59.8,2400023808,0x0
1786832446.558085591,5.9305,59.8,2400020480,0x0
1786832447.611195210,5.5458,59.3,2400023808,0x0
1786832448.664630565,5.8476,58.2,2400033792,0x0
1786832449.718822042,5.0471,60.4,2400030464,0x0
1786832450.770749069,5.2316,59.8,2400027136,0x0
1786832451.824049399,5.6482,61.5,2400027136,0x0
1786832452.877585355,5.0270,59.8,2400030464,0x0
1786832453.930953420,4.5304,59.8,2400027136,0x0
1786832454.984763666,5.6051,59.8,2400033792,0x0
1786832456.038868906,5.2110,59.3,2400030464,0x0
1786832457.092992533,5.0445,58.7,2400027136,0x0
1786832458.146398033,5.2249,59.3,2400033792,0x0
1786832459.200760579,5.1539,59.3,2400030464,0x0
1786832460.253913075,5.7919,59.3,2400030464,0x0
1786832461.307705213,4.5645,60.9,2400033792,0x0
1786832462.360912000,5.2913,59.3,2400027136,0x0
1786832463.414983409,5.6485,58.7,2400020480,0x0
1786832464.469883995,5.0390,58.7,2400030464,0x0
1786832465.522638500,6.1079,59.8,2400030464,0x0
1786832466.575799796,5.8337,59.3,2400023808,0x0
1786832467.628638352,6.0482,59.3,2400023808,0x0
1786832468.682584693,5.0430,59.3,2400033792,0x0
1786832469.737264750,5.0207,60.9,2400027136,0x0
1786832470.791018088,6.0529,60.4,2400020480,0x0
1786832471.845146218,5.2433,60.4,2400030464,0x0
1786832472.898933718,5.1970,60.4,2400033792,0x0
1786832473.953382563,5.6783,60.9,2400033792,0x0
1786832475.008683252,4.8451,59.3,2400030464,0x0
1786832476.062525207,5.2252,59.8,2400027136,0x0
1786832477.115336203,5.5118,59.8,2400023808,0x0
1786832478.168147938,5.4014,59.8,2400023808,0x0
1786832479.222284458,5.4649,60.9,2400023808,0x0
1786832480.279348438,5.3010,59.8,2400020480,0x0
1786832481.332463497,5.8334,58.7,2400030464,0x0
1786832482.385689516,5.2541,58.2,2400027136,0x0
1786832483.441212351,5.2910,60.4,2400027136,0x0
1786832484.495980744,5.6214,59.3,2400033792,0x0
1786832485.551039447,5.5780,59.3,2400027136,0x0
1786832486.605277969,5.6581,58.2,2400030464,0x0
1786832487.659581987,5.7732,58.7,2400030464,0x0
1786832488.713871170,5.9666,58.7,2400023808,0x0
1786832489.768309257,5.1968,58.7,2400020480,0x0
1786832490.822231457,5.2041,60.9,2400020480,0x0
1786832491.875558139,5.8290,58.7,2400027136,0x0
1786832492.929702740,5.4040,58.7,2400027136,0x0
1786832493.983059732,5.6183,57.6,2400020480,0x0
1786832495.036561499,5.3566,60.9,2400030464,0x0
1786832496.089774006,5.7092,59.3,2400020480,0x0
1786832497.143089417,5.1865,59.8,2400037120,0x0
1786832498.197502116,5.3066,59.8,2400033792,0x0
1786832499.252451067,5.3361,59.3,2400030464,0x0
1786832500.307055204,4.7118,59.8,2400030464,0x0
1786832501.360700234,5.6967,59.8,2400023808,0x0
1786832502.414765018,5.9186,59.3,2400023808,0x0
1786832503.469521314,5.1420,59.3,2400027136,0x0
1786832504.522708692,5.7435,58.2,2400027136,0x0
1786832505.576355453,4.4558,60.4,2400023808,0x0
1786832506.631156371,5.6093,58.7,2400027136,0x0
1786832507.685417198,5.3650,60.9,2400033792,0x0
1786832508.740056520,5.7692,58.7,2400027136,0x0
1786832509.792855186,5.2087,58.7,2400030464,0x0
1786832510.846196272,4.9406,59.3,2400020480,0x0
1786832511.898795138,5.3057,59.3,2400020480,0x0
1786832512.953595154,5.6675,60.4,2400027136,0x0
1786832514.008210650,5.4162,60.9,2400027136,0x0
1786832515.062417628,5.3032,60.4,2400027136,0x0
1786832516.115932664,6.3017,59.8,2400020480,0x0
1786832517.170487858,5.4968,59.8,2400027136,0x0
1786832518.224910550,5.7027,59.3,2400033792,0x0
1786832519.280380159,4.9662,59.8,2400023808,0x0
1786832520.335078420,5.9180,57.6,2400023808,0x0
1786832521.389908788,5.1529,60.4,2400020480,0x0
1786832522.443362089,5.9214,59.3,2400027136,0x0
1786832523.496669926,5.2428,59.3,2400030464,0x0
1786832524.549918039,5.8688,58.2,2400030464,0x0
1786832525.603225520,5.0422,59.3,2400033792,0x0
1786832526.658212321,5.5876,58.7,2400030464,0x0
1786832527.713273637,5.5896,58.2,2400027136,0x0
1786832528.767607641,5.4085,59.3,2400033792,0x0
1786832529.822066976,5.6260,58.7,2400027136,0x0
1786832530.875675333,5.9285,58.7,2400027136,0x0
1786832531.929719315,5.9134,59.3,2400020480,0x0
1786832532.983228186,4.6339,59.3,2400027136,0x0
1786832534.036230022,4.6804,58.7,2400030464,0x0
1786832535.089581039,5.4030,59.8,2400027136,0x0
1786832536.142279576,5.6722,59.3,2400023808,0x0
1786832537.196247492,5.5875,60.4,2400027136,0x0
1786832538.248525879,5.1653,57.6,2400033792,0x0
1786832539.302067627,4.7229,58.7,2400027136,0x0
1786832540.354982654,5.0212,58.7,2400027136,0x0
1786832541.409659131,5.0589,58.7,2400023808,0x0
1786832542.464063237,4.9439,59.8,2400030464,0x0
1786832543.517348144,5.3901,59.8,2400027136,0x0
1786832544.572311279,5.6210,59.3,2400033792,0x0
1786832545.627518114,5.7303,58.7,2400033792,0x0
1786832546.681525214,5.3704,59.3,2400027136,0x0
1786832547.734905353,5.0952,60.9,2400030464,0x0
1786832548.789086763,5.8786,59.3,2400023808,0x0
1786832549.842510379,5.3693,57.6,2400027136,0x0
1786832550.896160788,5.0763,59.3,2400027136,0x0
1786832551.951132741,5.7297,59.3,2400027136,0x0
1786832553.003777301,5.6405,58.7,2400027136,0x0
1786832554.056891356,5.5224,59.3,2400037120,0x0
1786832555.111355566,5.4315,60.4,2400023808,0x0
1786832556.165903365,4.9353,58.7,2400027136,0x0
1786832557.220901364,5.3216,60.4,2400033792,0x0
1786832558.275290124,4.4104,58.7,2400027136,0x0
1786832559.328508871,3.3760,59.8,2400027136,0x0
1786832560.382714628,5.7728,59.8,2400023808,0x0
1786832561.435964093,5.1980,59.3,2400033792,0x0
1786832562.490118254,5.0933,58.7,2400027136,0x0
1786832563.543448252,5.9407,59.8,2400027136,0x0
1786832564.598463125,5.3586,58.7,2400033792,0x0
1786832565.651554676,5.4803,61.5,2400030464,0x0
1786832566.705381701,5.1901,57.6,2400030464,0x0
1786832567.759554370,5.6073,60.4,2400033792,0x0
1786832568.813367114,5.7458,60.4,2400023808,0x0
1786832569.867883906,5.5087,59.8,2400037120,0x0
1786832570.921539721,5.0130,59.3,2400030464,0x0
1786832571.975752196,4.9614,59.3,2400027136,0x0
1786832573.029737542,5.2807,59.3,2400027136,0x0
1786832574.083643238,5.9647,59.8,2400027136,0x0
1786832575.137026954,5.2049,59.3,2400020480,0x0
1786832576.195086765,4.9621,58.7,2400027136,0x0
1786832577.248748105,5.3325,58.7,2400023808,0x0
1786832578.302803848,5.0422,58.2,2400020480,0x0
1786832579.355752466,5.9933,59.3,2400027136,0x0
1786832580.409526707,5.9159,58.7,2400027136,0x0
1786832581.462396877,5.3127,60.4,2400023808,0x0
1786832582.516339631,5.1451,58.7,2400023808,0x0
1786832583.566763296,5.0870,59.8,2400020480,0x0
1786832584.621378616,5.9877,58.7,2400027136,0x0
1786832585.675595010,5.1294,59.3,2400023808,0x0
1786832586.730033735,5.2454,60.9,2400023808,0x0
1786832587.784035942,5.1446,60.4,2400027136,0x0
1786832588.837383614,5.9289,58.7,2400020480,0x0
1786832589.892345885,5.9102,59.3,2400027136,0x0
1786832590.947333635,5.4065,58.7,2400023808,0x0
1786832592.000127638,5.3610,60.4,2400027136,0x0
1786832593.054013818,5.2034,60.4,2400020480,0x0
1786832594.107708978,5.0067,60.4,2400027136,0x0
1786832595.162161632,5.2921,59.3,2400027136,0x0
1786832596.215156589,5.1688,59.3,2400033792,0x0
1786832597.269160649,4.4945,59.8,2400030464,0x0
1786832598.323184892,5.4609,58.7,2400020480,0x0
1786832599.377004450,6.1015,58.2,2400020480,0x0
1786832600.431380946,5.5263,58.7,2400033792,0x0
1786832601.485294999,5.5038,59.3,2400030464,0x0
1786832602.540314506,6.2341,60.4,2400027136,0x0
1786832603.594370887,4.9314,60.4,2400027136,0x0
1786832604.647307090,5.0660,60.4,2400027136,0x0
1786832605.700711102,5.7171,59.8,2400023808,0x0
1786832606.755708120,5.5827,60.4,2400023808,0x0
1786832607.809122776,4.9154,60.9,2400030464,0x0
1786832608.862092156,5.2250,59.3,2400020480,0x0
1786832609.916084471,4.8546,60.9,2400020480,0x0
1786832610.969652806,5.3096,59.3,2400020480,0x0
1786832612.023140344,5.4132,59.3,2400030464,0x0
1786832613.077629095,5.2345,61.5,2400030464,0x0
1786832614.131956678,5.3021,59.8,2400020480,0x0
1786832615.185736541,4.8629,59.3,2400020480,0x0
1786832616.242371957,4.6397,59.3,2400023808,0x0
1786832617.296843219,5.8378,58.7,2400027136,0x0
1786832618.351151462,5.5567,60.4,2400027136,0x0
1786832619.404334378,5.2638,59.8,2400027136,0x0
1786832620.457204257,5.8557,59.8,2400027136,0x0
1786832621.510957183,5.1458,59.3,2400033792,0x0
1786832622.563981632,5.2994,59.8,2400033792,0x0
1786832623.617000115,5.1443,59.3,2400027136,0x0
1786832624.671288644,4.9937,59.8,2400023808,0x0
1786832625.724762380,5.7573,59.8,2400027136,0x0
1786832626.779350421,5.2079,60.4,2400030464,0x0
1786832627.833282003,5.1670,59.3,2400027136,0x0
1786832628.887452988,5.0687,59.3,2400027136,0x0
1786832629.940798533,5.2843,58.2,2400027136,0x0
1786832630.995287068,4.3761,59.3,2400020480,0x0
1786832632.050062821,5.6985,58.2,2400023808,0x0
1786832633.103497378,4.7241,59.3,2400027136,0x0
1786832634.157304135,5.0926,59.8,2400030464,0x0
1786832635.210127082,5.8935,59.3,2400020480,0x0
1786832636.264458553,5.2453,60.4,2400027136,0x0
1786832637.317709827,5.5522,60.4,2400023808,0x0
1786832638.370986303,5.2361,58.2,2400027136,0x0
1786832639.424975716,5.0122,59.8,2400030464,0x0
1786832640.477917709,4.8972,58.2,2400020480,0x0
1786832641.531933729,5.1749,59.8,2400023808,0x0
1786832642.586540133,5.8000,59.8,2400033792,0x0
1786832643.640959759,5.2485,59.8,2400027136,0x0
1786832644.694990459,5.8518,60.9,2400030464,0x0
1786832645.748236071,5.6917,59.3,2400023808,0x0
1786832646.802019715,5.6059,59.8,2400023808,0x0
1786832647.854754937,5.7647,59.3,2400027136,0x0
1786832648.908503892,4.0717,59.8,2400020480,0x0
1786832649.962703380,5.1753,59.3,2400030464,0x0
1786832651.015567559,5.2379,59.8,2400020480,0x0
1786832652.068836716,5.1748,59.3,2400020480,0x0
1786832653.123332141,5.5627,61.5,2400033792,0x0
1786832654.176144631,5.0560,58.7,2400033792,0x0
1786832655.230010593,4.6937,59.8,2400027136,0x0
1786832656.284858010,5.2679,59.8,2400033792,0x0
1786832657.339569222,5.5644,57.6,2400033792,0x0
1786832658.393555605,5.2410,60.9,2400023808,0x0
1786832659.448238388,5.2532,59.3,2400030464,0x0
1786832660.501888825,5.8211,59.8,2400023808,0x0
1786832661.555311818,5.3637,59.3,2400033792,0x0
1786832662.609266657,5.2818,58.7,2400030464,0x0
1786832663.663147309,5.8479,59.8,2400023808,0x0
1786832664.716794980,5.7090,59.8,2400030464,0x0
1786832665.769163418,5.5834,59.3,2400030464,0x0
1786832666.822628680,5.1971,60.9,2400030464,0x0
1786832667.875792349,5.9384,59.3,2400027136,0x0
1786832668.931202946,5.0306,59.3,2400037120,0x0
1786832669.985556678,5.3274,59.8,2400023808,0x0
1786832671.039104969,5.1751,60.4,2400030464,0x0
1786832672.093203052,5.3839,59.3,2400020480,0x0
1786832673.146685099,5.1894,59.8,2400033792,0x0
1786832674.200352107,5.8153,58.7,2400033792,0x0
1786832675.254432778,5.9439,60.9,2400023808,0x0
1786832676.307633637,5.2358,59.3,2400023808,0x0
1786832677.365045966,5.2568,59.8,2400023808,0x0
1786832678.418443118,6.2922,58.2,2400027136,0x0
1786832679.471953193,5.1466,58.7,2400033792,0x0
1786832680.525124843,5.8434,59.3,2400020480,0x0
1786832681.578456768,5.3249,58.7,2400023808,0x0
1786832682.632969479,5.4923,58.7,2400023808,0x0
1786832683.689052752,5.3270,59.3,2400030464,0x0
1786832684.742984872,5.0883,59.3,2400033792,0x0
1786832685.796601029,4.9547,59.3,2400023808,0x0
1786832686.849815465,4.6688,58.7,2400033792,0x0
1786832687.904557889,5.1301,58.7,2400020480,0x0
1786832688.958465892,4.9396,60.4,2400030464,0x0
1786832690.011760063,5.9615,59.8,2400030464,0x0
1786832691.065712173,5.8533,59.8,2400020480,0x0
1786832692.125132688,5.7218,59.3,2400027136,0x0
1786832693.179573458,5.6981,57.6,2400033792,0x0
1786832694.234439261,5.0274,59.3,2400030464,0x0
1786832695.287865183,5.9421,59.3,2400023808,0x0
1786832696.342810630,5.2322,59.8,2400023808,0x0
1786832697.397032654,5.3030,58.7,2400020480,0x0
1786832698.451592360,5.3016,59.3,2400027136,0x0
1786832699.506277879,5.3346,59.8,2400033792,0x0
1786832700.560934895,5.6981,60.4,2400020480,0x0
1786832701.613841516,5.4153,58.7,2400030464,0x0
1786832702.668137995,4.6655,59.3,2400030464,0x0
1786832703.721975031,5.7725,58.7,2400027136,0x0
1786832704.776529506,5.6706,60.9,2400033792,0x0
1786832705.830102319,5.3997,58.7,2400027136,0x0
1786832706.885328008,5.3307,59.3,2400030464,0x0
1786832707.939275815,5.6480,59.3,2400020480,0x0
1786832708.992887827,4.8608,59.3,2400030464,0x0
1786832710.046380061,5.8551,59.8,2400023808,0x0
1786832711.099432536,5.2468,58.7,2400030464,0x0
1786832712.153531726,5.5919,59.3,2400023808,0x0
1786832713.207145842,5.4525,58.2,2400037120,0x0
1786832714.260593496,5.5754,60.4,2400027136,0x0
1786832715.316509483,4.2056,60.9,2400023808,0x0
1786832716.370123780,5.2176,58.7,2400030464,0x0
1786832717.424904624,5.5905,60.4,2400030464,0x0
1786832718.478570918,5.2085,59.3,2400027136,0x0
1786832719.534719305,6.0670,59.3,2400033792,0x0
1786832720.589256423,5.4720,59.3,2400020480,0x0
1786832721.642678881,5.1158,59.3,2400030464,0x0
1786832722.696928517,5.4998,58.2,2400023808,0x0
1786832723.749451997,4.8354,59.3,2400023808,0x0
1786832724.802812655,5.2670,58.7,2400027136,0x0
1786832725.857261545,3.7451,59.3,2400027136,0x0
1786832726.902985753,5.0287,59.8,2400023808,0x0
1786832727.957534991,5.4862,60.4,2400023808,0x0
1786832729.011701860,5.4916,57.6,2400020480,0x0
1786832730.066200873,5.4959,60.4,2400030464,0x0
1786832731.119788927,5.5486,58.7,2400030464,0x0
1786832732.174646268,5.0361,60.4,2400020480,0x0
1786832733.227797119,5.8531,60.4,2400033792,0x0
1786832734.282074480,5.2731,59.3,2400023808,0x0
1786832735.336088137,5.2171,59.3,2400020480,0x0
1786832736.390100571,5.9413,59.3,2400030464,0x0
1786832737.445599326,5.0264,60.4,2400033792,0x0
1786832738.498743262,5.8530,59.3,2400030464,0x0
1786832739.553346539,5.0891,59.3,2400033792,0x0
1786832740.606975692,5.4480,58.7,2400020480,0x0
1786832741.661498207,5.9746,60.9,2400030464,0x0
1786832742.716395756,5.7872,58.7,2400023808,0x0
1786832743.770957601,5.5591,58.7,2400033792,0x0
1786832744.825683352,5.5239,59.8,2400030464,0x0
1786832745.879965400,5.3457,59.8,2400027136,0x0
1786832746.932994567,5.2407,59.3,2400027136,0x0
1786832747.987024429,5.7820,59.8,2400020480,0x0
1786832749.042053986,5.0812,58.2,2400027136,0x0
1786832750.095792070,5.2389,59.8,2400030464,0x0
1786832751.149012026,5.6091,59.3,2400027136,0x0
1786832752.201603708,4.6732,60.4,2400030464,0x0
1786832753.254921327,5.7103,59.8,2400033792,0x0
1786832754.309752360,4.4882,59.8,2400020480,0x0
1786832755.363469789,5.9111,60.4,2400037120,0x0
1786832756.417510288,5.7417,58.2,2400030464,0x0
1786832757.471960375,5.9348,60.9,2400030464,0x0
1786832758.526288666,5.8312,58.7,2400030464,0x0
1786832759.580884508,5.3328,59.8,2400020480,0x0
1786832760.634640022,4.9817,58.7,2400027136,0x0
1786832761.688655478,5.0845,59.8,2400027136,0x0
1786832762.742472303,5.8192,59.3,2400020480,0x0
1786832763.797467267,5.6212,59.8,2400030464,0x0
1786832764.851227832,5.1674,59.3,2400030464,0x0
1786832765.905747870,5.0235,59.8,2400020480,0x0
1786832766.958420106,5.1207,59.3,2400023808,0x0
1786832768.011957686,5.2093,59.8,2400030464,0x0
1786832769.064854066,5.6988,58.7,2400030464,0x0
1786832770.119094582,5.8624,58.7,2400033792,0x0
1786832771.173430171,5.6370,60.4,2400027136,0x0
1786832772.227836814,5.6211,58.7,2400030464,0x0
1786832773.283116708,5.9966,60.4,2400033792,0x0
1786832774.337171369,5.6050,59.8,2400027136,0x0
1786832775.390916716,5.2480,60.9,2400033792,0x0
1786832776.444589766,5.4680,59.3,2400023808,0x0
1786832777.498507331,5.9599,58.7,2400033792,0x0
1786832778.552915910,5.1596,59.8,2400020480,0x0
1786832779.606171014,5.9773,59.8,2400020480,0x0
1786832780.659328822,6.0982,59.3,2400023808,0x0
1786832781.714155486,5.8266,59.3,2400030464,0x0
1786832782.768791892,4.5654,61.5,2400033792,0x0
1786832783.822015362,5.7627,59.3,2400027136,0x0
1786832784.875801307,5.8022,60.4,2400030464,0x0
1786832785.929845324,5.7026,59.3,2400030464,0x0
1786832786.983957265,5.7223,59.8,2400027136,0x0
1786832788.037432839,4.7257,58.7,2400030464,0x0
1786832789.089842141,5.3281,60.4,2400027136,0x0
1786832790.143912764,4.9594,58.7,2400027136,0x0
1786832791.197815497,5.7098,59.8,2400030464,0x0
1786832792.251205696,5.1623,59.3,2400030464,0x0
1786832793.305040594,4.7874,59.3,2400020480,0x0
1786832794.357976978,5.6856,60.9,2400027136,0x0
1786832795.412420795,5.5321,59.8,2400030464,0x0
1786832796.465789230,5.8414,59.8,2400033792,0x0
1786832797.519459031,2.8568,60.4,2400030464,0x0
1786832798.572241893,6.1086,59.3,2400033792,0x0
1786832799.626086691,5.9641,58.2,2400027136,0x0
1786832800.680601205,5.5661,59.3,2400037120,0x0
1786832801.735304809,5.8420,57.6,2400030464,0x0
1786832802.789730358,5.8012,59.8,2400027136,0x0
1786832803.843454911,5.0141,59.8,2400020480,0x0
1786832804.898065363,5.3367,59.8,2400023808,0x0
1786832805.951939690,5.9275,59.3,2400023808,0x0
1786832807.005532110,5.1757,59.8,2400033792,0x0
1786832808.058603811,5.6157,60.4,2400027136,0x0
1786832809.112711669,5.9224,59.8,2400030464,0x0
1786832810.166675713,5.9408,59.3,2400023808,0x0
1786832811.219710447,5.0835,59.3,2400023808,0x0
1786832812.273728302,5.7063,59.8,2400030464,0x0
1786832813.328477151,5.5069,60.9,2400023808,0x0
1786832814.383340572,3.9651,58.2,2400023808,0x0
1786832815.437880938,5.8825,59.3,2400027136,0x0
1786832816.492416600,5.8262,59.3,2400030464,0x0
1786832817.546839020,5.9003,60.4,2400020480,0x0
1786832818.599151473,5.4675,59.8,2400023808,0x0
1786832819.652560750,5.7379,62.6,2400033792,0x0
1786832820.707279591,6.1915,61.5,2400023808,0x0
1786832821.761233491,5.0757,59.8,2400033792,0x0
1786832822.814649116,5.5821,60.4,2400033792,0x0
1786832823.867248172,4.9885,59.8,2400020480,0x0
1786832824.921026125,5.7703,59.8,2400027136,0x0
1786832825.975849959,4.8779,58.2,2400027136,0x0
1786832827.029229283,5.6802,59.3,2400020480,0x0
1786832828.083534451,5.7344,59.8,2400030464,0x0
1786832829.138804482,5.8931,59.8,2400033792,0x0
1786832830.193256276,5.6303,60.9,2400030464,0x0
1786832831.247476812,5.4894,59.3,2400023808,0x0
1786832832.300911926,5.0312,59.8,2400023808,0x0
1786832833.355686659,5.2329,58.7,2400033792,0x0
1786832834.409361121,5.6072,59.8,2400030464,0x0
1786832835.464296165,5.7593,60.9,2400020480,0x0
1786832836.517500443,5.0905,60.9,2400033792,0x0
1786832837.571084384,5.8474,59.8,2400027136,0x0
1786832838.624941358,5.6154,58.7,2400030464,0x0
1786832839.677936652,5.5676,59.3,2400033792,0x0
1786832840.731280054,5.6480,58.2,2400020480,0x0
1786832841.785543022,5.3542,59.3,2400027136,0x0
1786832842.839474139,4.4644,59.8,2400027136,0x0
1786832843.893011406,5.8392,59.8,2400027136,0x0
1786832844.947155871,5.8619,60.9,2400020480,0x0
1786832846.000706210,5.8943,58.2,2400030464,0x0
1786832847.054247992,5.0638,60.4,2400027136,0x0
1786832848.107832661,5.3202,59.3,2400023808,0x0
1786832849.161929382,5.8388,59.8,2400023808,0x0
1786832850.215048756,4.9600,59.3,2400023808,0x0
1786832851.267932686,4.5042,59.8,2400033792,0x0
1786832852.320784949,5.7788,61.5,2400023808,0x0
1786832853.374662055,5.0979,59.3,2400027136,0x0
1786832854.428922287,5.1897,59.3,2400023808,0x0
1786832855.483036592,5.6061,59.3,2400027136,0x0
1786832856.536937324,5.1725,59.8,2400027136,0x0
1786832857.591205201,5.1622,60.9,2400027136,0x0
1786832858.644763415,5.4650,59.3,2400030464,0x0
1786832859.699119047,5.7616,59.8,2400030464,0x0
1786832860.753743140,6.0312,58.7,2400030464,0x0
1786832861.806724484,5.5915,60.9,2400023808,0x0
1786832862.859977492,5.1811,61.5,2400027136,0x0
1786832863.912774669,5.7351,59.8,2400020480,0x0
1786832864.966681781,5.2202,60.4,2400030464,0x0
1786832866.019270086,5.9860,60.9,2400027136,0x0
1786832867.074114707,5.3888,59.8,2400023808,0x0
1786832868.127059841,5.9962,60.9,2400033792,0x0
1786832869.178909704,2.9240,59.8,2400027136,0x0
1786832870.231051508,5.4179,60.4,2400023808,0x0
1786832871.284629357,5.6294,59.8,2400027136,0x0
1786832872.339283289,5.0306,60.4,2400023808,0x0
1786832873.393064337,5.5111,60.4,2400033792,0x0
1786832874.448422243,5.7388,60.4,2400020480,0x0
1786832875.503520891,5.6344,58.7,2400020480,0x0
1786832876.558031116,5.1440,59.3,2400033792,0x0
1786832877.611434237,4.7726,59.8,2400033792,0x0
1786832878.665130910,5.7728,59.8,2400020480,0x0
1786832879.718765508,5.2503,59.3,2400020480,0x0
1786832880.771646037,5.8679,60.4,2400027136,0x0
1786832881.824692285,5.3473,59.8,2400023808,0x0
1786832882.877831088,5.7889,59.3,2400030464,0x0
1786832883.935242895,4.7790,61.5,2400037120,0x0
1786832884.989519539,5.5616,59.8,2400033792,0x0
1786832886.044111550,5.4558,60.9,2400020480,0x0
1786832887.098434191,5.0194,59.3,2400027136,0x0
1786832888.151722265,4.8033,59.3,2400023808,0x0
1786832889.206573530,5.7899,61.5,2400020480,0x0
1786832890.260895909,5.1021,59.3,2400030464,0x0
1786832891.314515143,5.2494,59.8,2400033792,0x0
1786832892.367548585,4.9965,60.9,2400027136,0x0
1786832893.421174392,5.8869,59.3,2400030464,0x0
1786832894.474752364,5.1979,59.8,2400033792,0x0
1786832895.528251633,5.0781,58.7,2400027136,0x0
1786832896.581632938,4.4923,61.5,2400023808,0x0
1786832897.636143586,4.9985,59.8,2400020480,0x0
1786832898.689307539,5.0397,60.4,2400020480,0x0
1786832899.743956128,5.3933,60.9,2400020480,0x0
1786832900.798245293,5.6569,59.8,2400027136,0x0
1786832901.852146144,5.3710,60.4,2400023808,0x0
1786832902.905783867,4.8355,61.5,2400027136,0x0
1786832903.959319109,5.9512,63.7,2400027136,0x0
1786832905.013231642,5.7734,60.9,2400027136,0x0
1786832906.066876307,5.2881,61.5,2400027136,0x0
1786832907.120656043,5.6812,60.4,2400027136,0x0
1786832908.173457508,5.7842,61.5,2400023808,0x0
1786832909.225975658,5.1570,61.5,2400033792,0x0
1786832910.278671474,5.1554,60.4,2400027136,0x0
1786832911.332898980,5.7399,62.0,2400023808,0x0
1786832912.388015739,5.1177,60.9,2400033792,0x0
1786832913.442527242,5.6704,60.4,2400023808,0x0
1786832914.496666135,5.4045,59.8,2400020480,0x0
1786832915.550364604,5.8317,60.4,2400030464,0x0
1786832916.605148102,5.1189,60.4,2400030464,0x0
1786832917.659458954,5.2793,61.5,2400023808,0x0
1786832918.713566658,5.8394,60.4,2400033792,0x0
1786832919.767500381,5.3117,60.9,2400020480,0x0
1786832920.821389196,5.8443,59.3,2400033792,0x0
1786832921.875180936,5.5493,61.5,2400023808,0x0
1786832922.928827288,4.9327,60.4,2400023808,0x0
1786832923.981417072,5.1610,60.9,2400027136,0x0
1786832925.034289780,4.9641,59.8,2400030464,0x0
1786832926.087755204,5.7307,59.8,2400030464,0x0
1786832927.142785041,4.4517,60.4,2400020480,0x0
1786832928.197410862,5.0535,60.9,2400023808,0x0
1786832929.252140126,5.4210,59.3,2400030464,0x0
1786832930.305850415,5.7354,60.4,2400020480,0x0
1786832931.359223835,5.9648,62.0,2400027136,0x0
1786832932.412857844,5.2664,60.9,2400033792,0x0
1786832933.467289291,5.6630,60.9,2400020480,0x0
1786832934.520820392,5.1871,60.4,2400030464,0x0
1786832935.574058142,5.0262,60.4,2400027136,0x0
1786832936.627402854,5.7442,60.9,2400030464,0x0
1786832937.682068036,5.2905,60.9,2400027136,0x0
1786832938.734633658,5.5536,59.3,2400030464,0x0
1786832939.787409649,5.7681,60.9,2400030464,0x0
1786832940.840589839,5.6698,59.3,2400033792,0x0
1786832941.895135926,5.2435,60.9,2400030464,0x0
1786832942.949452939,4.8940,60.4,2400030464,0x0
1786832944.005704623,4.8961,60.4,2400033792,0x0
1786832945.060138763,5.0374,59.8,2400023808,0x0
1786832946.113968184,5.7023,60.4,2400023808,0x0
1786832947.167915826,5.3123,59.8,2400030464,0x0
1786832948.221218416,5.6678,59.8,2400030464,0x0
1786832949.276864580,5.1755,59.8,2400030464,0x0
1786832950.330212131,5.1601,60.9,2400027136,0x0
1786832951.383194961,5.7611,59.8,2400030464,0x0
1786832952.436887878,5.2921,61.5,2400030464,0x0
1786832953.490999828,5.7898,60.4,2400027136,0x0
1786832954.543741805,5.2599,59.8,2400030464,0x0
1786832955.597309701,5.1895,60.4,2400020480,0x0
1786832956.651212075,5.5989,60.9,2400027136,0x0
1786832957.705383206,4.8688,60.9,2400020480,0x0
1786832958.759694150,4.9026,59.3,2400030464,0x0
1786832959.814107314,5.9188,60.4,2400027136,0x0
1786832960.867541521,5.6526,60.4,2400033792,0x0
1786832961.921178356,5.6590,59.3,2400020480,0x0
1786832962.974788782,5.8050,58.7,2400023808,0x0
1786832964.028788890,5.2624,59.8,2400033792,0x0
1786832965.081687986,4.9222,60.4,2400027136,0x0
1786832966.135967813,5.0323,60.9,2400020480,0x0
1786832967.189955992,5.1470,60.4,2400030464,0x0
1786832968.242594013,5.3450,59.8,2400033792,0x0
1786832969.295926381,5.9202,59.8,2400020480,0x0
1786832970.349062823,5.3129,59.8,2400030464,0x0
1786832971.403183905,5.5115,59.8,2400033792,0x0
1786832972.457558095,5.0512,59.3,2400030464,0x0
1786832973.512065432,5.2357,61.5,2400023808,0x0
1786832974.565795421,4.9735,60.4,2400020480,0x0
1786832975.619413225,5.0603,59.8,2400020480,0x0
1786832976.673421896,5.7343,59.3,2400023808,0x0
1786832977.727858434,5.7355,60.4,2400030464,0x0
1786832978.780794018,4.8925,59.8,2400030464,0x0
1786832979.833925730,5.6870,59.3,2400030464,0x0
1786832980.887207754,5.0886,59.3,2400023808,0x0
1786832981.940393334,5.8779,60.4,2400020480,0x0
1786832982.993859948,4.9834,59.8,2400030464,0x0
1786832984.047402060,5.1243,59.8,2400030464,0x0
1786832985.102120274,5.1275,59.3,2400020480,0x0
1786832986.156281658,4.4328,59.8,2400033792,0x0
1786832987.210395079,5.4577,59.8,2400020480,0x0
1786832988.263470709,5.0104,60.9,2400033792,0x0
1786832989.317574962,5.0885,60.9,2400023808,0x0
1786832990.370942681,5.5865,59.3,2400030464,0x0
1786832991.425383762,6.0824,59.3,2400033792,0x0
1786832992.479720973,5.7020,59.8,2400020480,0x0
1786832993.534026109,4.6136,60.4,2400023808,0x0
1786832994.587377862,5.7815,59.8,2400033792,0x0
1786832995.640877113,5.3241,59.8,2400033792,0x0
1786832996.693813183,5.9067,60.4,2400033792,0x0
1786832997.748869384,5.6183,60.4,2400027136,0x0
1786832998.802274189,5.8951,60.4,2400020480,0x0
1786832999.856474006,6.2188,60.9,2400027136,0x0
1786833000.910989819,5.7152,61.5,2400020480,0x0
1786833001.965104857,5.3572,59.8,2400033792,0x0
1786833003.019321616,5.3128,60.4,2400030464,0x0
1786833004.073452818,5.5556,59.8,2400030464,0x0
1786833005.127527039,5.3366,59.8,2400030464,0x0
1786833006.181714240,5.5764,59.8,2400023808,0x0
1786833007.236026605,5.4107,59.8,2400030464,0x0
1786833008.289878788,5.0196,60.9,2400027136,0x0
1786833009.343362269,5.2231,59.3,2400027136,0x0
1786833010.396125680,5.4821,60.4,2400033792,0x0
1786833011.450140693,4.8361,59.8,2400030464,0x0
1786833012.503878206,5.2998,60.9,2400037120,0x0
1786833013.557088204,5.7945,60.9,2400030464,0x0
1786833014.612667666,5.9695,60.4,2400033792,0x0
1786833015.667202634,6.1113,58.7,2400030464,0x0
1786833016.721888267,5.5436,59.3,2400030464,0x0
1786833017.774634265,5.2703,59.8,2400027136,0x0
1786833018.829591376,5.3639,58.7,2400027136,0x0
1786833019.883317180,5.2436,59.8,2400027136,0x0
1786833020.937321555,5.8375,59.8,2400027136,0x0
1786833021.991279134,5.4726,60.4,2400020480,0x0
1786833023.045068954,5.5567,59.8,2400027136,0x0
1786833024.098929124,5.0409,60.9,2400027136,0x0
1786833025.152457110,5.7043,60.4,2400023808,0x0
1786833026.205518489,5.8076,60.4,2400033792,0x0
1786833027.258671791,5.9161,59.8,2400037120,0x0
1786833028.313259712,5.6021,58.7,2400030464,0x0
1786833029.368036705,5.9230,60.9,2400027136,0x0
1786833030.423389878,5.9180,59.8,2400023808,0x0
1786833031.477500485,5.0153,60.4,2400020480,0x0
1786833032.531078317,4.9023,60.4,2400020480,0x0
1786833033.585222608,5.1139,59.8,2400030464,0x0
1786833034.638058759,5.7143,60.9,2400020480,0x0
1786833035.691285554,5.8540,59.8,2400033792,0x0
1786833036.744826995,5.6082,60.9,2400030464,0x0
1786833037.799463316,5.6048,59.8,2400023808,0x0
1786833038.853868359,5.3426,59.8,2400020480,0x0
1786833039.907879609,5.8359,59.8,2400027136,0x0
1786833040.960857217,5.1905,58.7,2400030464,0x0
1786833042.014087545,5.7341,60.4,2400027136,0x0
1786833043.068623492,5.6598,61.5,2400023808,0x0
1786833044.123107920,5.8681,59.8,2400023808,0x0
1786833045.177609477,5.8988,59.8,2400023808,0x0
1786833046.232126570,5.7678,60.4,2400020480,0x0
1786833047.285754057,5.2891,59.8,2400033792,0x0
1786833048.340089705,5.2109,61.5,2400020480,0x0
1786833049.394722388,3.9989,62.0,2400020480,0x0
1786833050.448806981,5.6171,62.0,2400020480,0x0
1786833051.503163367,5.6652,61.5,2400023808,0x0
1786833052.557049590,4.4591,59.8,2400023808,0x0
1786833053.609854560,5.0311,60.4,2400030464,0x0
1786833054.663317506,5.2498,61.5,2400027136,0x0
1786833055.717511410,5.6723,61.5,2400033792,0x0
1786833056.772281197,5.7714,61.5,2400023808,0x0
1786833057.827452980,4.9530,61.5,2400030464,0x0
1786833058.881570289,5.0535,61.5,2400020480,0x0
1786833059.935884114,5.8253,62.6,2400030464,0x0
1786833060.989759275,5.5948,60.4,2400033792,0x0
1786833062.044284782,5.0022,60.9,2400033792,0x0
1786833063.098063812,5.1334,61.5,2400020480,0x0
1786833064.151720065,5.5670,60.4,2400020480,0x0
1786833065.206220181,5.1094,60.9,2400027136,0x0
1786833066.259819785,5.2924,60.9,2400027136,0x0
1786833067.313809625,5.0843,60.9,2400027136,0x0
1786833068.368870698,5.1886,59.8,2400023808,0x0
1786833069.423294700,5.1406,59.8,2400033792,0x0
1786833070.476095714,5.3577,60.4,2400027136,0x0
1786833071.531068359,5.3299,59.8,2400027136,0x0
1786833072.585645470,5.0663,60.4,2400020480,0x0
1786833073.639990526,4.9787,59.8,2400030464,0x0
1786833074.694698337,5.0431,59.8,2400030464,0x0
1786833075.748810782,5.6092,59.8,2400023808,0x0
1786833076.803185187,4.5102,61.5,2400020480,0x0
1786833077.857131539,4.9421,59.3,2400020480,0x0
1786833078.911227371,5.7458,59.8,2400030464,0x0
1786833079.965396368,4.5714,60.9,2400030464,0x0
1786833081.019171663,5.8305,59.8,2400023808,0x0
1786833082.073336900,5.3676,59.8,2400033792,0x0
1786833083.127468321,5.3090,60.9,2400020480,0x0
1786833084.181180725,5.4283,59.8,2400030464,0x0
1786833085.235689994,5.0841,60.4,2400033792,0x0
1786833086.289282083,5.5659,60.9,2400027136,0x0
1786833087.343449964,5.2510,59.8,2400027136,0x0
1786833088.397323624,5.8583,60.9,2400030464,0x0
1786833089.451212506,5.0411,59.8,2400027136,0x0
1786833090.505352051,5.6756,61.5,2400027136,0x0
1786833091.559958907,5.6490,60.4,2400030464,0x0
1786833092.614699595,5.2616,60.4,2400030464,0x0
1786833093.668778361,5.8419,59.8,2400023808,0x0
1786833094.721781671,5.8126,59.8,2400033792,0x0
1786833095.774195967,5.7282,59.8,2400027136,0x0
1786833096.827264886,5.3617,60.4,2400030464,0x0
1786833097.880127677,5.8260,60.4,2400027136,0x0
1786833098.933592388,5.2305,60.4,2400033792,0x0
1786833099.987930389,5.0889,61.5,2400033792,0x0
1786833101.041729707,5.3541,59.3,2400033792,0x0
1786833102.095640061,5.3574,60.9,2400020480,0x0
1786833103.148973067,5.2961,60.4,2400027136,0x0
1786833104.202946882,4.9024,59.8,2400033792,0x0
1786833105.256920419,5.7391,59.8,2400030464,0x0
1786833106.311983855,4.9557,59.3,2400027136,0x0
1786833107.364762417,5.3520,58.7,2400033792,0x0
1786833108.418083216,5.8952,59.8,2400030464,0x0
1786833109.471879362,5.3790,59.8,2400030464,0x0
1786833110.524974291,5.9526,59.8,2400020480,0x0
1786833111.578848139,5.0453,60.4,2400027136,0x0
1786833112.632249416,5.6799,60.4,2400023808,0x0
1786833113.685867079,5.5947,59.8,2400027136,0x0
1786833114.739309929,5.2793,59.8,2400020480,0x0
1786833115.793025127,4.8497,58.7,2400033792,0x0
1786833116.846275680,5.4226,60.9,2400027136,0x0
1786833117.900371930,5.2818,59.3,2400023808,0x0
1786833118.955776169,5.5807,59.8,2400027136,0x0
1786833120.009567938,5.7927,59.8,2400027136,0x0
1786833121.064287829,5.4012,61.5,2400020480,0x0
1786833122.116531923,5.4528,59.8,2400030464,0x0
1786833123.170298654,6.0716,60.4,2400027136,0x0
1786833124.222181953,5.2164,59.8,2400030464,0x0
1786833125.275213872,5.7819,58.2,2400033792,0x0
1786833126.328305161,5.2174,59.8,2400020480,0x0
1786833127.382404831,5.0143,59.8,2400027136,0x0
1786833128.435963448,4.9398,59.8,2400030464,0x0
1786833129.488790348,5.1296,59.8,2400030464,0x0
1786833130.542332205,5.2545,59.8,2400023808,0x0
1786833131.595630118,5.2617,59.8,2400027136,0x0
1786833132.648941327,4.7939,60.4,2400027136,0x0
1786833133.702976789,5.9769,60.9,2400023808,0x0
1786833134.756678328,5.6660,60.9,2400023808,0x0
1786833135.809726889,5.2180,58.7,2400023808,0x0
1786833136.863563387,5.6646,60.4,2400023808,0x0
1786833137.918051251,5.2570,58.7,2400023808,0x0
1786833138.971014811,5.5825,59.8,2400023808,0x0
1786833140.025091102,5.0351,60.9,2400020480,0x0
1786833141.078200770,5.7550,58.7,2400027136,0x0
1786833142.132987833,5.2322,59.3,2400020480,0x0
1786833143.187115326,5.4926,60.4,2400033792,0x0
1786833144.240762451,5.1838,59.8,2400020480,0x0
1786833145.294057615,5.1857,59.8,2400030464,0x0
1786833146.347660647,4.9687,58.7,2400033792,0x0
1786833147.401069624,5.4973,59.8,2400020480,0x0
1786833148.454132936,5.9615,60.9,2400023808,0x0
1786833149.507817206,5.1416,59.8,2400030464,0x0
1786833150.561661307,5.7648,60.4,2400027136,0x0
1786833151.615363039,5.9612,61.5,2400030464,0x0
1786833152.669046844,5.9486,59.8,2400027136,0x0
1786833153.722424224,5.7963,59.8,2400027136,0x0
1786833154.776392656,5.3606,59.3,2400027136,0x0
1786833155.830241958,5.1129,60.9,2400030464,0x0
1786833156.883674780,5.3365,60.9,2400023808,0x0
1786833157.938336964,5.2866,60.4,2400030464,0x0
1786833158.993113016,5.3553,58.2,2400023808,0x0
1786833160.047392442,5.2478,60.9,2400027136,0x0
1786833161.100731689,5.3024,59.8,2400023808,0x0
1786833162.154969892,4.9145,59.8,2400023808,0x0
1786833163.208741893,5.7431,61.5,2400020480,0x0
1786833164.262504432,5.2170,58.7,2400027136,0x0
1786833165.317264203,4.9622,59.8,2400030464,0x0
1786833166.371165979,6.0245,60.4,2400033792,0x0
1786833167.424870738,5.1598,60.4,2400023808,0x0
1786833168.478011501,5.7807,57.6,2400020480,0x0
1786833169.531314243,5.2568,61.5,2400027136,0x0
1786833170.585128629,5.6400,60.4,2400027136,0x0
1786833171.639977266,5.0046,60.9,2400027136,0x0
1786833172.693981760,5.3417,59.8,2400027136,0x0
1786833173.751508376,5.4820,61.5,2400023808,0x0
1786833174.805941533,5.4332,60.9,2400020480,0x0
1786833175.860623058,4.7772,60.4,2400027136,0x0
1786833176.913958184,5.5206,59.8,2400033792,0x0
1786833177.968401783,5.9019,60.9,2400030464,0x0
1786833179.021298727,5.2671,60.9,2400027136,0x0
1786833180.075956157,4.4953,59.8,2400020480,0x0
1786833181.129749648,5.1969,60.9,2400027136,0x0
1786833182.182784736,5.4241,59.8,2400027136,0x0
1786833183.236160507,5.7511,59.8,2400020480,0x0
1786833184.290631547,5.3752,59.8,2400023808,0x0
1786833185.343626060,5.8438,60.4,2400027136,0x0
1786833186.397916619,5.8687,58.7,2400023808,0x0
1786833187.451784420,5.9711,59.8,2400027136,0x0
1786833188.506034533,5.6667,59.8,2400033792,0x0
1786833189.561356601,5.3064,60.4,2400033792,0x0
1786833190.615918470,4.9879,59.3,2400023808,0x0
1786833191.669441364,5.3148,59.8,2400023808,0x0
1786833192.723659105,5.5867,60.4,2400027136,0x0
1786833193.777722032,4.5050,58.7,2400027136,0x0
1786833194.831587663,4.5107,59.8,2400020480,0x0
1786833195.885166128,5.3267,59.8,2400023808,0x0
1786833196.938343708,5.5639,59.3,2400033792,0x0
1786833197.991721248,5.2274,60.4,2400023808,0x0
1786833199.045063343,5.5647,59.8,2400033792,0x0
1786833200.099418523,5.9654,59.8,2400030464,0x0
1786833201.154609900,5.8685,60.4,2400030464,0x0
1786833202.209494501,6.1421,59.8,2400020480,0x0
1786833203.264340898,5.6960,61.5,2400030464,0x0
1786833204.318017284,5.0079,60.4,2400027136,0x0
1786833205.372050501,5.2866,60.4,2400030464,0x0
1786833206.425807163,4.4331,59.8,2400033792,0x0
1786833207.479533344,5.8237,58.7,2400020480,0x0
1786833208.534306405,4.5199,60.4,2400023808,0x0
1786833209.587879974,5.6049,59.8,2400030464,0x0
1786833210.641313600,5.2666,60.9,2400027136,0x0
1786833211.695064741,5.8844,59.8,2400020480,0x0
1786833212.748052165,5.0978,60.9,2400033792,0x0
1786833213.801301568,5.7148,60.9,2400027136,0x0
1786833214.855464352,5.8442,58.7,2400023808,0x0
1786833215.910974422,4.0886,60.9,2400023808,0x0
1786833216.965474833,5.7171,59.8,2400030464,0x0
1786833218.020333962,5.6856,60.4,2400030464,0x0
1786833219.074567059,5.2128,59.3,2400023808,0x0
1786833220.128653359,5.3474,61.5,2400027136,0x0
1786833221.182221793,5.0378,60.9,2400027136,0x0
1786833222.235991687,5.9521,59.8,2400030464,0x0
1786833223.289661119,5.2191,60.4,2400030464,0x0
1786833224.343093293,5.9707,60.4,2400027136,0x0
1786833225.397266516,5.1567,60.4,2400027136,0x0
1786833226.450582523,5.7793,59.8,2400020480,0x0
1786833227.503711456,3.8624,59.8,2400023808,0x0
1786833228.559019558,5.5720,59.8,2400023808,0x0
1786833229.613933348,5.1255,59.8,2400027136,0x0
1786833230.667837996,5.9302,58.7,2400033792,0x0
1786833231.721418295,4.0799,59.8,2400027136,0x0
1786833232.776325694,5.8249,60.4,2400030464,0x0
1786833233.830795836,4.4340,60.4,2400030464,0x0
1786833234.884132413,5.1484,58.7,2400033792,0x0
1786833235.937756968,5.5729,59.8,2400030464,0x0
1786833236.991412393,5.6838,60.4,2400030464,0x0
1786833238.044079269,5.2511,59.8,2400023808,0x0
1786833239.098930702,5.9754,59.8,2400030464,0x0
1786833240.153831819,4.3151,60.4,2400023808,0x0
1786833241.207690481,5.7582,60.4,2400023808,0x0
1786833242.263719737,4.9742,59.8,2400027136,0x0
1786833243.318903684,5.1852,59.3,2400023808,0x0
1786833244.373642856,5.2061,59.8,2400030464,0x0
1786833245.427800384,5.6287,60.4,2400020480,0x0
1786833246.481686302,5.9849,60.9,2400023808,0x0
1786833247.535124890,5.8862,60.4,2400027136,0x0
1786833248.589213713,5.1505,61.5,2400020480,0x0
1786833249.642800447,5.1201,59.3,2400033792,0x0
1786833250.695972368,5.0944,58.7,2400030464,0x0
1786833251.749326491,5.1309,59.8,2400023808,0x0
1786833252.802759539,5.3602,59.8,2400023808,0x0
1786833253.856854156,5.0059,60.4,2400033792,0x0
1786833254.909337562,6.0745,58.7,2400020480,0x0
1786833255.962637628,4.7763,58.7,2400033792,0x0
1786833257.017068388,5.2146,58.7,2400033792,0x0
1786833258.071711517,5.1609,60.9,2400027136,0x0
1786833259.125329116,5.3742,60.4,2400020480,0x0
1786833260.179639765,5.6483,59.8,2400033792,0x0
1786833261.234257152,5.5483,58.7,2400020480,0x0
1786833262.290743876,5.8497,61.5,2400023808,0x0
1786833263.345122986,5.7505,59.8,2400033792,0x0
1786833264.399101321,4.1404,59.8,2400030464,0x0
1786833265.452594140,6.0225,60.4,2400020480,0x0
1786833266.506417345,5.1681,58.7,2400023808,0x0
1786833267.558678542,5.5028,62.0,2400030464,0x0
1786833268.612455580,4.7315,60.4,2400020480,0x0
1786833269.664724166,5.5392,59.8,2400033792,0x0
1786833270.718931625,5.2520,60.9,2400033792,0x0
1786833271.773456100,5.5613,59.8,2400023808,0x0
1786833272.827298894,5.1001,60.4,2400020480,0x0
1786833273.881445816,5.0557,60.4,2400030464,0x0
1786833274.935546589,5.2527,59.3,2400030464,0x0
1786833275.988891941,4.5021,59.8,2400023808,0x0
1786833277.042597364,5.7456,60.4,2400033792,0x0
1786833278.096656487,5.4831,60.4,2400033792,0x0
1786833279.149827469,6.2571,59.8,2400020480,0x0
1786833280.203870073,5.7067,58.7,2400030464,0x0
1786833281.256797630,5.2299,60.4,2400033792,0x0
1786833282.309580446,5.7403,59.8,2400030464,0x0
1786833283.362542909,5.3148,59.8,2400033792,0x0
1786833284.415647684,6.0043,60.4,2400023808,0x0
1786833285.468917903,5.5474,59.3,2400030464,0x0
1786833286.523116818,5.6035,61.5,2400030464,0x0
1786833287.576927717,5.1873,61.5,2400033792,0x0
1786833288.630958725,5.3256,60.4,2400027136,0x0
1786833289.685183416,5.1514,60.4,2400020480,0x0
1786833290.739104405,4.9413,61.5,2400020480,0x0
1786833291.793529519,5.5935,60.9,2400027136,0x0
1786833292.848254649,5.8462,59.8,2400027136,0x0
1786833293.900881332,4.7735,59.8,2400030464,0x0
1786833294.954717745,4.6104,61.5,2400027136,0x0
1786833296.010557033,4.7410,59.8,2400023808,0x0
1786833297.064284261,5.7316,60.9,2400020480,0x0
1786833298.119887530,5.2790,59.8,2400027136,0x0
1786833299.173740035,5.7590,58.7,2400030464,0x0
1786833300.227637390,5.6162,60.9,2400023808,0x0
1786833301.280805954,5.8431,59.8,2400027136,0x0
1786833302.435800866,5.6508,60.4,2400023808,0x0
1786833303.491040969,5.6210,60.4,2400030464,0x0
1786833304.545719761,5.8659,59.8,2400027136,0x0
1786833305.599577781,5.1327,61.5,2400027136,0x0
1786833306.652941711,5.0462,59.8,2400027136,0x0
1786833307.706125365,5.8572,61.5,2400020480,0x0
1786833308.761053135,4.5924,59.8,2400027136,0x0
1786833309.814535618,5.4549,60.4,2400020480,0x0
1786833310.867407125,5.2930,60.4,2400033792,0x0
1786833311.920460574,5.6115,59.8,2400030464,0x0
1786833312.974140221,5.1579,58.7,2400027136,0x0
1786833314.027648980,5.7699,60.4,2400020480,0x0
1786833315.082184769,5.7643,61.5,2400023808,0x0
1786833316.137085017,5.7764,58.7,2400030464,0x0
1786833317.191706692,5.8571,60.4,2400023808,0x0
1786833318.246472885,4.4335,59.8,2400020480,0x0
1786833319.300204862,5.1151,60.4,2400033792,0x0
1786833320.353832711,5.3461,60.4,2400030464,0x0
1786833321.407631057,5.9787,62.0,2400027136,0x0
1786833322.462266249,4.8783,60.4,2400027136,0x0
1786833323.516980995,5.7914,59.8,2400033792,0x0
1786833324.571077838,5.8663,59.8,2400020480,0x0
1786833325.624799591,4.6912,59.8,2400033792,0x0
1786833326.677910014,5.0743,60.4,2400030464,0x0
1786833327.731267399,5.7049,59.8,2400020480,0x0
1786833328.785938346,5.9101,60.9,2400030464,0x0
1786833329.840635794,5.7062,61.5,2400020480,0x0
1786833330.894724245,5.6135,59.8,2400027136,0x0
1786833331.949024509,5.7503,60.4,2400030464,0x0
1786833333.003792214,5.6316,59.8,2400030464,0x0
1786833334.057209502,4.9189,60.4,2400030464,0x0
1786833335.110191220,5.2501,59.8,2400027136,0x0
1786833336.164039078,5.7232,59.8,2400023808,0x0
1786833337.217431976,5.2057,59.8,2400023808,0x0
1786833338.272018995,5.5651,60.4,2400023808,0x0
1786833339.326653068,5.3788,60.4,2400027136,0x0
1786833340.380131687,4.4976,58.2,2400023808,0x0
1786833341.434170523,4.3768,59.3,2400023808,0x0
1786833342.486638648,5.6752,59.8,2400023808,0x0
1786833343.541513126,5.7492,60.4,2400027136,0x0
1786833344.594310266,5.7388,60.4,2400020480,0x0
1786833345.647298127,5.5843,60.4,2400030464,0x0
1786833346.701416534,6.1766,61.5,2400027136,0x0
1786833347.755557071,5.2275,59.8,2400023808,0x0
1786833348.809665255,5.2659,60.4,2400020480,0x0
1786833349.862480245,5.0760,59.8,2400027136,0x0
1786833350.915732750,5.8092,59.8,2400023808,0x0
1786833351.969149346,5.4065,59.8,2400020480,0x0
1786833353.022320406,5.6963,59.3,2400030464,0x0
1786833354.075306375,4.9487,59.8,2400027136,0x0
1786833355.129014263,5.7251,60.4,2400030464,0x0
1786833356.182193840,4.6307,61.5,2400023808,0x0
1786833357.235760211,5.6918,60.9,2400020480,0x0
1786833358.290134852,5.9396,61.5,2400023808,0x0
1786833359.346370794,5.6884,61.5,2400027136,0x0
1786833360.401329523,5.2310,59.8,2400027136,0x0
1786833361.556390704,5.5948,60.4,2400030464,0x0
1786833362.611726058,5.0270,60.4,2400033792,0x0
1786833363.665289611,5.6725,61.5,2400030464,0x0
1786833364.719445937,4.9812,59.3,2400020480,0x0
1786833365.773557207,5.1136,58.7,2400023808,0x0
1786833366.826994130,5.4648,60.4,2400027136,0x0
1786833367.879689984,5.5961,59.8,2400023808,0x0
1786833368.933561644,5.0725,59.8,2400023808,0x0
1786833369.986741623,5.4335,59.8,2400020480,0x0
1786833371.039899287,5.3139,59.8,2400030464,0x0
1786833372.093996610,5.2633,59.8,2400027136,0x0
1786833373.148495300,5.3873,59.3,2400030464,0x0
1786833374.202850436,5.7539,61.5,2400033792,0x0
1786833375.256526668,5.1887,60.4,2400027136,0x0
1786833376.310710471,5.1104,60.4,2400030464,0x0
1786833377.364958031,5.2776,59.8,2400027136,0x0
1786833378.419126907,5.9498,59.8,2400030464,0x0
1786833379.473341319,4.5993,58.7,2400033792,0x0
1786833380.526938384,4.0838,59.3,2400033792,0x0
1786833381.580797557,5.4255,59.8,2400030464,0x0
1786833382.633732663,5.6435,59.3,2400030464,0x0
1786833383.686426418,4.5312,60.9,2400033792,0x0
1786833384.739334338,5.8649,60.4,2400030464,0x0
1786833385.792600458,4.4972,60.4,2400027136,0x0
1786833386.847565640,5.2415,61.5,2400033792,0x0
1786833387.902210934,4.4756,60.4,2400030464,0x0
1786833388.956951264,5.2013,60.9,2400033792,0x0
1786833390.010104699,4.5165,59.8,2400027136,0x0
1786833391.064242552,5.1325,59.8,2400020480,0x0
1786833392.117491410,5.8672,59.8,2400023808,0x0
1786833393.171329394,4.5560,60.4,2400023808,0x0
1786833394.225176174,5.2009,59.8,2400033792,0x0
1786833395.279437042,5.7474,59.8,2400023808,0x0
1786833396.333137785,5.0625,59.8,2400027136,0x0
1786833397.386810139,5.9107,60.9,2400030464,0x0
1786833398.439871126,4.0111,59.8,2400020480,0x0
1786833399.493485332,5.6703,60.4,2400030464,0x0
1786833400.548105622,4.9360,59.3,2400027136,0x0
1786833401.602891151,5.8771,60.9,2400030464,0x0
1786833402.657552365,4.9985,60.4,2400030464,0x0
1786833403.711995470,5.1872,60.4,2400033792,0x0
1786833404.766048837,5.1316,59.8,2400027136,0x0
1786833405.820469571,5.2081,59.8,2400020480,0x0
1786833406.873383815,5.8074,61.5,2400023808,0x0
1786833407.928013084,4.5626,58.7,2400020480,0x0
1786833408.980893550,4.9652,60.4,2400023808,0x0
1786833410.034214921,5.8662,58.7,2400033792,0x0
1786833411.088897114,4.9418,60.4,2400023808,0x0
1786833412.142581554,4.9231,59.3,2400027136,0x0
1786833413.194808061,5.4749,59.8,2400027136,0x0
1786833414.248256836,5.2206,59.8,2400027136,0x0
1786833415.302675307,4.9380,60.4,2400027136,0x0
1786833416.356661837,4.9110,60.4,2400033792,0x0
1786833417.410586904,5.1343,59.8,2400020480,0x0
1786833418.465483555,4.4324,59.8,2400020480,0x0
1786833419.519220252,4.9972,61.5,2400027136,0x0
1786833420.572534526,5.7423,59.8,2400027136,0x0
1786833421.626284389,5.8315,60.4,2400023808,0x0
1786833422.679896919,5.1291,60.4,2400027136,0x0
1786833423.733542819,4.4680,59.3,2400027136,0x0
1786833424.786427724,4.9536,61.5,2400030464,0x0
1786833425.839332480,5.4269,59.8,2400020480,0x0
1786833426.892933028,5.3192,59.8,2400033792,0x0
1786833427.946123429,5.8665,59.8,2400033792,0x0
1786833428.991972368,5.4293,59.3,2400030464,0x0
1786833430.045487896,5.9107,60.9,2400020480,0x0
1786833431.099685159,5.3592,60.4,2400030464,0x0
1786833432.153480999,5.4198,60.9,2400030464,0x0
1786833433.207590133,4.9810,59.8,2400027136,0x0
1786833434.261445620,5.9575,59.8,2400020480,0x0
1786833435.315207423,5.2000,61.5,2400030464,0x0
1786833436.369592775,5.2100,59.8,2400027136,0x0
1786833437.422611360,5.8595,60.4,2400020480,0x0
1786833438.475923609,5.5594,60.9,2400023808,0x0
1786833439.530139351,6.0902,58.7,2400033792,0x0
1786833440.584046169,5.2561,59.8,2400027136,0x0
1786833441.637839450,5.6018,61.5,2400030464,0x0
1786833442.691129235,5.1061,60.4,2400020480,0x0
1786833443.745519974,5.6378,58.7,2400027136,0x0
1786833444.799138737,5.5637,61.5,2400023808,0x0
1786833445.853214163,5.7655,60.4,2400030464,0x0
1786833446.907805196,4.6496,59.8,2400030464,0x0
1786833447.961468791,5.1684,59.8,2400033792,0x0
1786833449.015666659,5.8851,60.4,2400033792,0x0
1786833450.069662269,5.2619,60.9,2400030464,0x0
1786833451.123492732,5.6858,60.4,2400023808,0x0
1786833452.178053541,5.5680,59.3,2400023808,0x0
1786833453.332475171,5.7238,60.4,2400020480,0x0
1786833454.385291585,4.8129,60.4,2400030464,0x0
1786833455.438611810,5.6137,60.4,2400023808,0x0
1786833456.493789427,4.7104,60.4,2400027136,0x0
1786833457.547788702,5.9489,60.4,2400030464,0x0
1786833458.602981948,5.9198,59.3,2400030464,0x0
1786833459.657566995,5.6692,60.4,2400023808,0x0
1786833460.712268023,5.7092,59.8,2400030464,0x0
1786833461.765825318,5.5116,60.4,2400027136,0x0
1786833462.819067837,5.2982,60.4,2400027136,0x0
1786833463.872576650,5.2299,60.4,2400033792,0x0
1786833464.925944093,5.5777,58.7,2400033792,0x0
1786833465.980895117,4.6206,59.8,2400023808,0x0
1786833467.034323059,5.3769,60.9,2400033792,0x0
1786833468.088789085,4.4363,59.8,2400027136,0x0
1786833469.141394589,4.7144,60.9,2400020480,0x0
1786833470.195226953,5.2823,59.8,2400037120,0x0
1786833471.248872225,5.8117,60.9,2400030464,0x0
1786833472.303315640,5.6243,60.4,2400020480,0x0
1786833473.357723961,5.4618,61.5,2400030464,0x0
1786833474.411090216,5.2843,59.8,2400030464,0x0
1786833475.465292520,5.5007,60.4,2400027136,0x0
1786833476.519408843,5.9408,61.5,2400020480,0x0
1786833477.573743942,5.5268,59.8,2400033792,0x0
1786833478.628101669,4.2537,60.4,2400020480,0x0
1786833479.681133666,5.7156,60.4,2400033792,0x0
1786833480.735039822,5.1816,60.4,2400023808,0x0
1786833481.789985248,5.7140,59.8,2400023808,0x0
1786833482.844074125,5.6957,59.8,2400030464,0x0
1786833483.898065817,5.4102,60.4,2400027136,0x0
1786833484.951107052,5.3312,59.3,2400030464,0x0
1786833486.004439526,5.3336,61.5,2400020480,0x0
1786833487.058271792,5.3487,58.7,2400030464,0x0
1786833488.113134735,4.8731,59.8,2400020480,0x0
1786833489.167021297,5.5259,61.5,2400020480,0x0
1786833490.221666426,5.8572,61.5,2400033792,0x0
1786833491.275987817,5.6975,59.8,2400023808,0x0
1786833492.330069579,5.5259,62.0,2400023808,0x0
1786833493.383940713,5.7738,61.5,2400023808,0x0
1786833494.438098382,5.5997,62.6,2400033792,0x0
1786833495.491795572,5.6529,60.9,2400030464,0x0
1786833496.544306938,4.9325,61.5,2400033792,0x0
1786833497.599146489,4.9001,62.6,2400030464,0x0
1786833498.651612262,5.5207,61.5,2400027136,0x0
1786833499.705837632,5.6234,61.5,2400037120,0x0
1786833500.760730164,4.8294,61.5,2400023808,0x0
1786833501.815532307,5.3980,61.5,2400027136,0x0
1786833502.870016008,5.8143,60.4,2400033792,0x0
1786833503.924073007,4.7369,60.9,2400020480,0x0
1786833504.977081756,3.2523,60.4,2400020480,0x0
1786833506.031497715,5.7882,61.5,2400020480,0x0
1786833507.085054292,5.1719,61.5,2400027136,0x0
1786833508.139595768,4.9743,60.9,2400023808,0x0
1786833509.193331195,5.7611,60.9,2400033792,0x0
1786833510.247910911,5.3855,62.0,2400033792,0x0
1786833511.301351932,5.9390,59.8,2400023808,0x0
1786833512.354076328,5.3863,62.6,2400027136,0x0
1786833513.407294350,5.6448,61.5,2400033792,0x0
1786833514.463174185,4.8114,62.6,2400033792,0x0
1786833515.517357402,5.1022,60.9,2400033792,0x0
1786833516.571226548,5.4111,61.5,2400023808,0x0
1786833517.625236155,5.6804,60.4,2400030464,0x0
1786833518.679518167,5.1438,60.9,2400033792,0x0
1786833519.732796853,4.9829,61.5,2400023808,0x0
1786833520.787354807,6.1876,61.5,2400020480,0x0
1786833521.841622374,5.4343,62.0,2400020480,0x0
1786833522.894681950,5.4396,61.5,2400023808,0x0
1786833523.948052875,5.7793,62.6,2400023808,0x0
1786833525.001621520,5.2791,60.9,2400033792,0x0
1786833526.055437830,5.6358,61.5,2400033792,0x0
1786833527.111253088,5.4372,60.4,2400033792,0x0
1786833528.165210025,5.6495,60.4,2400020480,0x0
1786833529.219133741,4.4930,59.8,2400030464,0x0
1786833530.273614896,5.7389,60.9,2400027136,0x0
1786833531.328391512,5.6211,59.8,2400030464,0x0
1786833532.383220905,5.0981,60.4,2400030464,0x0
1786833533.436943917,4.3418,59.3,2400030464,0x0
1786833534.490362950,4.7963,60.9,2400023808,0x0
1786833535.543530429,5.2877,60.4,2400023808,0x0
1786833536.596708018,6.0823,60.4,2400023808,0x0
1786833537.650513436,4.4664,60.4,2400030464,0x0
1786833538.703759746,4.4966,60.4,2400027136,0x0
1786833539.758960671,4.9977,59.8,2400027136,0x0
1786833540.811796984,5.1065,59.8,2400033792,0x0
1786833541.865525605,5.1224,59.8,2400030464,0x0
1786833542.919118708,5.5996,60.9,2400033792,0x0
1786833543.973523231,5.7308,60.4,2400020480,0x0
1786833545.028016789,5.6166,59.8,2400033792,0x0
1786833546.082839438,6.0013,60.4,2400027136,0x0
1786833547.137786863,5.5364,60.9,2400023808,0x0
1786833548.190938930,5.3551,59.8,2400023808,0x0
1786833549.244930880,5.1771,59.8,2400027136,0x0
1786833550.298846812,5.0660,59.3,2400027136,0x0
1786833551.352764355,5.3083,61.5,2400030464,0x0
1786833552.405810274,4.7833,59.8,2400030464,0x0
1786833553.459853037,5.9958,60.9,2400030464,0x0
1786833554.513287249,6.0104,61.5,2400030464,0x0
1786833555.566760146,5.8866,60.4,2400020480,0x0
1786833556.620529485,5.3918,60.4,2400030464,0x0
1786833557.673622828,5.9309,60.9,2400023808,0x0
1786833558.728026328,6.1569,60.9,2400030464,0x0
1786833559.782755047,5.9077,59.8,2400027136,0x0
1786833560.838021855,5.9048,59.8,2400030464,0x0
1786833561.892267077,4.8198,60.4,2400033792,0x0
1786833562.946386708,5.6296,59.3,2400030464,0x0
1786833563.999572308,4.9812,59.8,2400023808,0x0
1786833565.053668957,5.8754,60.9,2400027136,0x0
1786833566.107673569,4.6723,60.4,2400027136,0x0
1786833567.161892568,4.4843,60.4,2400023808,0x0
1786833568.215685829,5.7149,60.9,2400030464,0x0
1786833569.269185296,5.3009,60.9,2400023808,0x0
1786833570.323060370,5.1463,60.4,2400027136,0x0
1786833571.375477215,5.9939,60.4,2400030464,0x0
1786833572.430623132,5.7738,59.8,2400033792,0x0
1786833573.486048898,4.9420,60.4,2400020480,0x0
1786833574.540592448,5.6760,60.4,2400030464,0x0
1786833575.595580587,5.8597,59.8,2400030464,0x0
1786833576.650378616,6.1167,59.3,2400033792,0x0
1786833577.703880191,5.4879,59.3,2400023808,0x0
1786833578.757616932,5.3934,61.5,2400027136,0x0
1786833579.811154006,5.6507,60.4,2400027136,0x0
1786833580.865038467,5.7927,60.4,2400027136,0x0
1786833581.919371184,5.0768,60.4,2400023808,0x0
1786833582.973234977,4.8717,60.4,2400030464,0x0
1786833584.026421980,5.3562,60.4,2400027136,0x0
1786833585.080016386,5.0403,59.3,2400027136,0x0
1786833586.133373313,5.2688,58.7,2400030464,0x0
1786833587.187635084,5.6182,60.4,2400023808,0x0
1786833588.242358721,5.4383,61.5,2400023808,0x0
1786833589.296824620,5.7011,59.3,2400033792,0x0
1786833590.349864585,5.9893,60.4,2400027136,0x0
1786833591.404233169,5.7829,60.9,2400033792,0x0
1786833592.458363310,5.1248,59.3,2400033792,0x0
1786833593.512020584,4.5399,60.4,2400030464,0x0
1786833594.565906578,5.8344,58.7,2400020480,0x0
1786833595.619139540,5.1582,59.8,2400027136,0x0
1786833596.671859561,5.9908,60.4,2400027136,0x0
1786833597.725365817,4.9409,59.3,2400020480,0x0
1786833598.778106245,5.8678,60.4,2400030464,0x0
1786833599.831238410,5.0471,60.4,2400023808,0x0
1786833600.884525704,5.1459,59.8,2400027136,0x0
1786833601.939376170,5.5643,60.4,2400023808,0x0
1786833602.992902406,5.1610,60.4,2400020480,0x0
1786833604.047533577,5.3969,60.4,2400033792,0x0
1786833605.101414569,5.8781,59.8,2400023808,0x0
1786833606.156697401,5.6345,59.8,2400030464,0x0
1786833607.209018534,5.3295,59.3,2400023808,0x0
1786833608.261724256,5.0049,59.8,2400033792,0x0
1786833609.315041251,4.9146,61.5,2400027136,0x0
1786833610.367969471,5.2010,58.7,2400020480,0x0
1786833611.421796757,5.5625,60.9,2400023808,0x0
1786833612.474893364,4.9769,60.9,2400020480,0x0
1786833613.528314635,5.8889,59.8,2400027136,0x0
1786833614.580968393,4.9822,60.4,2400033792,0x0
1786833615.635645117,5.5769,60.9,2400020480,0x0
1786833616.689730845,5.2399,58.7,2400033792,0x0
1786833617.743423631,5.0913,60.4,2400030464,0x0
1786833618.796394534,5.8128,59.8,2400027136,0x0
1786833619.849938098,5.7128,59.8,2400030464,0x0
1786833620.903597902,5.0508,61.5,2400023808,0x0
1786833621.958332828,4.6035,59.8,2400020480,0x0
1786833623.011726689,4.4842,61.5,2400020480,0x0
1786833624.066371689,4.9471,60.4,2400033792,0x0
1786833625.118874501,5.0540,60.4,2400027136,0x0
1786833626.172647877,5.6322,60.4,2400023808,0x0
1786833627.225738499,4.8307,59.8,2400023808,0x0
1786833628.278961397,5.0732,60.4,2400023808,0x0
1786833629.332047093,5.2268,59.8,2400033792,0x0
1786833630.386899534,5.1518,59.8,2400027136,0x0
1786833631.441121868,4.9651,59.8,2400027136,0x0
1786833632.493797437,5.3283,59.3,2400023808,0x0
1786833633.547680588,5.8348,59.3,2400030464,0x0
1786833634.601270130,5.7301,59.8,2400020480,0x0
1786833635.656042552,5.2635,61.5,2400023808,0x0
1786833636.710043276,5.3023,60.4,2400033792,0x0
1786833637.763475004,5.7020,61.5,2400023808,0x0
1786833638.817229081,5.0071,59.8,2400030464,0x0
1786833639.870788159,5.8479,60.4,2400023808,0x0
1786833640.923966129,5.2836,59.8,2400023808,0x0
1786833641.977306393,5.6732,60.9,2400030464,0x0
1786833643.030589029,5.0858,60.4,2400027136,0x0
1786833644.084769749,5.2650,60.9,2400027136,0x0
1786833645.138742471,5.2142,62.0,2400033792,0x0
1786833646.192672601,5.2338,59.3,2400020480,0x0
1786833647.246494101,3.5798,59.8,2400023808,0x0
1786833648.301185817,5.9244,59.8,2400020480,0x0
1786833649.355414240,5.0001,59.8,2400027136,0x0
1786833650.409460368,4.4163,58.7,2400020480,0x0
1786833651.462972907,5.0577,60.4,2400030464,0x0
1786833652.516748943,5.6709,60.4,2400030464,0x0
1786833653.571131197,5.2890,59.8,2400027136,0x0
1786833654.624593551,5.8904,60.4,2400027136,0x0
1786833655.677263373,5.0992,59.8,2400037120,0x0
1786833656.730388413,5.5490,59.8,2400023808,0x0
1786833657.784117875,5.6093,60.4,2400023808,0x0
1786833658.838233760,5.0181,59.3,2400023808,0x0
1786833659.892311552,4.7552,59.3,2400023808,0x0
1786833660.946981524,4.4207,59.8,2400020480,0x0
1786833662.000762836,6.1622,60.4,2400023808,0x0
1786833663.054638240,6.1090,60.9,2400027136,0x0
1786833664.108690643,5.3756,60.4,2400030464,0x0
1786833665.162374233,5.5259,59.8,2400027136,0x0
1786833666.216548763,5.8804,60.4,2400030464,0x0
1786833667.271235697,5.3721,59.8,2400023808,0x0
1786833668.324497771,3.6440,59.8,2400033792,0x0
1786833669.377659105,5.5500,60.4,2400030464,0x0
1786833670.430179203,5.6136,60.9,2400033792,0x0
1786833671.482899521,5.2397,60.9,2400030464,0x0
1786833672.536351352,5.8468,58.7,2400033792,0x0
1786833673.589584462,5.5732,60.4,2400027136,0x0
1786833674.644484726,5.0015,58.7,2400030464,0x0
1786833675.697966204,5.8786,59.8,2400027136,0x0
1786833676.751776716,6.1937,60.9,2400023808,0x0
1786833677.805635710,5.4326,60.4,2400023808,0x0
1786833678.860522714,5.4485,60.4,2400033792,0x0
1786833679.913810581,5.2934,60.4,2400027136,0x0
1786833680.968441975,5.2671,60.4,2400033792,0x0
1786833682.021668269,5.4586,59.3,2400020480,0x0
1786833683.075796426,5.6196,60.4,2400030464,0x0
1786833684.128820498,5.1923,60.4,2400023808,0x0
1786833685.182608916,4.5869,60.9,2400027136,0x0
1786833686.235995634,5.9434,60.9,2400027136,0x0
1786833687.290457602,5.3056,60.4,2400030464,0x0
1786833688.344952903,5.5463,60.4,2400023808,0x0
1786833689.398178028,4.0208,60.4,2400020480,0x0
1786833690.453266343,5.6197,60.4,2400027136,0x0
1786833691.507706051,5.6401,60.4,2400030464,0x0
1786833692.562579515,5.3547,60.4,2400020480,0x0
1786833693.616693985,5.0610,60.4,2400027136,0x0
1786833694.670943823,5.8850,60.4,2400030464,0x0
1786833695.724393038,5.3827,60.4,2400027136,0x0
1786833696.777857104,5.6766,62.0,2400033792,0x0
1786833697.832292608,5.9045,60.9,2400027136,0x0
1786833698.885872210,5.2077,61.5,2400030464,0x0
1786833699.940590599,5.5624,59.8,2400023808,0x0
1786833700.993468206,5.2811,61.5,2400027136,0x0
1786833702.048456741,5.2013,62.0,2400027136,0x0
1786833703.103465295,5.2643,59.8,2400027136,0x0
1786833704.158296016,5.6175,58.7,2400033792,0x0
1786833705.212478057,5.7970,60.4,2400023808,0x0
1786833706.265943714,5.5940,59.8,2400030464,0x0
1786833707.320249494,5.3379,60.4,2400030464,0x0
1786833708.374813753,4.9335,59.3,2400027136,0x0
1786833709.428465074,5.6411,60.4,2400033792,0x0
1786833710.483891697,4.4609,60.4,2400030464,0x0
1786833711.537425519,5.7414,60.4,2400020480,0x0
1786833712.591191395,5.0006,60.4,2400020480,0x0
1786833713.644895974,5.8052,60.4,2400027136,0x0
1786833714.700313930,5.5297,60.4,2400037120,0x0
1786833715.755565571,5.6523,62.0,2400027136,0x0
1786833716.809291150,5.3175,61.5,2400023808,0x0
1786833717.864236423,5.1419,62.0,2400027136,0x0
1786833718.919442046,4.8871,60.9,2400030464,0x0
1786833719.973174105,5.9295,61.5,2400027136,0x0
1786833721.026605297,5.8681,60.9,2400023808,0x0
1786833722.079462307,5.5455,61.5,2400030464,0x0
1786833723.132982682,4.8814,62.0,2400023808,0x0
1786833724.188863632,5.9519,62.0,2400027136,0x0
1786833725.242615376,5.8278,63.1,2400023808,0x0
1786833726.396018324,5.6709,60.4,2400033792,0x0
1786833727.449455921,5.9516,60.4,2400030464,0x0
1786833728.503590550,4.1635,60.4,2400023808,0x0
1786833729.556630335,5.5220,59.8,2400020480,0x0
1786833730.610003821,5.4586,59.8,2400023808,0x0
1786833731.664051024,5.5671,60.4,2400027136,0x0
1786833732.718254115,5.7658,61.5,2400023808,0x0
1786833733.772241688,5.4456,60.9,2400027136,0x0
1786833734.825857598,5.3132,62.0,2400020480,0x0
1786833735.879122047,5.6107,62.6,2400023808,0x0
1786833736.932925899,5.3288,59.8,2400027136,0x0
1786833737.987671929,5.4161,60.9,2400027136,0x0
1786833739.040492436,5.8308,62.0,2400027136,0x0
1786833740.093850476,5.3509,62.0,2400033792,0x0
1786833741.147231830,5.7352,60.9,2400027136,0x0
1786833742.201084681,5.8706,60.9,2400023808,0x0
1786833743.253995353,5.6700,60.9,2400033792,0x0
1786833744.307841555,5.1565,60.9,2400027136,0x0
1786833745.362121124,5.0453,62.0,2400020480,0x0
1786833746.416685358,5.3365,60.9,2400023808,0x0
1786833747.470990593,5.0203,62.0,2400023808,0x0
1786833748.524683240,5.1086,62.0,2400033792,0x0
1786833749.578048092,4.4584,62.0,2400033792,0x0
1786833750.631662628,5.8758,60.9,2400023808,0x0
1786833751.684944019,5.8570,61.5,2400033792,0x0
1786833752.738816886,5.2725,60.9,2400027136,0x0
1786833753.792740363,5.6515,60.9,2400030464,0x0
1786833754.847436724,5.3873,62.0,2400030464,0x0
1786833755.900637891,5.8558,61.5,2400027136,0x0
1786833756.955539657,4.4829,61.5,2400027136,0x0
1786833758.009170062,5.8507,59.3,2400033792,0x0
1786833759.063290407,5.7952,62.0,2400020480,0x0
1786833760.117708084,5.6210,61.5,2400027136,0x0
1786833761.172163167,5.7649,60.9,2400033792,0x0
1786833762.227051895,5.2075,61.5,2400030464,0x0
1786833763.281669513,4.9230,62.6,2400030464,0x0
1786833764.335561174,4.8260,61.5,2400020480,0x0
1786833765.389442150,3.3740,62.0,2400020480,0x0
1786833766.444006824,5.6076,61.5,2400023808,0x0
1786833767.496812252,4.9729,60.9,2400020480,0x0
1786833768.550044621,5.9957,60.4,2400020480,0x0
1786833769.604607850,4.1456,60.9,2400020480,0x0
1786833770.659938517,5.5958,60.9,2400030464,0x0
1786833771.713248755,5.0348,60.9,2400033792,0x0
1786833772.766834454,3.3787,62.0,2400033792,0x0
1786833773.821509996,5.8276,60.9,2400023808,0x0
1786833774.874939455,5.5845,62.0,2400033792,0x0
1786833775.931587519,4.9668,60.4,2400030464,0x0
1786833776.985723694,5.6867,61.5,2400023808,0x0
1786833778.039614575,5.7022,60.4,2400020480,0x0
1786833779.092278224,5.1178,61.5,2400023808,0x0
1786833780.145548517,5.7153,61.5,2400027136,0x0
1786833781.200105688,6.0634,60.4,2400033792,0x0
1786833782.254836839,5.3456,59.3,2400023808,0x0
1786833783.308374185,5.7278,61.5,2400030464,0x0
1786833784.361269146,5.1677,60.4,2400030464,0x0
1786833785.414194755,5.7465,61.5,2400027136,0x0
1786833786.467586212,3.6076,60.9,2400030464,0x0
1786833787.521989032,5.2286,60.4,2400030464,0x0
1786833788.575930392,5.6880,61.5,2400027136,0x0
1786833789.629733975,4.9711,60.9,2400020480,0x0
1786833790.683608113,5.8743,60.9,2400030464,0x0
1786833791.737916210,5.5596,60.4,2400030464,0x0
1786833792.792159993,5.1268,60.4,2400023808,0x0
1786833793.845626059,5.2856,60.4,2400020480,0x0
1786833794.899135551,5.6388,59.8,2400020480,0x0
1786833795.953541795,4.9568,60.9,2400023808,0x0
1786833797.005972313,5.0085,62.0,2400023808,0x0
1786833798.059365935,4.8958,59.3,2400023808,0x0
1786833799.113490366,5.1617,60.9,2400030464,0x0
1786833800.167045801,5.3754,60.9,2400023808,0x0
1786833801.220572088,3.4961,60.4,2400020480,0x0
1786833802.275261939,5.6353,58.7,2400030464,0x0
1786833803.328117842,4.8155,61.5,2400030464,0x0
1786833804.383754242,5.9063,62.0,2400030464,0x0
1786833805.437557878,5.9835,60.9,2400020480,0x0
1786833806.491387606,5.5971,61.5,2400033792,0x0
1786833807.545005984,5.2395,62.0,2400033792,0x0
1786833808.599351985,4.9514,61.5,2400027136,0x0
1786833809.652750624,5.5774,60.9,2400030464,0x0
1786833810.707010755,4.9513,61.5,2400033792,0x0
1786833811.760509837,5.6329,61.5,2400030464,0x0
1786833812.814866986,4.9373,62.0,2400033792,0x0
1786833813.867932829,5.9083,60.9,2400023808,0x0
1786833814.920809008,5.4820,62.0,2400033792,0x0
1786833815.974336311,5.0424,60.9,2400023808,0x0
1786833817.028268388,5.0651,62.6,2400023808,0x0
1786833818.081666414,4.7633,62.0,2400023808,0x0
1786833819.136803463,4.5188,61.5,2400030464,0x0
1786833820.190691392,5.5966,62.0,2400030464,0x0
1786833821.244344434,5.2653,61.5,2400020480,0x0
1786833822.297884236,5.3188,61.5,2400033792,0x0
1786833823.350886653,4.8833,62.0,2400030464,0x0
1786833824.505374092,5.2554,60.9,2400023808,0x0
1786833825.559361353,5.8006,61.5,2400030464,0x0
1786833826.612283121,5.7973,61.5,2400030464,0x0
1786833827.665972551,5.1994,60.9,2400027136,0x0
1786833828.719301186,5.1262,60.9,2400020480,0x0
1786833829.772552452,4.9252,62.0,2400033792,0x0
1786833830.829341765,5.7037,60.9,2400030464,0x0
1786833831.884028278,5.5977,59.8,2400023808,0x0
1786833832.939163788,5.7857,60.4,2400023808,0x0
1786833833.993083030,5.2930,61.5,2400027136,0x0
1786833835.047051826,5.5049,61.5,2400033792,0x0
1786833836.100451479,5.2864,61.5,2400023808,0x0
1786833837.155199473,5.9303,60.9,2400030464,0x0
1786833838.209416378,4.6759,61.5,2400033792,0x0
1786833839.262810363,5.6858,62.0,2400023808,0x0
1786833840.316031461,5.6081,60.9,2400020480,0x0
1786833841.369160522,4.6016,60.9,2400030464,0x0
1786833842.423078391,4.6646,61.5,2400023808,0x0
1786833843.475839066,5.7504,62.0,2400020480,0x0
1786833844.527334102,4.9685,62.0,2400037120,0x0
1786833845.581837893,5.6438,62.0,2400030464,0x0
1786833846.636465108,6.2276,61.5,2400033792,0x0
1786833847.690890140,4.5463,61.5,2400030464,0x0
1786833848.744466067,4.9889,62.0,2400020480,0x0
1786833849.798368306,5.1467,61.5,2400027136,0x0
1786833850.852026787,5.6675,60.9,2400027136,0x0
1786833851.905430474,5.6740,61.5,2400020480,0x0
1786833852.959096715,5.1740,61.5,2400027136,0x0
1786833854.012828806,5.8852,61.5,2400020480,0x0
1786833855.067431946,5.0748,62.6,2400027136,0x0
1786833856.120811911,5.6355,61.5,2400027136,0x0
1786833857.174292948,4.6789,60.9,2400033792,0x0
1786833858.227833189,5.8009,61.5,2400027136,0x0
1786833859.282858899,5.8667,60.9,2400033792,0x0
1786833860.337424594,5.6628,62.6,2400020480,0x0
1786833861.391948901,4.9948,61.5,2400033792,0x0
1786833862.445035866,4.9995,61.5,2400023808,0x0
1786833863.499246842,5.3813,61.5,2400030464,0x0
1786833864.552766859,5.2857,62.6,2400027136,0x0
1786833865.606361450,5.7111,62.6,2400033792,0x0
1786833866.661967414,5.3111,60.9,2400027136,0x0
1786833867.715365210,5.3532,62.6,2400020480,0x0
1786833868.769080966,6.0494,63.1,2400033792,0x0
1786833869.821803174,5.2476,60.9,2400030464,0x0
1786833870.875912631,5.9252,60.4,2400033792,0x0
1786833871.929339648,5.0233,61.5,2400023808,0x0
1786833872.983541270,6.1136,62.0,2400030464,0x0
1786833874.038627292,5.7317,61.5,2400023808,0x0
1786833875.092120864,5.9018,62.0,2400020480,0x0
1786833876.145604750,5.7988,60.4,2400033792,0x0
1786833877.199794631,5.5897,62.0,2400033792,0x0
1786833878.252649763,5.2554,60.9,2400020480,0x0
1786833879.307054531,5.1394,60.9,2400027136,0x0
1786833880.359770996,5.0643,62.0,2400023808,0x0
1786833881.415579624,5.0867,60.4,2400023808,0x0
1786833882.468757752,4.8969,59.8,2400023808,0x0
1786833883.522170675,5.9226,61.5,2400027136,0x0
1786833884.575162453,5.1109,59.8,2400027136,0x0
1786833885.628593097,5.7497,60.4,2400030464,0x0
1786833886.682649867,5.4719,60.4,2400023808,0x0
1786833887.737329946,5.7741,59.8,2400023808,0x0
1786833888.790432204,5.7593,59.8,2400030464,0x0
1786833889.844881729,5.0309,58.7,2400033792,0x0
1786833890.898174985,5.7238,61.5,2400027136,0x0
1786833891.952429049,5.8887,60.9,2400030464,0x0
1786833893.007516106,5.5670,60.4,2400027136,0x0
1786833894.062485422,5.1471,60.4,2400020480,0x0
1786833895.115896158,5.1322,62.6,2400027136,0x0
1786833896.169077618,5.5854,61.5,2400027136,0x0
1786833897.224095897,5.3671,60.9,2400033792,0x0
1786833898.277067822,5.9608,60.9,2400027136,0x0
1786833899.329483620,5.0250,61.5,2400030464,0x0
1786833900.383106335,5.7938,63.1,2400033792,0x0
1786833901.435456542,5.2020,61.5,2400033792,0x0
1786833902.491386720,5.2787,61.5,2400023808,0x0
1786833903.545343933,5.0322,60.9,2400030464,0x0
1786833904.598955555,5.3094,62.0,2400023808,0x0
1786833905.653170153,5.8080,60.9,2400030464,0x0
1786833906.706690017,5.8070,62.0,2400030464,0x0
1786833907.760834560,5.1734,60.9,2400030464,0x0
1786833908.813422208,5.0550,60.9,2400020480,0x0
1786833909.866715165,5.4761,60.4,2400023808,0x0
1786833910.922927063,5.2806,60.4,2400030464,0x0
1786833911.976695312,4.9888,59.8,2400027136,0x0
1786833913.030747208,5.4012,60.4,2400023808,0x0
1786833914.083796907,4.8551,62.0,2400020480,0x0
1786833915.137314972,5.0407,60.4,2400020480,0x0
1786833916.191799845,5.7819,60.9,2400033792,0x0
1786833917.245304670,5.2827,60.4,2400033792,0x0
1786833918.299017679,5.2756,62.0,2400030464,0x0
1786833919.352053636,5.2481,61.5,2400023808,0x0
1786833920.405002984,5.4350,61.5,2400020480,0x0
1786833921.459173673,3.4862,61.5,2400023808,0x0
1786833922.513530861,5.7270,60.9,2400030464,0x0
1786833923.567495404,5.3807,61.5,2400027136,0x0
1786833924.620247289,4.9378,62.6,2400030464,0x0
1786833925.672792250,5.0239,61.5,2400020480,0x0
1786833926.726747514,5.3927,62.0,2400023808,0x0
1786833927.780390763,4.7062,60.9,2400023808,0x0
1786833928.833231980,5.8443,62.0,2400030464,0x0
1786833929.884885262,5.4931,62.0,2400027136,0x0
1786833930.939058098,5.3500,62.0,2400027136,0x0
1786833931.992850808,5.0293,60.9,2400033792,0x0
1786833933.046632165,5.2133,62.6,2400030464,0x0
1786833934.101083166,5.0978,60.4,2400023808,0x0
1786833935.154354842,5.2925,60.9,2400027136,0x0
1786833936.207984515,5.6705,60.4,2400030464,0x0
1786833937.261689595,5.8364,61.5,2400033792,0x0
1786833938.314937826,4.1315,61.5,2400023808,0x0
1786833939.367309398,5.7770,60.4,2400023808,0x0
1786833940.423267071,5.2573,59.8,2400033792,0x0
1786833941.476296322,5.2923,60.4,2400033792,0x0
1786833942.529167593,5.3945,59.8,2400023808,0x0
1786833943.582910376,4.8761,62.6,2400020480,0x0
1786833944.636529344,5.5053,60.4,2400020480,0x0
1786833945.689969277,5.9976,60.9,2400023808,0x0
1786833946.744585978,5.8273,60.4,2400033792,0x0
1786833947.799307734,5.7396,59.8,2400033792,0x0
1786833948.852527335,5.4258,59.8,2400027136,0x0
1786833949.905989915,5.1817,60.4,2400023808,0x0
1786833950.959386995,5.6310,60.4,2400033792,0x0
1786833952.013119036,5.9237,61.5,2400030464,0x0
1786833953.066069787,5.2434,60.4,2400030464,0x0
1786833954.119230091,5.0985,59.8,2400033792,0x0
1786833955.172400061,5.2335,60.4,2400030464,0x0
1786833956.226595042,4.9545,60.4,2400033792,0x0
1786833957.280612969,5.8953,59.8,2400020480,0x0
1786833958.333060426,5.7864,59.8,2400030464,0x0
1786833959.387157686,5.8893,61.5,2400020480,0x0
1786833960.441420906,5.7189,60.4,2400020480,0x0
1786833961.496540158,5.8844,62.0,2400030464,0x0
1786833962.550906581,5.1493,59.8,2400023808,0x0
1786833963.604120458,5.3551,58.7,2400027136,0x0
1786833964.657650110,5.8304,60.9,2400033792,0x0
1786833965.711721479,5.3999,60.9,2400033792,0x0
1786833966.765001688,5.4941,59.3,2400023808,0x0
1786833967.818577710,5.2800,61.5,2400027136,0x0
1786833968.871652679,5.8815,60.4,2400020480,0x0
1786833969.926972798,4.9576,60.9,2400023808,0x0
1786833970.980473616,5.5910,61.5,2400020480,0x0
1786833972.034543541,5.1349,60.4,2400027136,0x0
1786833973.087632528,5.6895,60.9,2400030464,0x0
1786833974.142061617,5.2988,60.9,2400027136,0x0
1786833975.196151837,5.0237,60.4,2400030464,0x0
1786833976.250163465,5.8925,59.8,2400020480,0x0
1786833977.303847299,6.1997,59.8,2400020480,0x0
1786833978.358035963,5.0394,60.9,2400033792,0x0
1786833979.412077202,5.2903,60.9,2400033792,0x0
1786833980.467225506,5.3647,60.9,2400033792,0x0
1786833981.521471687,5.9435,61.5,2400030464,0x0
1786833982.574718691,5.1374,61.5,2400030464,0x0
1786833983.627706326,5.4987,60.9,2400023808,0x0
1786833984.681165032,5.1269,60.4,2400027136,0x0
1786833985.736573870,5.8950,60.4,2400027136,0x0
1786833986.789582635,5.6168,59.8,2400033792,0x0
1786833987.846282704,5.3860,60.4,2400023808,0x0
1786833988.900928770,4.9603,60.9,2400020480,0x0
1786833989.954552196,5.7319,59.8,2400027136,0x0
1786833991.008905301,5.4319,58.7,2400020480,0x0
1786833992.062706911,4.4316,60.9,2400033792,0x0
1786833993.116786221,5.9427,59.3,2400030464,0x0
1786833994.171529416,5.2967,58.7,2400020480,0x0
1786833995.226032260,5.2843,59.8,2400030464,0x0
1786833996.279859017,5.7222,59.8,2400020480,0x0
1786833997.334369361,4.9762,59.8,2400033792,0x0
1786833998.387610437,4.4740,58.7,2400033792,0x0
1786833999.442404390,5.1336,59.3,2400023808,0x0
1786834000.495809353,5.8770,60.9,2400033792,0x0
1786834001.549840053,5.3509,60.4,2400033792,0x0
1786834002.604296619,5.5847,59.8,2400020480,0x0
1786834003.657967135,5.1968,61.5,2400023808,0x0
1786834004.711817946,5.2716,60.4,2400020480,0x0
1786834005.765529462,5.8413,60.4,2400033792,0x0
1786834006.819470402,5.6745,59.8,2400033792,0x0
1786834007.874347298,6.1152,59.8,2400027136,0x0
1786834008.927981259,4.8058,61.5,2400027136,0x0
1786834009.981753533,5.3764,59.3,2400023808,0x0
1786834011.035630769,5.9250,62.0,2400020480,0x0
1786834012.089080249,5.4550,60.4,2400030464,0x0
1786834013.142165621,6.1053,59.8,2400030464,0x0
1786834014.195927932,5.1588,59.8,2400027136,0x0
1786834015.249150654,5.5322,59.8,2400027136,0x0
1786834016.301372328,5.1353,60.9,2400030464,0x0
1786834017.355045603,5.1756,60.4,2400027136,0x0
1786834018.408427379,5.5733,59.8,2400033792,0x0
1786834019.461946043,4.9827,59.8,2400030464,0x0
1786834020.515147079,5.2817,60.4,2400020480,0x0
1786834021.568931593,4.6422,61.5,2400030464,0x0
1786834022.621760929,5.7701,60.9,2400020480,0x0
1786834023.675949587,5.1343,59.3,2400023808,0x0
1786834024.728918551,4.6655,60.4,2400020480,0x0
1786834025.782353289,5.4501,62.0,2400030464,0x0
1786834026.835048199,5.6880,61.5,2400030464,0x0
1786834027.888446882,5.1072,59.8,2400033792,0x0
1786834028.940905849,5.4026,60.4,2400030464,0x0
1786834029.995326283,5.1319,60.9,2400027136,0x0
1786834031.048552540,6.1715,60.4,2400033792,0x0
1786834032.102693568,6.1199,60.9,2400027136,0x0
1786834033.156999910,4.6908,60.4,2400020480,0x0
1786834034.210556498,5.9313,60.4,2400030464,0x0
1786834035.263528220,5.5186,59.3,2400027136,0x0
1786834036.317868765,6.1604,58.7,2400030464,0x0
1786834037.372038237,5.3613,59.8,2400023808,0x0
1786834038.425305512,4.9179,59.3,2400020480,0x0
1786834039.478265733,5.7117,59.3,2400020480,0x0
1786834040.531784765,5.5539,60.9,2400020480,0x0
1786834041.584404637,5.8633,60.4,2400030464,0x0
1786834042.636763141,5.5359,59.8,2400023808,0x0
1786834043.690024175,5.5826,61.5,2400027136,0x0
1786834044.743209320,5.1282,59.8,2400033792,0x0
1786834045.797073256,5.1912,60.4,2400023808,0x0
1786834046.850864119,5.2130,59.8,2400023808,0x0
1786834047.904891350,4.9931,61.5,2400023808,0x0
1786834048.957970737,5.6171,59.8,2400023808,0x0
1786834050.011777395,5.3626,60.4,2400030464,0x0
1786834051.065611331,5.7047,61.5,2400020480,0x0
1786834052.118934993,5.7307,59.8,2400027136,0x0
1786834053.172607485,5.1907,59.8,2400023808,0x0
1786834054.225681260,6.0371,60.9,2400020480,0x0
1786834055.279611232,4.7565,60.9,2400033792,0x0
1786834056.332882949,5.8749,59.8,2400033792,0x0
1786834057.386950457,5.5945,61.5,2400023808,0x0
1786834058.440156527,5.1367,60.9,2400030464,0x0
1786834059.494336478,5.4154,61.5,2400030464,0x0
1786834060.548700316,5.6713,60.4,2400027136,0x0
1786834061.602009310,5.7865,59.8,2400023808,0x0
1786834062.655991540,5.2296,60.4,2400030464,0x0
1786834063.709599254,5.1893,62.0,2400033792,0x0
1786834064.763221894,5.3456,60.4,2400030464,0x0
1786834065.817340234,5.9374,59.8,2400027136,0x0
1786834066.871010114,4.9362,59.8,2400027136,0x0
1786834067.924933955,5.2264,59.8,2400033792,0x0
1786834068.978183523,5.8429,59.8,2400030464,0x0
1786834070.031452517,5.3514,60.4,2400027136,0x0
1786834071.084368958,5.9571,60.4,2400020480,0x0
1786834072.137463990,5.2771,59.3,2400027136,0x0
1786834073.191286331,5.7019,60.4,2400033792,0x0
1786834074.245660242,5.9861,62.6,2400033792,0x0
1786834075.299679933,5.7648,59.8,2400033792,0x0
1786834076.354175750,5.7446,61.5,2400030464,0x0
1786834077.408022091,5.4089,60.9,2400027136,0x0
1786834078.461358620,5.7584,60.4,2400023808,0x0
1786834079.514651483,4.6127,59.8,2400023808,0x0
1786834080.568069068,5.6315,60.4,2400030464,0x0
1786834081.622059777,5.2775,61.5,2400023808,0x0
1786834082.675254715,5.8391,60.4,2400027136,0x0
1786834083.728462060,5.6948,60.4,2400030464,0x0
1786834084.782196641,5.8323,61.5,2400030464,0x0
1786834085.838464870,5.0912,59.8,2400023808,0x0
1786834086.891007738,5.3950,60.4,2400030464,0x0
1786834087.944868170,5.9385,60.4,2400030464,0x0
1786834088.999554095,5.6065,60.4,2400027136,0x0
1786834090.053585433,5.6502,61.5,2400023808,0x0
1786834091.107718400,5.8968,61.5,2400030464,0x0
1786834092.162224660,5.8714,60.4,2400027136,0x0
1786834093.214785305,5.6864,60.4,2400023808,0x0
1786834094.268431683,4.9096,59.8,2400023808,0x0
1786834095.321364621,5.8877,60.4,2400023808,0x0
1786834096.374990480,5.1816,59.8,2400033792,0x0
1786834097.427837437,5.7161,60.9,2400027136,0x0
1786834098.480963670,5.5832,59.8,2400030464,0x0
1786834099.534398049,4.9706,59.8,2400030464,0x0
1786834100.587538244,5.1230,59.8,2400033792,0x0
1786834101.639906223,5.9068,60.9,2400020480,0x0
1786834102.694100707,5.8733,60.4,2400020480,0x0
1786834103.748349801,5.1151,60.4,2400020480,0x0
1786834104.801940252,5.7919,59.8,2400020480,0x0
1786834105.855949589,5.7863,60.4,2400033792,0x0
1786834106.909492132,5.1397,60.9,2400020480,0x0
1786834107.965676267,5.2318,59.8,2400023808,0x0
1786834109.020098878,5.0864,60.9,2400030464,0x0
1786834110.073850623,5.8345,59.8,2400033792,0x0
1786834111.127527814,5.7299,60.4,2400033792,0x0
1786834112.180601435,5.1891,60.4,2400027136,0x0
1786834113.233848110,5.2512,60.9,2400033792,0x0
1786834114.287964537,5.7395,59.8,2400023808,0x0
1786834115.341440173,4.7116,58.7,2400027136,0x0
1786834116.394640978,5.4341,62.0,2400027136,0x0
1786834117.449149569,4.9843,58.7,2400033792,0x0
1786834118.503527809,5.7018,59.8,2400027136,0x0
1786834119.557151832,5.4407,59.3,2400027136,0x0
1786834120.610692968,5.4686,61.5,2400027136,0x0
1786834121.665066318,5.7383,59.3,2400033792,0x0
1786834122.723729729,5.2509,59.8,2400027136,0x0
1786834123.778013469,5.1388,60.4,2400027136,0x0
1786834124.831435568,5.8125,59.8,2400027136,0x0
1786834125.885511531,4.9760,59.8,2400033792,0x0
1786834126.939062795,4.6516,60.4,2400020480,0x0
1786834127.992594819,4.5117,60.4,2400023808,0x0
1786834129.045326107,5.8971,59.3,2400027136,0x0
1786834130.098091248,5.0714,60.9,2400020480,0x0
1786834131.152048434,4.9838,62.0,2400030464,0x0
1786834132.206882114,5.1584,60.4,2400020480,0x0
1786834133.261000762,5.4401,60.9,2400023808,0x0
1786834134.316141272,5.1132,60.9,2400023808,0x0
1786834135.369292465,5.3660,60.4,2400020480,0x0
1786834136.423000319,5.5333,60.4,2400030464,0x0
1786834137.476974783,5.2880,61.5,2400033792,0x0
1786834138.531049171,5.3868,59.8,2400020480,0x0
1786834139.584999802,5.5796,59.8,2400023808,0x0
1786834140.638293992,6.0586,60.9,2400030464,0x0
1786834141.691117335,3.1966,59.8,2400023808,0x0
1786834142.744510950,5.2148,59.3,2400030464,0x0
1786834143.798061898,5.5850,60.9,2400020480,0x0
1786834144.851429347,5.3943,60.4,2400030464,0x0
1786834145.905321514,5.3447,60.4,2400030464,0x0
1786834146.959110645,5.8047,60.4,2400033792,0x0
1786834148.012932479,5.0344,61.5,2400027136,0x0
1786834149.066214336,5.0797,59.8,2400020480,0x0
1786834150.119363823,5.4583,60.4,2400033792,0x0
1786834151.172246035,6.2898,58.7,2400023808,0x0
1786834152.226574902,4.5054,60.4,2400027136,0x0
1786834153.279110375,5.3891,58.7,2400033792,0x0
1786834154.332924820,5.8238,60.4,2400033792,0x0
1786834155.386698876,5.5909,60.9,2400023808,0x0
1786834156.439484088,6.2131,59.8,2400027136,0x0
1786834157.492593760,5.4143,60.4,2400027136,0x0
1786834158.545134659,5.6812,60.4,2400023808,0x0
1786834159.591821583,4.9824,61.5,2400023808,0x0
1786834160.645880026,5.5666,60.4,2400020480,0x0
1786834161.699328103,5.8130,60.9,2400027136,0x0
1786834162.752801290,5.3722,61.5,2400020480,0x0
1786834163.807047990,5.1866,60.4,2400033792,0x0
1786834164.861061951,5.7815,61.5,2400020480,0x0
1786834165.914205215,5.2874,59.8,2400020480,0x0
1786834166.967485551,4.7655,60.4,2400027136,0x0
1786834168.020436279,5.1445,59.8,2400023808,0x0
1786834169.073449359,5.0095,59.8,2400027136,0x0
1786834170.126605974,5.8743,62.0,2400023808,0x0
1786834171.181136504,4.6559,60.4,2400033792,0x0
1786834172.233580514,4.6236,61.5,2400033792,0x0
1786834173.288131729,5.7182,60.4,2400020480,0x0
1786834174.341524638,5.3113,60.9,2400030464,0x0
1786834175.394988029,5.0474,61.5,2400027136,0x0
1786834176.448134014,5.1088,59.3,2400030464,0x0
1786834177.501127722,5.3111,59.8,2400030464,0x0
1786834178.554863054,5.0912,59.3,2400033792,0x0
1786834179.608334037,5.7599,60.4,2400027136,0x0
1786834180.661060488,4.8818,60.9,2400030464,0x0
1786834181.714629710,5.3448,60.4,2400027136,0x0
1786834182.767169829,5.6925,60.4,2400027136,0x0
1786834183.821364453,5.2771,60.4,2400033792,0x0
1786834184.874498105,5.8145,60.4,2400030464,0x0
1786834185.927857013,5.1520,60.4,2400033792,0x0
1786834186.981116830,5.9292,60.4,2400033792,0x0
1786834188.036019264,5.5930,60.4,2400037120,0x0
1786834189.090239925,5.0275,60.4,2400020480,0x0
1786834190.144138570,5.3762,60.4,2400033792,0x0
1786834191.197396701,5.2459,58.7,2400030464,0x0
1786834192.251311493,5.1390,60.4,2400023808,0x0
1786834193.304663068,4.7753,59.8,2400020480,0x0
1786834194.358149586,5.5235,59.8,2400023808,0x0
1786834195.411834121,5.2912,59.8,2400023808,0x0
1786834196.465304732,5.2150,59.8,2400030464,0x0
1786834197.519411301,5.8811,60.9,2400030464,0x0
1786834198.572666968,5.1656,59.8,2400030464,0x0
1786834199.625617990,5.9019,61.5,2400033792,0x0
1786834200.678235329,4.9383,60.9,2400027136,0x0
1786834201.731514237,5.1615,59.8,2400027136,0x0
1786834202.785955395,5.6410,59.3,2400033792,0x0
1786834203.840396757,4.4434,60.4,2400027136,0x0
1786834204.894365049,5.3104,60.4,2400030464,0x0
1786834205.948850225,5.1045,60.4,2400030464,0x0
1786834207.003168958,5.2638,60.4,2400023808,0x0
1786834208.056409680,5.2805,59.8,2400023808,0x0
1786834209.109353535,5.7249,61.5,2400020480,0x0
1786834210.163546269,5.0143,59.3,2400023808,0x0
1786834211.217100914,4.5864,60.4,2400030464,0x0
1786834212.270574839,5.7354,61.5,2400027136,0x0
1786834213.323348916,5.3549,59.3,2400027136,0x0
1786834214.376483658,5.8199,59.8,2400030464,0x0
1786834215.431510107,5.8104,60.4,2400030464,0x0
1786834216.483959168,5.3562,60.9,2400023808,0x0
1786834217.538046495,5.4991,60.4,2400020480,0x0
1786834218.591497141,5.0823,60.9,2400030464,0x0
1786834219.644570160,4.9429,60.4,2400030464,0x0
1786834220.697898437,5.0819,60.9,2400020480,0x0
1786834221.750781809,5.1454,60.4,2400030464,0x0
1786834222.803995290,5.0089,60.9,2400033792,0x0
1786834223.856021465,5.7183,60.4,2400027136,0x0
1786834224.909905200,5.0404,60.9,2400033792,0x0
1786834225.962830572,5.6496,61.5,2400027136,0x0
1786834227.015823092,5.1999,60.9,2400023808,0x0
1786834228.069749215,5.3447,58.2,2400020480,0x0
1786834229.122405588,5.6912,60.4,2400023808,0x0
1786834230.174993722,5.6432,59.8,2400033792,0x0
1786834231.220812925,5.0174,60.4,2400037120,0x0
1786834232.274371181,5.2460,60.4,2400033792,0x0
1786834233.328792300,5.3585,59.8,2400027136,0x0
1786834234.383536416,5.0997,59.8,2400027136,0x0
1786834235.437174782,5.2992,59.8,2400020480,0x0
1786834236.490815111,5.6300,59.8,2400020480,0x0
1786834237.544098442,5.6100,59.8,2400020480,0x0
1786834238.598136989,4.5980,59.8,2400023808,0x0
1786834239.652490497,5.1504,59.3,2400023808,0x0
1786834240.705260147,5.6827,61.5,2400030464,0x0
1786834241.759164621,5.3933,60.4,2400027136,0x0
1786834242.813160799,5.8930,59.8,2400027136,0x0
1786834243.866355797,4.6732,58.7,2400027136,0x0
1786834244.920423862,5.1101,59.3,2400020480,0x0
1786834245.974161708,5.0879,60.9,2400020480,0x0
1786834247.027578945,5.2568,59.8,2400020480,0x0
1786834248.080897978,5.0286,59.8,2400030464,0x0
1786834249.134863396,4.6070,61.5,2400027136,0x0
1786834250.188270670,5.0466,60.4,2400023808,0x0
1786834251.242618992,4.8224,60.4,2400023808,0x0
1786834252.298912743,5.7854,60.9,2400020480,0x0
1786834253.352776384,5.3166,60.9,2400027136,0x0
1786834254.406030270,5.4839,59.8,2400030464,0x0
1786834255.459209915,5.6421,59.8,2400030464,0x0
1786834256.511824824,5.1501,59.8,2400033792,0x0
1786834257.565554428,5.5505,60.4,2400023808,0x0
1786834258.617892025,5.0738,59.8,2400027136,0x0
1786834259.671726850,5.3253,59.8,2400027136,0x0
1786834260.725122253,5.6877,60.4,2400027136,0x0
1786834261.779749609,5.1909,60.4,2400027136,0x0
1786834262.833130400,5.3855,60.9,2400030464,0x0
1786834263.887395019,5.7063,60.9,2400030464,0x0
1786834264.940945049,5.1619,59.8,2400033792,0x0
1786834265.994413359,5.3139,60.4,2400023808,0x0
1786834267.047324431,5.7112,60.4,2400020480,0x0
1786834268.100997072,5.1255,60.4,2400027136,0x0
1786834269.154285698,6.1568,59.8,2400023808,0x0
1786834270.208685370,5.6209,58.7,2400020480,0x0
1786834271.262774952,3.3090,60.4,2400020480,0x0
1786834272.315775857,4.6022,60.4,2400030464,0x0
1786834273.369276054,5.1724,60.4,2400020480,0x0
1786834274.423390284,5.7756,60.4,2400033792,0x0
1786834275.477822603,5.7382,60.9,2400033792,0x0
1786834276.531706927,5.6964,61.5,2400030464,0x0
1786834277.585740731,5.7900,60.9,2400023808,0x0
1786834278.638781043,5.4073,60.4,2400030464,0x0
1786834279.693512749,5.1199,59.8,2400033792,0x0
1786834280.746523116,5.0822,60.4,2400030464,0x0
1786834281.800563476,5.9074,60.4,2400030464,0x0
1786834282.852754868,5.3414,60.4,2400027136,0x0
1786834283.906929096,5.8936,60.4,2400033792,0x0
1786834284.959925723,4.9723,61.5,2400023808,0x0
1786834286.013030922,5.6624,60.4,2400027136,0x0
1786834287.068022885,5.4065,62.0,2400027136,0x0
1786834288.121585599,5.8716,58.7,2400037120,0x0
1786834289.175808401,6.2286,60.4,2400033792,0x0
1786834290.230333256,5.8937,60.4,2400027136,0x0
1786834291.284483503,5.5967,60.4,2400023808,0x0
1786834292.338247160,5.4497,59.8,2400030464,0x0
1786834293.392258371,5.2808,59.8,2400033792,0x0
1786834294.446286229,5.4607,59.8,2400033792,0x0
1786834295.499563260,5.6755,60.9,2400027136,0x0
1786834296.553242362,4.8756,59.3,2400020480,0x0
1786834297.607183036,4.9111,60.9,2400020480,0x0
1786834298.660934563,6.0365,60.4,2400023808,0x0
1786834299.715038662,5.5301,59.3,2400020480,0x0
1786834300.768419006,5.8659,60.9,2400033792,0x0
1786834301.820041679,1.9849,60.4,2400037120,0x0
1786834302.865526492,5.2536,60.4,2400030464,0x0
1786834303.918973854,5.3665,61.5,2400030464,0x0
1786834304.972748640,4.7348,59.8,2400037120,0x0
1786834306.026369279,5.7112,58.2,2400030464,0x0
1786834307.080460580,5.6945,59.8,2400023808,0x0
1786834308.134333624,5.0076,59.8,2400020480,0x0
1786834309.187544062,5.6145,61.5,2400023808,0x0
1786834310.240677501,5.7628,60.4,2400033792,0x0
1786834311.293435887,4.7904,59.8,2400023808,0x0
1786834312.347182543,5.9201,59.8,2400033792,0x0
1786834313.400108871,5.7427,60.4,2400023808,0x0
1786834314.453118051,5.8946,59.8,2400020480,0x0
1786834315.506328970,5.7451,60.4,2400020480,0x0
1786834316.560705251,5.2202,60.4,2400033792,0x0
1786834317.615283622,5.0820,60.9,2400020480,0x0
1786834318.669466386,5.6658,60.4,2400027136,0x0
1786834319.724355014,5.0606,59.8,2400023808,0x0
1786834320.777608914,5.1632,60.9,2400033792,0x0
1786834321.831862306,5.3033,60.4,2400023808,0x0
1786834322.884999355,5.2450,62.6,2400030464,0x0
1786834323.939761521,6.1501,59.8,2400033792,0x0
1786834324.994081986,5.2425,59.8,2400027136,0x0
1786834326.048424174,4.8624,61.5,2400023808,0x0
1786834327.100784950,4.9855,60.4,2400020480,0x0
1786834328.155795929,5.3517,60.4,2400033792,0x0
1786834329.209645453,4.3222,60.9,2400027136,0x0
1786834330.262453023,4.9949,60.4,2400020480,0x0
1786834331.315522275,5.0874,61.5,2400033792,0x0
1786834332.369062469,5.9029,61.5,2400020480,0x0
1786834333.424377593,5.6836,61.5,2400027136,0x0
1786834334.477391197,5.6646,60.4,2400033792,0x0
1786834335.531752514,7.0109,62.0,2400027136,0x0
1786834336.585400687,6.0381,59.8,2400033792,0x0
1786834337.639415191,5.5896,60.4,2400027136,0x0
1786834338.693076032,6.0877,59.8,2400023808,0x0
1786834339.746610002,5.4366,59.3,2400033792,0x0
1786834340.799218610,5.4222,61.5,2400030464,0x0
1786834341.852345435,5.0114,59.8,2400033792,0x0
1786834342.906964934,5.5865,59.3,2400020480,0x0
1786834343.959889058,5.1563,59.8,2400030464,0x0
1786834345.014000783,5.7982,60.4,2400033792,0x0
1786834346.068439654,5.7188,60.4,2400033792,0x0
1786834347.123124837,5.9402,60.9,2400027136,0x0
1786834348.177434264,5.5821,61.5,2400027136,0x0
1786834349.231656359,5.6240,60.4,2400027136,0x0
1786834350.285430049,5.2534,59.8,2400020480,0x0
1786834351.339019093,5.2231,60.4,2400027136,0x0
1786834352.392695228,5.0339,60.9,2400030464,0x0
1786834353.446610695,5.5885,59.3,2400030464,0x0
1786834354.500926159,5.6019,61.5,2400030464,0x0
1786834355.553343378,4.4665,60.4,2400023808,0x0
1786834356.607217901,5.5752,60.4,2400027136,0x0
1786834357.660638760,4.9499,60.4,2400033792,0x0
1786834358.714692356,5.0346,61.5,2400030464,0x0
1786834359.768873135,5.5857,61.5,2400030464,0x0
1786834360.822466437,5.0482,59.8,2400023808,0x0
1786834361.876044869,5.2531,59.8,2400030464,0x0
1786834362.928714864,5.1073,60.9,2400033792,0x0
1786834363.983279751,4.0653,60.4,2400030464,0x0
1786834365.037716547,5.9407,60.9,2400023808,0x0
1786834366.091537884,5.3582,60.4,2400033792,0x0
1786834367.145319203,4.3984,60.4,2400030464,0x0
1786834368.198499989,5.8255,60.4,2400027136,0x0
1786834369.251774794,5.4172,60.4,2400030464,0x0
1786834370.304154494,5.3321,61.5,2400030464,0x0
1786834371.356976375,5.0945,60.4,2400033792,0x0
1786834372.410965748,5.3645,61.5,2400030464,0x0
1786834373.464513291,5.4302,60.4,2400027136,0x0
1786834374.518827661,4.5271,60.4,2400027136,0x0
1786834375.573437936,5.2927,60.4,2400027136,0x0
1786834376.627275328,5.1606,60.4,2400023808,0x0
1786834377.681225312,4.4955,60.9,2400030464,0x0
1786834378.734820984,5.0217,60.4,2400033792,0x0
1786834379.788760579,5.9227,60.4,2400023808,0x0
1786834380.842519082,5.1616,60.4,2400023808,0x0
1786834381.895935422,5.2869,59.8,2400027136,0x0
1786834382.949988442,5.9182,60.9,2400027136,0x0
1786834384.003685131,5.1274,60.9,2400023808,0x0
1786834385.060707831,5.6273,60.4,2400023808,0x0
1786834386.113132845,5.0518,60.4,2400020480,0x0
1786834387.167076328,5.4701,61.5,2400033792,0x0
1786834388.220932775,5.2964,60.9,2400027136,0x0
1786834389.274753870,5.3848,60.4,2400027136,0x0
1786834390.327804953,5.3204,60.4,2400030464,0x0
1786834391.380936146,4.2714,60.4,2400020480,0x0
1786834392.433985247,4.9429,60.4,2400030464,0x0
1786834393.487179792,5.2186,62.0,2400030464,0x0
1786834394.540501650,5.8542,59.3,2400023808,0x0
1786834395.594091524,4.9740,60.4,2400023808,0x0
1786834396.647989415,4.4795,60.4,2400033792,0x0
1786834397.701333476,5.6158,59.8,2400027136,0x0
1786834398.754338818,5.3240,59.8,2400023808,0x0
1786834399.807257197,5.6403,60.4,2400020480,0x0
1786834400.859845616,5.6265,60.4,2400030464,0x0
1786834401.912718070,5.7612,60.4,2400020480,0x0
1786834402.967298177,5.4707,59.8,2400030464,0x0
1786834404.021099457,4.7834,61.5,2400030464,0x0
1786834405.074528703,5.3460,60.4,2400030464,0x0
1786834406.127916615,5.7846,60.4,2400023808,0x0
1786834407.180929105,5.6404,60.9,2400020480,0x0
1786834408.235131733,5.3375,59.3,2400023808,0x0
1786834409.288050760,5.8456,60.4,2400020480,0x0
1786834410.341158527,5.8392,60.4,2400023808,0x0
1786834411.393870185,4.8682,60.4,2400020480,0x0
1786834412.446993914,5.7387,59.8,2400023808,0x0
1786834413.500655528,5.2700,58.7,2400023808,0x0
1786834414.553283964,5.9304,60.9,2400030464,0x0
1786834415.606465063,4.6506,60.4,2400033792,0x0
1786834416.659509237,5.3156,60.4,2400033792,0x0
1786834417.713755161,5.0120,62.0,2400023808,0x0
1786834418.767377237,5.6699,60.4,2400033792,0x0
1786834419.821218998,4.5521,60.4,2400020480,0x0
1786834420.875134739,5.0705,60.4,2400020480,0x0
1786834421.930692689,5.6972,59.8,2400030464,0x0
1786834423.086781831,5.9682,59.8,2400023808,0x0
1786834424.139841245,5.2594,59.8,2400033792,0x0
1786834425.193511988,5.9670,60.9,2400033792,0x0
1786834426.247049083,5.2287,60.9,2400033792,0x0
1786834427.300932324,5.4613,60.4,2400027136,0x0
1786834428.355308432,4.9107,60.9,2400027136,0x0
1786834429.408368494,5.3742,59.8,2400027136,0x0
1786834430.461333056,4.7994,59.8,2400020480,0x0
1786834431.513667994,5.4745,60.4,2400037120,0x0
1786834432.567505698,5.4887,60.9,2400030464,0x0
1786834433.621588085,5.6077,61.5,2400033792,0x0
1786834434.675447771,5.2232,60.4,2400027136,0x0
1786834435.729228994,5.3276,59.8,2400033792,0x0
1786834436.782179852,5.8709,60.4,2400033792,0x0
1786834437.836070574,5.6467,59.8,2400033792,0x0
1786834438.889703631,5.2264,61.5,2400030464,0x0
1786834439.943023895,5.8370,60.4,2400033792,0x0
1786834440.996053641,5.3955,60.9,2400033792,0x0
1786834442.050244027,5.1952,61.5,2400023808,0x0
1786834443.103259071,5.0089,60.4,2400030464,0x0
1786834444.157159422,4.6759,60.9,2400027136,0x0
1786834445.211928396,5.6255,59.3,2400037120,0x0
1786834446.266681074,5.5454,61.5,2400020480,0x0
1786834447.320338223,5.6797,60.4,2400030464,0x0
1786834448.373477654,5.2001,60.9,2400033792,0x0
1786834449.426641880,5.7703,60.9,2400023808,0x0
1786834450.480669749,5.0414,60.4,2400020480,0x0
1786834451.533544978,5.7171,60.9,2400023808,0x0
1786834452.586823018,5.3060,60.4,2400023808,0x0
1786834453.640438519,5.1543,59.8,2400020480,0x0
1786834454.694152353,5.7462,60.4,2400027136,0x0
1786834455.748119981,5.0199,60.9,2400023808,0x0
1786834456.801641760,5.9247,60.4,2400033792,0x0
1786834457.854808320,5.3447,60.4,2400023808,0x0
1786834458.907865862,5.7760,60.4,2400023808,0x0
1786834459.960971274,5.3689,59.8,2400033792,0x0
1786834461.015315214,5.0670,61.5,2400027136,0x0
1786834462.069080083,4.9008,59.8,2400033792,0x0
1786834463.122953119,5.2071,60.4,2400030464,0x0
1786834464.176142289,4.4992,60.4,2400020480,0x0
1786834465.230639968,4.4517,59.8,2400033792,0x0
1786834466.283817083,5.7076,59.3,2400033792,0x0
1786834467.337699248,5.0704,60.4,2400023808,0x0
1786834468.392049428,5.3312,60.4,2400027136,0x0
1786834469.445897038,5.7095,60.9,2400030464,0x0
1786834470.499947720,5.2353,59.8,2400023808,0x0
1786834471.553471054,5.8703,60.4,2400020480,0x0
1786834472.607603235,5.3585,60.4,2400030464,0x0
1786834473.661063218,5.6596,60.4,2400023808,0x0
1786834474.707423996,5.2622,59.8,2400023808,0x0
1786834475.761541011,5.3972,59.8,2400020480,0x0
1786834476.815424231,5.0906,59.8,2400020480,0x0
1786834477.869630708,5.4399,61.5,2400027136,0x0
1786834478.923964720,5.1470,60.4,2400033792,0x0
1786834479.978084550,5.6912,60.4,2400030464,0x0
1786834481.032243434,5.2415,60.4,2400020480,0x0
1786834482.185339040,5.7223,59.3,2400027136,0x0
1786834483.239258537,5.7023,60.4,2400030464,0x0
1786834484.292933444,5.7148,60.9,2400020480,0x0
1786834485.346189965,5.1467,59.8,2400023808,0x0
1786834486.399376319,5.9363,60.4,2400030464,0x0
1786834487.453463759,4.9622,60.9,2400023808,0x0
1786834488.506367135,5.7124,59.3,2400033792,0x0
1786834489.560703869,5.7446,60.4,2400023808,0x0
1786834490.616566796,5.9010,60.9,2400033792,0x0
1786834491.670754624,6.1737,60.4,2400030464,0x0
1786834492.724670176,5.8805,60.4,2400033792,0x0
1786834493.779003781,5.1443,60.4,2400027136,0x0
1786834494.832545373,5.0069,61.5,2400027136,0x0
1786834495.885972707,5.1894,59.8,2400027136,0x0
1786834496.938865601,5.3729,60.4,2400020480,0x0
1786834497.992245602,5.3615,61.5,2400023808,0x0
1786834499.046038710,5.9115,59.3,2400030464,0x0
1786834500.099461322,5.1139,60.4,2400030464,0x0
1786834501.152559380,5.7834,59.8,2400030464,0x0
1786834502.206267860,4.8087,62.0,2400020480,0x0
1786834503.260084394,5.3976,59.8,2400030464,0x0
1786834504.315244677,5.3386,59.8,2400033792,0x0
1786834505.369477189,5.1783,58.7,2400020480,0x0
1786834506.423302372,5.9610,60.9,2400030464,0x0
1786834507.477776401,5.8208,60.9,2400023808,0x0
1786834508.532042468,5.8103,59.3,2400033792,0x0
1786834509.584745437,5.2073,59.8,2400033792,0x0
1786834510.637432683,5.1174,59.8,2400023808,0x0
1786834511.690263873,5.2672,60.4,2400023808,0x0
1786834512.743806297,4.6907,60.4,2400020480,0x0
1786834513.797547647,6.0718,59.3,2400030464,0x0
1786834514.851640141,4.5738,62.0,2400020480,0x0
1786834515.905015326,5.2049,60.4,2400023808,0x0
1786834516.957505759,5.7924,59.3,2400033792,0x0
1786834518.012011362,5.1646,62.0,2400027136,0x0
1786834519.065751007,4.8958,62.6,2400027136,0x0
1786834520.120436015,5.2515,59.8,2400030464,0x0
1786834521.174863118,5.7080,59.8,2400023808,0x0
1786834522.228719799,5.7116,61.5,2400020480,0x0
1786834523.282357834,4.9517,60.9,2400027136,0x0
1786834524.336057924,5.2341,61.5,2400027136,0x0
1786834525.390015067,5.8216,62.6,2400027136,0x0
1786834526.443291031,5.1587,61.5,2400023808,0x0
1786834527.495966795,5.2341,60.4,2400023808,0x0
1786834528.548804391,5.3924,60.9,2400033792,0x0
1786834529.602364556,5.0036,60.4,2400030464,0x0
1786834530.654338029,5.1390,62.6,2400023808,0x0
1786834531.707574307,5.7830,60.4,2400030464,0x0
1786834532.761572579,5.0300,61.5,2400023808,0x0
1786834533.816704565,5.7420,60.9,2400027136,0x0
1786834534.870836318,5.4758,60.9,2400033792,0x0
1786834535.924869423,5.8827,59.3,2400030464,0x0
1786834536.978289218,5.9174,61.5,2400027136,0x0
1786834538.032624432,5.5037,60.4,2400020480,0x0
1786834539.086730889,5.0166,60.9,2400027136,0x0
1786834540.140944530,5.6945,61.5,2400020480,0x0
1786834541.195464316,5.1779,60.9,2400027136,0x0
1786834542.249545569,5.2693,60.9,2400027136,0x0
1786834543.304550296,5.2856,59.8,2400030464,0x0
1786834544.357715667,5.6021,61.5,2400033792,0x0
1786834545.410942815,4.4744,58.7,2400020480,0x0
1786834546.466073689,5.7261,60.9,2400033792,0x0
1786834547.521099101,4.5797,60.4,2400020480,0x0
1786834548.575558518,5.3661,59.8,2400030464,0x0
1786834549.630436579,5.2739,60.9,2400030464,0x0
1786834550.683576968,3.4206,59.3,2400023808,0x0
1786834551.737814904,5.7180,60.4,2400020480,0x0
1786834552.791649381,5.5381,61.5,2400033792,0x0
1786834553.845284359,5.1351,60.4,2400030464,0x0
1786834554.898457489,5.8377,60.4,2400023808,0x0
1786834555.951623285,5.7085,60.9,2400023808,0x0
1786834557.004919451,5.8763,60.4,2400020480,0x0
1786834558.058912926,5.3231,62.0,2400023808,0x0
1786834559.111587892,5.6632,60.4,2400033792,0x0
1786834560.166676637,5.0722,60.9,2400037120,0x0
1786834561.220951572,5.3841,60.9,2400030464,0x0
1786834562.274823882,4.9316,59.8,2400023808,0x0
1786834563.329215372,5.4412,59.3,2400033792,0x0
1786834564.382946460,5.5119,59.8,2400030464,0x0
1786834565.437588485,5.6609,60.4,2400020480,0x0
1786834566.491493701,5.9299,61.5,2400030464,0x0
1786834567.545133809,5.7191,58.7,2400023808,0x0
1786834568.598083939,5.2276,61.5,2400033792,0x0
1786834569.652261264,5.5274,59.8,2400027136,0x0
1786834570.706430515,4.9942,60.9,2400030464,0x0
1786834571.759597070,5.7957,60.4,2400030464,0x0
1786834572.812323221,5.3005,60.4,2400030464,0x0
1786834573.865637590,5.1102,59.8,2400030464,0x0
1786834574.919182234,4.7585,60.4,2400037120,0x0
1786834575.973736723,5.5154,60.4,2400027136,0x0
1786834577.027508607,5.1008,61.5,2400023808,0x0
1786834578.081298675,5.0771,60.9,2400023808,0x0
1786834579.134284861,5.6046,60.9,2400027136,0x0
1786834580.188164836,6.1307,60.4,2400027136,0x0
1786834581.242421067,5.7816,60.9,2400020480,0x0
1786834582.298987207,4.1465,59.3,2400027136,0x0
1786834583.352527129,5.3880,59.8,2400033792,0x0
1786834584.406168791,5.1100,59.3,2400020480,0x0
1786834585.459170198,6.0803,60.4,2400023808,0x0
1786834586.513082414,5.6766,60.4,2400027136,0x0
1786834587.569074798,5.1319,60.4,2400020480,0x0
1786834588.622715571,5.2048,60.4,2400023808,0x0
1786834589.676134309,5.1872,59.3,2400030464,0x0
1786834590.730675056,5.5842,60.4,2400023808,0x0
1786834591.783396558,5.5973,59.8,2400023808,0x0
1786834592.837252385,4.8072,59.8,2400020480,0x0
1786834593.891190174,5.3634,60.9,2400027136,0x0
1786834594.943876787,4.9103,62.0,2400033792,0x0
1786834595.997371191,5.7649,61.5,2400030464,0x0
1786834597.051177740,4.7961,60.9,2400023808,0x0
1786834598.103535856,5.3860,60.9,2400030464,0x0
1786834599.156987981,5.6087,60.4,2400023808,0x0
1786834600.209881241,4.5781,61.5,2400027136,0x0
1786834601.263743771,5.9059,60.9,2400033792,0x0
1786834602.315533206,5.0314,60.4,2400020480,0x0
1786834603.369373421,5.6803,60.4,2400037120,0x0
1786834604.423375598,5.5010,60.4,2400023808,0x0
1786834605.476750225,5.7732,60.9,2400023808,0x0
1786834606.529153117,5.3221,60.4,2400030464,0x0
1786834607.583363367,5.3492,61.5,2400030464,0x0
1786834608.637335840,5.1288,60.4,2400020480,0x0
1786834609.691682348,5.6176,60.4,2400030464,0x0
1786834610.745804727,4.4408,59.8,2400027136,0x0
1786834611.799904848,5.3355,61.5,2400023808,0x0
1786834612.852967106,5.8415,60.4,2400023808,0x0
1786834613.908394012,5.2360,60.4,2400033792,0x0
1786834614.961958137,5.5006,60.4,2400020480,0x0
1786834616.016601882,5.3915,60.4,2400033792,0x0
1786834617.070616873,4.9800,60.4,2400037120,0x0
1786834618.125451932,5.6557,60.4,2400027136,0x0
1786834619.180703896,5.5483,60.9,2400020480,0x0
1786834620.234887978,5.6726,60.9,2400027136,0x0
1786834621.289240004,5.1464,60.4,2400023808,0x0
1786834622.343617807,5.5649,60.4,2400033792,0x0
1786834623.397523910,5.1290,60.4,2400030464,0x0
1786834624.450203800,4.5956,60.9,2400020480,0x0
1786834625.503666332,5.0059,60.4,2400027136,0x0
1786834626.557089568,5.7911,62.0,2400023808,0x0
1786834627.610733210,5.7692,60.4,2400027136,0x0
1786834628.664865200,4.6102,59.8,2400020480,0x0
1786834629.718128808,5.6571,59.8,2400033792,0x0
1786834630.770868753,4.8695,60.4,2400023808,0x0
1786834631.824433544,5.6511,59.8,2400023808,0x0
1786834632.878930864,5.7780,61.5,2400027136,0x0
1786834633.933488702,5.7703,62.6,2400033792,0x0
1786834634.987865875,5.6888,60.4,2400027136,0x0
1786834636.042371899,5.8340,60.9,2400023808,0x0
1786834637.095753098,5.0185,60.4,2400020480,0x0
1786834638.149124575,4.9159,60.9,2400023808,0x0
1786834639.202716754,5.2327,60.9,2400027136,0x0
1786834640.255302996,5.4260,59.8,2400033792,0x0
1786834641.308852731,5.4070,60.4,2400020480,0x0
1786834642.361627342,6.1904,60.4,2400023808,0x0
1786834643.416121033,5.3353,59.8,2400020480,0x0
1786834644.468973847,5.7821,60.9,2400020480,0x0
1786834645.522895134,5.2752,60.4,2400020480,0x0
1786834646.575930539,5.8650,60.9,2400020480,0x0
1786834647.629666124,5.8903,60.9,2400020480,0x0
1786834648.683685929,5.6008,60.9,2400020480,0x0
1786834649.737928418,5.7403,60.4,2400027136,0x0
1786834650.791257024,5.5188,60.9,2400023808,0x0
1786834651.844956017,4.9938,62.0,2400023808,0x0
1786834652.898167865,5.2116,60.9,2400023808,0x0
1786834653.951352491,4.9785,60.4,2400027136,0x0
1786834655.005511202,4.9935,59.8,2400033792,0x0
1786834656.058315460,5.1411,60.4,2400020480,0x0
1786834657.112015045,5.7742,59.8,2400020480,0x0
1786834658.166609290,5.1780,59.8,2400027136,0x0
1786834659.219928100,5.5344,62.0,2400027136,0x0
1786834660.272213103,5.7340,60.4,2400033792,0x0
1786834661.325562117,5.2649,61.5,2400030464,0x0
1786834662.379186554,5.0985,60.9,2400030464,0x0
1786834663.433873761,5.7495,62.6,2400027136,0x0
1786834664.487148312,3.2299,59.8,2400023808,0x0
1786834665.541144209,5.6580,59.8,2400030464,0x0
1786834666.595290179,4.9515,60.4,2400020480,0x0
1786834667.649128744,4.9943,60.4,2400030464,0x0
1786834668.701741226,5.1069,59.3,2400023808,0x0
1786834669.754883518,5.3259,60.4,2400027136,0x0
1786834670.807633666,5.3778,60.4,2400023808,0x0
1786834671.861132659,4.4616,58.7,2400030464,0x0
1786834672.913066720,5.3368,60.9,2400027136,0x0
1786834673.965733979,4.9316,60.4,2400023808,0x0
1786834675.017945945,5.6537,60.4,2400030464,0x0
1786834676.072530671,5.1877,60.9,2400030464,0x0
1786834677.126393680,5.3659,60.4,2400023808,0x0
1786834678.180139708,5.1395,60.4,2400023808,0x0
1786834679.233439333,5.6751,60.4,2400020480,0x0
1786834680.287257083,5.5818,62.6,2400023808,0x0
1786834681.340796205,4.9851,58.7,2400020480,0x0
1786834682.395235228,5.4160,59.8,2400023808,0x0
1786834683.449260643,5.8232,60.9,2400027136,0x0
1786834684.502243232,5.8752,60.4,2400023808,0x0
1786834685.555300062,4.5913,60.4,2400027136,0x0
1786834686.610723337,4.5529,60.4,2400033792,0x0
1786834687.664082386,5.8477,60.4,2400023808,0x0
1786834688.719128886,5.3400,60.4,2400020480,0x0
1786834689.773818555,5.6820,60.4,2400033792,0x0
1786834690.828035783,5.4735,59.8,2400020480,0x0
1786834691.881924421,5.7954,60.9,2400033792,0x0
1786834692.936026816,5.0092,59.3,2400020480,0x0
1786834693.989089998,5.9730,62.0,2400033792,0x0
1786834695.043082116,6.0387,60.9,2400023808,0x0
1786834696.096721200,4.7958,61.5,2400030464,0x0
1786834697.150334525,5.2476,60.4,2400030464,0x0
1786834698.203464651,5.8560,60.4,2400020480,0x0
1786834699.258283152,5.1101,60.4,2400023808,0x0
1786834700.311542757,5.9827,60.4,2400033792,0x0
1786834701.365794392,5.6457,60.4,2400020480,0x0
1786834702.419429643,5.6241,60.4,2400023808,0x0
1786834703.472707544,5.1171,60.4,2400033792,0x0
1786834704.526380091,4.9491,60.4,2400023808,0x0
1786834705.580519764,5.8386,59.3,2400023808,0x0
1786834706.634760010,5.5424,61.5,2400033792,0x0
1786834707.689120162,5.1504,60.4,2400033792,0x0
1786834708.742181454,5.2539,61.5,2400023808,0x0
1786834709.795774149,5.8930,60.9,2400020480,0x0
1786834710.849595232,5.0494,61.5,2400020480,0x0
1786834711.902505654,5.2982,62.0,2400030464,0x0
1786834712.957031176,5.7617,60.4,2400030464,0x0
1786834714.010671167,4.6671,60.4,2400033792,0x0
1786834715.063951235,5.9591,60.9,2400027136,0x0
1786834716.118302146,5.7956,60.4,2400023808,0x0
1786834717.171792249,5.7325,59.3,2400030464,0x0
1786834718.221921656,5.2315,62.6,2400033792,0x0
1786834719.276652898,5.6236,59.8,2400020480,0x0
1786834720.330773589,5.3040,60.4,2400027136,0x0
1786834721.384446802,5.4510,59.8,2400020480,0x0
1786834722.438806917,5.2361,60.4,2400020480,0x0
1786834723.492966163,5.5970,62.0,2400020480,0x0
1786834724.546712856,5.5373,59.8,2400033792,0x0
1786834725.600328125,4.9662,59.8,2400020480,0x0
1786834726.653602119,5.9215,61.5,2400023808,0x0
1786834727.711557595,5.6835,60.9,2400023808,0x0
1786834728.764443702,5.2518,60.9,2400027136,0x0
1786834729.818838631,5.5448,61.5,2400023808,0x0
1786834730.871049337,4.9286,61.5,2400030464,0x0
1786834731.925194361,4.9838,62.0,2400020480,0x0
1786834732.979372773,4.8842,61.5,2400033792,0x0
1786834734.033726425,5.3281,62.0,2400027136,0x0
1786834735.087500025,5.2210,62.6,2400023808,0x0
1786834736.141078275,4.7324,60.9,2400023808,0x0
1786834737.193957420,4.9811,60.9,2400023808,0x0
1786834738.248120017,4.9084,62.6,2400033792,0x0
1786834739.301202068,5.7274,62.6,2400027136,0x0
1786834740.355723236,4.8286,60.9,2400020480,0x0
1786834741.409391023,5.2524,60.9,2400033792,0x0
1786834742.462367037,5.4139,62.0,2400027136,0x0
1786834743.515501938,5.3832,62.6,2400027136,0x0
1786834744.569190039,5.1324,62.0,2400020480,0x0
1786834745.621981369,5.7541,60.9,2400027136,0x0
1786834746.673936650,5.2216,62.0,2400023808,0x0
1786834747.728103747,5.6289,61.5,2400027136,0x0
1786834748.782778711,5.7110,60.4,2400023808,0x0
1786834749.836848290,5.9452,62.0,2400030464,0x0
1786834750.889960784,5.1025,62.0,2400027136,0x0
1786834751.943870143,5.2072,61.5,2400020480,0x0
1786834752.997384412,5.2365,62.0,2400033792,0x0
1786834754.050806588,5.6264,63.1,2400030464,0x0
1786834755.104935223,4.8292,61.5,2400030464,0x0
1786834756.158685712,4.9962,60.9,2400020480,0x0
1786834757.211730280,5.7386,60.9,2400023808,0x0
1786834758.265916210,5.4445,61.5,2400023808,0x0
1786834759.320894968,4.9137,62.0,2400023808,0x0
1786834760.373608539,5.8491,60.9,2400030464,0x0
1786834761.427535637,5.8492,62.0,2400033792,0x0
1786834762.482075898,5.8546,61.5,2400027136,0x0
1786834763.535705480,5.7842,61.5,2400030464,0x0
1786834764.589623690,5.9457,62.6,2400020480,0x0
1786834765.643490826,4.2289,60.9,2400023808,0x0
1786834766.698037476,4.4716,59.8,2400023808,0x0
1786834767.752101203,5.3365,62.6,2400027136,0x0
1786834768.805798229,5.8566,61.5,2400023808,0x0
1786834769.860349100,4.6558,61.5,2400023808,0x0
1786834770.913327002,4.0590,60.9,2400023808,0x0
1786834771.966512940,5.0374,60.9,2400020480,0x0
1786834773.019552823,5.1554,61.5,2400033792,0x0
1786834774.072289060,5.3936,61.5,2400020480,0x0
1786834775.125826421,5.9415,62.6,2400030464,0x0
1786834776.184567463,5.2318,61.5,2400023808,0x0
1786834777.238763615,5.1388,60.9,2400020480,0x0
1786834778.293370856,5.2081,59.8,2400023808,0x0
1786834779.347422065,3.5092,59.8,2400030464,0x0
1786834780.401648031,5.9319,60.4,2400033792,0x0
1786834781.455352186,5.5269,60.4,2400027136,0x0
1786834782.509669707,5.2112,61.5,2400033792,0x0
1786834783.562187205,4.7710,60.4,2400020480,0x0
1786834784.616830094,4.9423,59.8,2400023808,0x0
1786834785.670270566,5.0667,59.8,2400030464,0x0
1786834786.723737742,5.1756,59.8,2400027136,0x0
1786834787.777201084,5.6560,60.4,2400020480,0x0
1786834788.830334133,4.5400,60.4,2400033792,0x0
1786834789.884971448,5.2512,62.6,2400023808,0x0
1786834790.938971823,5.5766,60.4,2400027136,0x0
1786834791.992863402,5.7228,60.4,2400030464,0x0
1786834793.046924425,4.9744,62.6,2400020480,0x0
1786834794.101109225,5.2277,59.3,2400030464,0x0
1786834795.154179292,5.9163,59.8,2400023808,0x0
1786834796.207717004,4.6535,61.5,2400020480,0x0
1786834797.261377937,5.2751,60.4,2400023808,0x0
1786834798.315130666,5.2285,59.8,2400033792,0x0
1786834799.368425509,5.1722,60.4,2400033792,0x0
1786834800.421625502,5.6263,61.5,2400023808,0x0
1786834801.474917419,4.6928,60.9,2400030464,0x0
1786834802.529020645,5.8564,60.9,2400020480,0x0
1786834803.582290470,5.8936,64.2,2400037120,0x0
1786834804.637130431,5.7721,61.5,2400033792,0x0
1786834805.691371248,4.4772,62.0,2400033792,0x0
1786834806.745185421,5.5680,60.9,2400033792,0x0
1786834807.799564663,5.8084,62.0,2400030464,0x0
1786834808.853341502,5.8158,62.6,2400030464,0x0
1786834809.907743892,4.9562,61.5,2400027136,0x0
1786834810.962034283,5.3465,60.9,2400020480,0x0
1786834812.015564384,5.8803,61.5,2400023808,0x0
1786834813.068922911,5.4289,61.5,2400030464,0x0
1786834814.122591270,4.9041,63.1,2400023808,0x0
1786834815.176152759,4.9898,61.5,2400033792,0x0
1786834816.228880884,5.9810,60.4,2400027136,0x0
1786834817.281523528,5.6045,61.5,2400027136,0x0
1786834818.333978933,5.9618,62.0,2400020480,0x0
1786834819.387810494,5.8975,61.5,2400023808,0x0
1786834820.442587807,5.6599,62.0,2400027136,0x0
1786834821.496877568,5.9645,60.9,2400033792,0x0
1786834822.550738462,5.5300,61.5,2400030464,0x0
1786834823.604152304,4.9662,60.9,2400030464,0x0
1786834824.658591916,5.2684,62.0,2400027136,0x0
1786834825.711310948,5.9091,62.0,2400030464,0x0
1786834826.767717341,5.6508,60.4,2400030464,0x0
1786834827.822183619,6.0175,60.4,2400027136,0x0
1786834828.881885264,5.5939,59.3,2400027136,0x0
1786834829.932564053,5.4317,60.9,2400030464,0x0
1786834830.986246948,5.3725,61.5,2400033792,0x0
1786834832.039395681,5.8408,63.7,2400033792,0x0
1786834833.093247704,2.1541,56.5,2400033792,0x0
