1786828209.262022272,1.7336,45.0,1600013696,0x0
1786828210.306016795,1.7222,46.1,1500019456,0x0
1786828211.349462545,1.7926,45.0,1500019456,0x0
1786828212.392881739,1.7308,44.4,1500016128,0x0
1786828213.436143378,1.7095,43.3,1500022656,0x0
1786828214.479545517,1.4440,45.0,1500019456,0x0
1786828215.522797028,1.4421,45.0,1500019456,0x0
1786828216.566234907,1.5047,45.5,1500016128,0x0
1786828217.609611990,1.4379,44.4,1500022656,0x0
1786828218.652914666,1.4543,45.0,1500016128,0x0
1786828219.696343286,1.4331,45.0,1500016128,0x0
1786828220.739646425,1.4396,45.0,1500016128,0x0
1786828221.782977193,1.6735,45.5,1500016128,0x0
1786828222.826317757,1.6920,45.0,1500019456,0x0
1786828223.869463750,1.4397,45.0,1500019456,0x0
1786828224.912713925,1.4646,45.0,1500012800,0x0
1786828225.955959731,2.8108,45.0,1500019456,0x0
1786828226.999170481,1.4410,45.0,1500022656,0x0
1786828228.042356917,1.4495,44.4,1500016128,0x0
1786828229.085653684,1.4495,44.4,1500016128,0x0
1786828230.128896175,1.4405,44.4,1500016128,0x0
1786828231.172140202,1.4351,46.6,1500019456,0x0
1786828232.215393507,1.4465,45.0,1500016128,0x0
1786828233.258664831,1.4360,45.0,1500019456,0x0
1786828234.301897524,1.4722,45.5,1500016128,0x0
1786828235.345128625,1.5019,45.0,1500016128,0x0
1786828236.388348282,1.4748,45.0,1500016128,0x0
1786828237.431548031,1.4337,45.5,1500022656,0x0
1786828238.474795539,1.4371,45.0,1500019456,0x0
1786828239.518122621,1.4243,45.0,1500019456,0x0
1786828240.561465554,1.4990,46.1,1500016128,0x0
1786828241.604879782,1.4483,45.0,1500019456,0x0
1786828242.648091068,1.4345,43.3,1500022656,0x0
1786828243.691372334,1.6400,44.4,1500012800,0x0
1786828244.734656119,1.4797,45.0,1500016128,0x0
1786828245.777898238,1.4187,45.5,1500016128,0x0
1786828246.820974413,1.4491,45.0,1500016128,0x0
1786828247.864250142,1.8186,45.0,1500016128,0x0
1786828248.907430595,1.4430,45.0,1500019456,0x0
1786828249.950693676,1.6997,45.5,1500019456,0x0
1786828250.993958071,1.7350,46.1,1500012800,0x0
1786828252.037118838,1.6463,45.0,1500022656,0x0
1786828253.080254087,1.8506,46.1,1500016128,0x0
1786828254.123289595,1.4519,45.0,1500019456,0x0
1786828255.166325918,1.4493,44.4,1500012800,0x0
1786828256.209522018,1.4678,45.0,1500019456,0x0
1786828257.252667118,1.4378,45.0,1500019456,0x0
1786828258.295673218,1.4486,45.0,1500016128,0x0
1786828259.338671134,1.4242,45.0,1500019456,0x0
1786828260.381665310,1.4641,44.4,1500019456,0x0
1786828261.424830483,1.4485,46.1,1500019456,0x0
1786828262.468084026,1.6851,45.0,1500022656,0x0
1786828263.511313179,1.6924,45.0,1500016128,0x0
1786828264.554505371,1.6669,43.9,1500019456,0x0
1786828265.597668951,1.6509,45.0,1500012800,0x0
1786828266.641090844,1.6720,44.4,1500019456,0x0
1786828267.684421348,1.6944,45.5,1500019456,0x0
1786828268.727626761,1.4477,44.4,1500022656,0x0
1786828269.772875453,1.4530,45.0,1500019456,0x0
1786828270.818064885,1.4680,45.0,1500019456,0x0
1786828271.863287853,1.4568,45.0,1500016128,0x0
1786828272.908394655,1.4838,44.4,1500019456,0x0
1786828273.951535364,1.4365,45.0,1500022656,0x0
1786828274.996705129,1.4462,46.1,1500016128,0x0
1786828276.041753247,1.4357,46.1,1500012800,0x0
1786828277.086848605,1.4362,45.0,1500019456,0x0
1786828278.131992832,1.7154,44.4,1500022656,0x0
1786828279.177124690,1.6924,45.0,1500022656,0x0
1786828280.220399047,1.4309,44.4,1500019456,0x0
1786828281.265583515,1.4296,43.9,1500016128,0x0
1786828282.308760667,1.4611,46.1,1500016128,0x0
1786828283.354001561,1.4856,45.0,1500016128,0x0
1786828284.399135511,1.4388,45.5,1500019456,0x0
1786828285.444256516,1.4466,46.1,1500016128,0x0
1786828286.489454446,1.4772,44.4,1500012800,0x0
1786828287.534579840,1.4644,45.0,1500022656,0x0
1786828288.577599753,1.4518,45.5,1500022656,0x0
1786828289.622667647,1.4367,45.5,1500022656,0x0
1786828290.665773744,1.4316,45.5,1500022656,0x0
1786828291.710940545,1.4196,45.5,1500012800,0x0
1786828292.755999902,1.4442,46.1,1500016128,0x0
1786828293.801031352,1.4435,44.4,1500016128,0x0
1786828294.846085709,1.4498,45.5,1500019456,0x0
1786828295.891227713,1.4327,44.4,1500016128,0x0
1786828296.934382809,1.4531,45.0,1500016128,0x0
1786828297.979619201,1.6821,45.0,1500016128,0x0
1786828299.024797223,1.8761,44.4,1500019456,0x0
1786828300.067881745,1.4594,45.0,1500016128,0x0
1786828301.112969472,1.4950,45.0,1500016128,0x0
1786828302.156034569,1.4466,46.1,1500019456,0x0
1786828303.200995926,1.4324,44.4,1500012800,0x0
1786828304.246138003,1.4445,45.5,1500016128,0x0
1786828305.291278118,1.4857,45.0,1500016128,0x0
1786828306.336297234,1.7217,43.9,1500016128,0x0
1786828307.381369534,1.8965,45.0,1500019456,0x0
1786828308.424431482,1.4462,45.0,1500022656,0x0
1786828309.469515003,1.4413,45.0,1500019456,0x0
1786828310.514620007,1.5951,45.0,1500016128,0x0
1786828311.559755157,1.4468,44.4,1500016128,0x0
1786828312.604922456,1.4262,45.0,1500019456,0x0
1786828313.650068847,1.4415,45.0,1500012800,0x0
1786828314.693117498,1.4738,45.0,1500019456,0x0
1786828315.738183131,1.4412,46.1,1500016128,0x0
1786828316.781236097,1.4360,45.0,1500019456,0x0
1786828317.826336896,1.4376,45.0,1500016128,0x0
1786828318.871467083,1.4360,45.0,1500016128,0x0
1786828319.916673066,1.4312,45.0,1500016128,0x0
1786828320.961721310,1.4266,44.4,1500019456,0x0
1786828322.006920608,1.4386,45.5,1500016128,0x0
1786828323.050048221,1.4507,45.0,1500016128,0x0
1786828324.095113167,1.4856,44.4,1500019456,0x0
1786828325.138205576,1.4667,44.4,1500019456,0x0
1786828326.183289041,1.4499,45.0,1500012800,0x0
1786828327.228405469,1.4725,44.4,1500019456,0x0
1786828328.271626414,1.4290,45.0,1500019456,0x0
1786828329.316752249,1.4454,45.0,1500019456,0x0
1786828330.361813214,1.4511,44.4,1500012800,0x0
1786828331.407229824,2.2215,43.3,2400027136,0x0
1786828332.454866487,2.3823,46.1,2400030464,0x0
1786828333.498537761,2.6098,47.2,2400023808,0x0
1786828334.542687511,2.9414,47.2,2400020480,0x0
1786828335.609630722,3.9812,49.4,2400023808,0x0
1786828336.681188021,1.7000,46.6,1500022656,0x0
1786828337.724510594,1.7022,45.5,1500016128,0x0
1786828338.767785889,1.7093,45.0,1500019456,0x0
1786828339.813063740,1.4378,45.5,1500022656,0x0
1786828340.858299518,1.3729,45.5,1500019456,0x0
1786828341.903580220,1.7191,45.5,1500016128,0x0
1786828342.948833534,1.6982,45.0,1500016128,0x0
1786828343.993977553,1.4796,45.0,1500019456,0x0
1786828345.039176294,1.4273,45.0,1500019456,0x0
1786828346.084454662,1.6294,45.0,1500022656,0x0
1786828347.127629050,1.7045,47.2,1500016128,0x0
1786828348.172870438,1.7069,45.0,1500019456,0x0
1786828349.218176362,1.4880,45.5,1500016128,0x0
1786828350.263480490,1.5135,45.0,1500019456,0x0
1786828351.308740785,1.4533,45.0,1500019456,0x0
1786828352.353895729,1.4183,45.0,1500022656,0x0
1786828353.397047357,1.7006,45.0,1500012800,0x0
1786828354.442744666,1.6434,45.5,1500019456,0x0
1786828355.487851110,1.4563,45.5,1500022656,0x0
1786828356.533027054,1.4296,45.5,1500016128,0x0
1786828357.578147090,1.4281,45.0,1500019456,0x0
1786828358.621359995,1.4638,46.1,1500019456,0x0
1786828359.666466921,1.4528,45.5,1500022656,0x0
1786828360.711606456,1.4398,45.0,1500016128,0x0
1786828361.756854491,1.6843,45.0,1500022656,0x0
1786828362.802064230,1.6925,45.0,1500016128,0x0
1786828363.847309876,1.4741,44.4,1500019456,0x0
1786828364.890490059,1.4341,45.5,1500012800,0x0
1786828365.935574687,1.4453,45.0,1500016128,0x0
1786828366.978737926,1.4295,45.5,1500012800,0x0
1786828368.024045922,1.4178,45.0,1500012800,0x0
1786828369.069636899,1.4679,45.0,1600023552,0x0
1786828370.115381373,1.4365,45.0,1500022656,0x0
1786828371.160619555,1.4485,45.0,1500012800,0x0
1786828372.205660572,1.4531,44.4,1500022656,0x0
1786828373.248830477,1.4293,46.1,1500019456,0x0
1786828374.294042715,1.4251,44.4,1500016128,0x0
1786828375.337156601,1.4270,44.4,1500019456,0x0
1786828376.382404005,1.4464,45.5,1500016128,0x0
1786828377.427630929,1.4216,46.1,1500019456,0x0
1786828378.472816147,1.4200,45.0,1500012800,0x0
1786828379.517906201,1.4323,45.0,1500016128,0x0
1786828380.563103216,1.4426,45.0,1500016128,0x0
1786828381.606445452,1.4838,45.5,1500016128,0x0
1786828382.652288906,1.4456,45.0,1500019456,0x0
1786828383.697382626,1.4462,45.0,1500016128,0x0
1786828384.740557770,1.4501,45.0,1500012800,0x0
1786828385.785727008,1.4203,45.0,1500019456,0x0
1786828386.828858930,1.4458,44.4,1500019456,0x0
1786828387.874047242,1.4553,46.6,1500016128,0x0
1786828388.919227127,1.4358,44.4,1500022656,0x0
1786828389.964435882,1.6938,45.0,1500016128,0x0
1786828391.009658786,1.7233,44.4,1500016128,0x0
1786828392.054784097,1.4425,43.9,1500012800,0x0
1786828393.097924704,1.4200,45.0,1500016128,0x0
1786828394.143099311,1.4323,45.5,1500022656,0x0
1786828395.188333843,1.4413,45.0,1500022656,0x0
1786828396.233464469,1.4562,45.0,1500019456,0x0
1786828397.278634817,1.4333,44.4,1500019456,0x0
1786828398.323826572,1.4497,45.0,1500012800,0x0
1786828399.366902198,1.4415,43.9,1500019456,0x0
1786828400.412195211,1.5133,45.0,1500022656,0x0
1786828401.455638463,1.6135,44.4,1500019456,0x0
1786828402.500862568,1.4624,45.5,1500019456,0x0
1786828403.546114544,1.4463,45.0,1500016128,0x0
1786828404.591324132,1.4503,45.0,1500016128,0x0
1786828405.636709181,1.4618,44.4,1500016128,0x0
1786828406.681856102,1.4454,46.1,1500019456,0x0
1786828407.725020597,1.4388,46.6,1500022656,0x0
1786828408.770175703,1.4824,45.0,1500016128,0x0
1786828409.813326032,1.6205,44.4,1500019456,0x0
1786828410.858504730,1.4553,45.5,1500019456,0x0
1786828411.903822965,1.4481,43.3,1500019456,0x0
1786828412.946903015,1.4343,45.0,1500019456,0x0
1786828413.992054807,1.4779,45.0,1500016128,0x0
1786828415.037119691,1.4314,45.0,1500019456,0x0
1786828416.082348778,1.4393,45.5,1500016128,0x0
1786828417.127561531,1.4303,44.4,1500019456,0x0
1786828418.172812654,1.4400,45.5,1500016128,0x0
1786828419.216005000,1.4534,45.0,1500022656,0x0
1786828420.261017218,1.4558,44.4,1500016128,0x0
1786828421.304226656,1.4273,45.0,1500016128,0x0
1786828422.349347002,1.4419,45.0,1500016128,0x0
1786828423.394458459,1.4638,45.5,1500019456,0x0
1786828424.439699027,1.4422,44.4,1500019456,0x0
1786828425.485042982,1.4603,45.0,1500019456,0x0
1786828426.530340715,1.6973,45.5,1500012800,0x0
1786828427.573561301,1.6967,45.5,1500016128,0x0
1786828428.618743647,1.4343,45.0,1500016128,0x0
1786828429.664062658,1.4475,45.5,1500019456,0x0
1786828430.709213447,1.5316,43.3,1500019456,0x0
1786828431.754368108,1.4236,45.5,1500016128,0x0
1786828432.799664767,1.4905,45.0,1500019456,0x0
1786828433.845064592,1.4471,46.1,1500016128,0x0
1786828434.890294547,1.6880,44.4,1500022656,0x0
1786828435.933572261,1.6737,45.0,1500022656,0x0
1786828436.978760884,1.7054,46.1,1500019456,0x0
1786828438.024045579,1.4628,44.4,1500019456,0x0
1786828439.069119500,1.4396,45.0,1500019456,0x0
1786828440.114319363,1.6937,45.5,1500016128,0x0
1786828441.157536706,1.7828,44.4,1500019456,0x0
1786828442.202672144,1.4434,45.5,1500016128,0x0
1786828443.247959914,1.4332,43.3,1500016128,0x0
1786828444.293181757,1.4357,45.0,1500022656,0x0
1786828445.338343324,1.6493,45.0,1500012800,0x0
1786828446.383490687,1.7089,45.0,1500019456,0x0
1786828447.426648383,1.4548,45.0,1500019456,0x0
1786828448.471946911,1.4349,46.1,1500019456,0x0
1786828449.517313234,1.4407,45.0,1500019456,0x0
1786828450.562451745,1.6896,44.4,1500016128,0x0
1786828451.607608737,1.6704,45.0,1500016128,0x0
1786828452.652681527,1.4339,43.3,1500016128,0x0
1786828453.697825390,1.4194,44.4,1500022656,0x0
1786828454.743036308,1.4373,45.0,1500016128,0x0
1786828455.786240632,1.4323,45.0,1500019456,0x0
1786828456.831441253,1.6521,44.4,1500022656,0x0
1786828457.876609208,1.4430,45.0,1500019456,0x0
1786828458.921697904,1.4492,44.4,1500016128,0x0
1786828459.966957525,1.4376,45.5,1500022656,0x0
1786828461.012210071,1.4601,45.5,1500016128,0x0
1786828462.055309729,1.4669,45.5,1500019456,0x0
1786828463.100506998,1.4879,45.0,1500016128,0x0
1786828464.143690804,1.4597,44.4,1500022656,0x0
1786828465.188882388,1.6570,45.5,1500016128,0x0
1786828466.234057361,1.4694,45.0,1500016128,0x0
1786828467.279376832,1.4449,45.5,1500016128,0x0
1786828468.324524989,1.4218,44.4,1500016128,0x0
1786828469.369767888,1.4430,45.5,1500022656,0x0
1786828470.413000822,1.4762,45.5,1500016128,0x0
1786828471.458131332,1.4637,46.1,1500019456,0x0
1786828472.503334933,1.4671,45.0,1500016128,0x0
1786828473.546557387,1.4344,45.5,1500022656,0x0
1786828474.591766229,1.4308,45.5,1500016128,0x0
1786828475.634967978,1.4615,45.0,1500016128,0x0
1786828476.680147857,1.4504,45.0,1500012800,0x0
1786828477.725446828,1.4242,45.0,1500019456,0x0
1786828478.770580634,1.4477,44.4,1500016128,0x0
1786828479.815760902,1.4322,45.0,1500016128,0x0
1786828480.860962096,1.7059,44.4,1500012800,0x0
1786828481.904031920,1.6710,45.0,1500016128,0x0
1786828482.949036152,1.4370,44.4,1500022656,0x0
1786828484.093007025,1.4371,44.4,1500016128,0x0
1786828485.136292273,1.8775,45.0,1500022656,0x0
1786828486.179401337,1.4833,44.4,1500019456,0x0
1786828487.222591567,1.4620,44.4,1500022656,0x0
1786828488.265751464,1.4480,45.0,1500022656,0x0
1786828489.310904806,1.4472,45.0,1500016128,0x0
1786828490.354140202,1.4710,45.0,1500012800,0x0
1786828491.399372969,1.4487,43.3,1500019456,0x0
1786828492.444631532,1.4420,44.4,1500016128,0x0
1786828493.489781077,1.4329,45.0,1500016128,0x0
1786828494.534910641,1.4307,45.0,1500016128,0x0
1786828495.580092390,1.6644,44.4,1500022656,0x0
1786828496.623393841,1.4489,45.0,1500022656,0x0
1786828497.668637107,1.4370,45.0,1500019456,0x0
1786828498.713805078,1.4341,45.0,1500016128,0x0
1786828499.757166602,1.4559,44.4,1500022656,0x0
1786828500.802341573,1.4612,45.0,1500019456,0x0
1786828501.845601709,1.4558,45.0,1500022656,0x0
1786828502.890851160,1.4284,44.4,1500016128,0x0
1786828503.936118963,1.6623,44.4,1500022656,0x0
1786828504.981295933,1.4948,44.4,1500016128,0x0
1786828506.026622883,1.4433,45.5,1500016128,0x0
1786828507.071886649,1.4529,45.0,1500012800,0x0
1786828508.115171970,1.4593,44.4,1500016128,0x0
1786828509.160421494,1.4631,44.4,1500016128,0x0
1786828510.203639871,1.4320,45.5,1500016128,0x0
1786828511.248912507,1.4477,45.0,1500012800,0x0
1786828512.294139328,1.4374,45.0,1500016128,0x0
1786828513.339286724,1.4703,45.5,1500022656,0x0
1786828514.384435972,1.4369,45.0,1500016128,0x0
1786828515.429671738,1.4752,44.4,1500019456,0x0
1786828516.472850263,1.4342,46.1,1500016128,0x0
1786828517.518048140,1.4419,44.4,1500012800,0x0
1786828518.563276331,1.4352,43.9,1500016128,0x0
1786828519.608390153,1.4861,44.4,1500022656,0x0
1786828520.653624974,1.4323,45.0,1500016128,0x0
1786828521.698863979,2.3630,46.1,2400023808,0x0
1786828522.761066554,5.7828,51.0,2400027136,0x0
1786828523.837090614,7.3778,53.8,2400027136,0x0
1786828524.917113082,7.6710,54.9,2400033792,0x0
1786828525.993353732,7.7179,55.4,2400020480,0x0
1786828527.073225239,7.0039,56.5,2400030464,0x0
1786828528.148855098,6.7907,57.6,2400030464,0x0
1786828529.225104156,7.3577,57.1,2400020480,0x0
1786828530.303196252,7.5482,57.6,2400030464,0x0
1786828531.383424866,5.4968,56.0,2400020480,0x0
1786828532.435939991,5.2217,56.5,2400033792,0x0
1786828533.514315158,5.7033,55.4,2400030464,0x0
1786828534.565512739,5.6494,54.9,2400023808,0x0
1786828535.617103409,5.1263,55.4,2400030464,0x0
1786828536.668053195,5.5009,55.4,2400027136,0x0
1786828537.718719485,5.3803,56.5,2400030464,0x0
1786828538.769613401,2.1226,51.0,2400020480,0x0
1786828539.810469779,2.1048,49.9,2400020480,0x0
1786828540.851400490,1.8302,49.4,2400020480,0x0
1786828541.895832594,2.3199,51.0,2400023808,0x0
1786828543.011730847,6.5579,55.4,2400030464,0x0
1786828544.078851061,6.4435,57.6,2400030464,0x0
1786828545.160837084,6.4167,56.5,2400023808,0x0
1786828546.235366230,5.7514,58.2,2400023808,0x0
1786828547.285566227,5.0478,56.5,2400027136,0x0
1786828548.337827408,5.6301,56.5,2400027136,0x0
1786828549.411033622,5.5558,56.5,2400027136,0x0
1786828550.462705049,5.8074,56.5,2400030464,0x0
1786828551.514948768,5.0492,57.1,2400030464,0x0
1786828552.568375735,4.4952,56.5,2400020480,0x0
1786828553.621673647,5.7598,56.0,2400027136,0x0
1786828554.673996328,5.2240,55.4,2400020480,0x0
1786828555.725145686,5.7133,56.5,2400027136,0x0
1786828556.775760011,2.1069,52.7,2400033792,0x0
1786828557.816841757,2.1210,52.7,2400023808,0x0
1786828558.857791133,1.8551,50.5,2400027136,0x0
1786828559.901504391,2.9934,52.1,2400027136,0x0
1786828560.957129949,7.4781,57.6,2400027136,0x0
1786828562.046558959,5.5364,56.0,1900022784,0x0
1786828563.134044191,5.7718,58.2,2400033792,0x0
1786828564.186568480,5.5918,56.5,2400030464,0x0
1786828565.243337249,5.2200,57.1,2400027136,0x0
1786828566.295619633,5.9789,56.5,2400027136,0x0
1786828567.347620409,3.7499,56.5,2400020480,0x0
1786828568.401626296,5.9468,56.0,2400020480,0x0
1786828569.452287842,5.0525,57.6,2400023808,0x0
1786828570.504479320,6.0357,57.1,2400030464,0x0
1786828571.557418327,4.9820,57.6,2400030464,0x0
1786828572.608951125,6.0454,59.3,2400030464,0x0
1786828573.661113084,5.1021,57.6,2400030464,0x0
1786828574.714450365,5.7446,58.7,2400030464,0x0
1786828575.765964904,5.1518,59.3,2400033792,0x0
1786828576.819898846,3.8700,58.2,2400030464,0x0
1786828577.871233998,5.7522,58.2,2400023808,0x0
1786828578.924002543,5.1455,58.2,2400033792,0x0
1786828579.974220445,5.7627,58.2,2400033792,0x0
1786828581.027343191,4.9875,58.7,2400023808,0x0
1786828582.078165161,2.1389,54.3,2400033792,0x0
1786828583.119026741,2.0715,54.3,2400033792,0x0
1786828584.159717341,2.0298,52.7,2400027136,0x0
1786828585.201518911,7.4292,55.4,2400030464,0x0
1786828586.280859882,6.7061,58.2,2400030464,0x0
1786828587.355139640,6.0631,57.6,2400027136,0x0
1786828588.407671669,5.4387,57.6,2400020480,0x0
1786828589.460026458,5.1284,58.7,2400020480,0x0
1786828590.512399044,5.6712,57.6,2400020480,0x0
1786828591.564535095,4.9618,58.2,2400027136,0x0
1786828592.617223511,5.0247,56.5,2400023808,0x0
1786828593.668858640,4.8742,55.4,2400023808,0x0
1786828594.721188318,5.8369,58.2,2400027136,0x0
1786828595.772988872,2.1347,56.0,2400027136,0x0
1786828596.813995042,2.1878,52.1,2400030464,0x0
1786828597.854977360,1.8814,53.2,2400030464,0x0
1786828598.896477803,2.9836,52.7,2400027136,0x0
1786828599.957115536,5.3261,59.3,2400027136,0x0
1786828601.032848668,5.5417,60.4,2400033792,0x0
1786828602.113981067,5.6344,58.2,2400027136,0x0
1786828603.165139829,4.9467,57.6,2400023808,0x0
1786828604.218970994,4.5623,57.1,2400020480,0x0
1786828605.273426356,2.9066,57.1,2400033792,0x0
1786828606.318197621,2.3191,53.8,2400027136,0x0
1786828607.359269883,2.1078,53.2,2400027136,0x0
1786828608.400608308,2.9653,52.7,2400027136,0x0
1786828609.449904273,7.1046,59.3,2400027136,0x0
1786828610.535159300,5.9034,58.2,2400030464,0x0
1786828611.585416033,5.7442,57.1,2400030464,0x0
1786828612.638422557,3.1692,57.6,2400023808,0x0
1786828613.689830298,5.0400,57.1,2400033792,0x0
1786828614.741777775,3.3017,57.1,2400030464,0x0
1786828615.794795817,2.1360,53.8,2400030464,0x0
1786828616.835871967,2.1369,53.8,2400023808,0x0
1786828617.876816803,2.1469,52.1,2400027136,0x0
1786828618.917777343,2.1462,52.7,2400030464,0x0
1786828619.958749734,2.1085,49.9,2400030464,0x0
1786828621.000217195,1.8849,51.6,2400027136,0x0
1786828622.041807803,2.6495,52.7,2400030464,0x0
1786828623.086091960,1.7103,51.0,1500012800,0x0
1786828624.129216685,1.7400,50.5,1500016128,0x0
1786828625.172747589,1.8560,50.5,2400023808,0x0
1786828626.229126544,3.5496,56.5,2400033792,0x0
1786828627.305776834,5.1536,58.2,2400030464,0x0
1786828628.357373517,3.2448,58.2,2400033792,0x0
1786828629.409614861,5.6925,56.0,2400027136,0x0
1786828630.462869030,5.7146,57.6,2400020480,0x0
1786828631.514729970,2.8258,56.0,2400030464,0x0
1786828632.559427160,2.1199,53.2,2400030464,0x0
1786828633.600496680,2.1969,53.2,2400027136,0x0
1786828634.641729920,2.8486,52.1,2400020480,0x0
1786828635.684803162,1.7448,51.6,1500022656,0x0
1786828636.728200308,1.6492,49.9,1500016128,0x0
1786828637.771428493,1.7430,49.4,1500012800,0x0
1786828638.815972407,4.5426,54.9,2400033792,0x0
1786828639.901012268,7.5242,58.2,2400027136,0x0
1786828640.977089414,4.6286,59.8,2400030464,0x0
1786828642.053095320,4.4622,60.9,2400027136,0x0
1786828643.141216523,7.4982,62.6,2400027136,0x0
1786828644.221219985,7.9229,62.0,2400033792,0x0
1786828645.298599545,4.9558,59.3,2400023808,0x0
1786828646.349545734,4.7670,58.7,2400027136,0x0
1786828647.400818105,4.3278,58.7,2400023808,0x0
1786828648.452351103,4.6847,59.3,2400020480,0x0
1786828649.503286588,5.0710,58.2,2400023808,0x0
1786828650.553837669,5.7624,56.0,2400020480,0x0
1786828651.604104085,5.7700,57.6,2400027136,0x0
1786828652.654017153,4.7729,58.2,2400023808,0x0
1786828653.706019851,2.7975,56.5,2400030464,0x0
1786828654.747416774,2.1688,53.8,2400020480,0x0
1786828655.788198108,1.8717,53.2,2400027136,0x0
1786828656.829313238,2.8659,52.7,2400027136,0x0
1786828657.877630395,5.5310,58.7,2400020480,0x0
1786828658.956832364,6.8338,59.8,2400033792,0x0
1786828660.040884677,6.8300,60.4,2400027136,0x0
1786828661.121295561,7.4918,61.5,2400023808,0x0
1786828662.195684703,6.9542,60.9,2400033792,0x0
1786828663.269105372,3.6957,63.7,2400027136,0x0
1786828664.371113023,4.6226,60.9,2400020480,0x0
1786828665.439582237,4.6329,61.5,2400030464,0x0
1786828666.492705090,4.2395,59.3,2400033792,0x0
1786828667.545216837,5.2724,59.8,2400020480,0x0
1786828668.622260288,4.7246,59.8,2400023808,0x0
1786828669.674416650,4.9542,60.4,2400023808,0x0
1786828670.724693677,5.0041,59.8,2400030464,0x0
1786828671.775671772,5.6180,59.3,2400030464,0x0
1786828672.928718773,5.3516,58.7,2400030464,0x0
1786828673.979954236,3.8959,58.7,2400023808,0x0
1786828675.031958655,5.8663,60.4,2400020480,0x0
1786828676.079581613,2.1345,54.3,2400027136,0x0
1786828677.120471410,2.1256,53.2,2400020480,0x0
1786828678.161706167,2.8592,54.3,2400030464,0x0
1786828679.217148776,4.5924,58.7,2400023808,0x0
1786828680.298333892,6.8313,59.3,2400027136,0x0
1786828681.375264899,6.7377,60.4,2400033792,0x0
1786828682.461141214,7.4897,61.5,2400030464,0x0
1786828683.537219284,4.8709,62.6,2400027136,0x0
1786828684.613118133,7.4902,62.6,2400027136,0x0
1786828685.689133778,7.2279,62.6,2400023808,0x0
1786828686.783135093,5.4718,60.4,2400030464,0x0
1786828687.845380899,4.8591,59.8,2400027136,0x0
1786828688.897927627,4.5109,59.3,2400023808,0x0
1786828689.950683001,5.8267,59.3,2400033792,0x0
1786828691.000150405,4.6838,58.2,2400020480,0x0
1786828692.052324340,5.0492,58.7,2400030464,0x0
1786828693.104854420,4.8109,58.7,2400023808,0x0
1786828694.156634487,5.1131,59.3,2400023808,0x0
1786828695.206290778,5.0112,58.7,2400020480,0x0
1786828696.259390205,5.4120,59.8,2400033792,0x0
1786828697.313911062,4.6459,59.3,2400033792,0x0
1786828698.363052228,2.1679,56.0,2400030464,0x0
1786828699.404015024,2.1402,53.8,2400027136,0x0
1786828700.444768358,2.3306,53.2,2400027136,0x0
1786828701.485801986,2.1479,53.2,2400027136,0x0
1786828702.526820336,2.0897,52.7,2400027136,0x0
1786828703.567670226,1.7588,52.1,1600026880,0x0
1786828704.613024555,3.0170,53.8,2400023808,0x0
1786828705.717158944,3.9807,58.2,2400027136,0x0
1786828706.791290012,6.1280,57.1,2400033792,0x0
1786828707.845961034,5.1798,57.6,2400023808,0x0
1786828708.898572724,5.3848,57.6,2400027136,0x0
1786828709.951241302,4.9366,58.2,2400033792,0x0
1786828711.003398754,5.2897,58.2,2400023808,0x0
1786828712.056369755,5.0071,57.6,2400030464,0x0
1786828713.108848408,4.6885,57.6,2400027136,0x0
1786828714.161587893,4.9691,58.7,2400030464,0x0
1786828715.213434311,5.7291,58.7,2400027136,0x0
1786828716.264706475,2.1492,55.4,2400033792,0x0
1786828717.305678770,2.1743,53.8,2400027136,0x0
1786828718.347025543,1.8641,53.2,2400030464,0x0
1786828719.390336297,1.8615,52.1,1500016128,0x0
1786828720.434605785,1.7165,51.6,1500012800,0x0
1786828721.477828001,1.5020,50.5,1500019456,0x0
1786828722.529359126,6.3788,56.0,2400023808,0x0
1786828723.621124442,6.0924,59.3,2400033792,0x0
1786828724.694378907,5.1037,57.1,2400033792,0x0
1786828725.747889514,5.5230,57.1,2400023808,0x0
1786828726.801941745,5.2643,58.7,2400027136,0x0
1786828727.853699552,2.1535,53.8,2400033792,0x0
1786828728.894642458,2.1368,53.2,2400020480,0x0
1786828729.935846547,1.9190,52.1,2400023808,0x0
1786828730.976917432,2.1416,52.1,2400023808,0x0
1786828732.018127261,1.7777,51.6,1600017024,0x0
1786828733.061661421,1.4665,51.0,1500022656,0x0
1786828734.116867623,6.8255,54.9,2400027136,0x0
1786828735.201283652,7.5204,58.7,2400020480,0x0
1786828736.385102983,7.4875,60.9,2400027136,0x0
1786828737.465104460,4.5207,60.9,2400020480,0x0
1786828738.545168066,4.5685,60.9,2400030464,0x0
1786828739.623970942,6.5549,62.0,2400030464,0x0
1786828740.704802875,5.3970,62.0,2400027136,0x0
1786828741.777406215,5.2328,59.3,2400033792,0x0
1786828742.830135365,4.9076,59.8,2400027136,0x0
1786828743.881067920,4.6337,61.5,2400030464,0x0
1786828744.933173946,5.2744,58.7,2400027136,0x0
1786828745.983661653,4.8330,59.3,2400033792,0x0
1786828747.035825382,5.0655,59.8,2400020480,0x0
1786828748.088089258,5.7043,59.3,2400023808,0x0
1786828749.138873241,4.8939,58.7,2400023808,0x0
1786828750.190914822,5.4030,58.7,2400030464,0x0
1786828751.241043699,5.6451,59.8,2400030464,0x0
1786828752.290755210,4.8209,59.8,2400033792,0x0
1786828753.341870578,2.1614,54.9,2400033792,0x0
1786828754.382743002,2.1368,53.8,2400027136,0x0
1786828755.423433538,1.9179,53.2,2400030464,0x0
1786828756.476875533,6.6858,57.6,2400027136,0x0
1786828757.557250747,7.8251,59.8,2400027136,0x0
1786828758.632906892,7.6782,61.5,2400023808,0x0
1786828759.701301121,7.4277,61.5,2400023808,0x0
1786828760.776857841,6.7272,61.5,2400030464,0x0
1786828761.856860410,6.5435,63.1,2400027136,0x0
1786828762.935904376,5.8515,62.6,2400033792,0x0
1786828764.010896971,6.5103,63.1,2400020480,0x0
1786828765.089938844,5.3055,60.4,2400027136,0x0
1786828766.142692012,5.5959,59.8,2400033792,0x0
1786828767.191951174,5.8210,59.8,2400023808,0x0
1786828768.245655684,5.3713,59.8,2400030464,0x0
1786828769.296569257,3.3460,60.4,2400027136,0x0
1786828770.371641704,5.8699,59.3,2400030464,0x0
1786828771.437884637,4.7654,58.7,2400020480,0x0
1786828772.488119642,5.8885,59.3,2400030464,0x0
1786828773.537960743,5.3784,59.8,2400033792,0x0
1786828774.587566050,5.6341,59.8,2400030464,0x0
1786828775.638164904,5.5472,59.3,2400033792,0x0
1786828776.688984681,2.1553,54.9,2400033792,0x0
1786828777.729912529,2.1539,54.9,2400023808,0x0
1786828778.770889712,1.6198,53.2,1900016256,0x0
1786828779.816242241,5.3281,58.2,2400030464,0x0
1786828780.870344192,5.5293,58.7,2400030464,0x0
1786828781.924048313,5.1128,58.7,2400023808,0x0
1786828782.978043358,4.9082,59.8,2400020480,0x0
1786828784.031660517,5.8480,58.2,2400027136,0x0
1786828785.085128659,4.4883,59.8,2400020480,0x0
1786828786.138255433,5.3815,60.4,2400027136,0x0
1786828787.191635131,4.6401,59.3,2400030464,0x0
1786828788.245424585,5.6340,59.8,2400027136,0x0
1786828789.298133789,4.5489,59.3,2400027136,0x0
1786828790.351362766,5.7817,60.4,2400030464,0x0
1786828791.404756205,5.4418,61.5,2400033792,0x0
1786828792.458451807,5.7555,59.8,2400030464,0x0
1786828793.511068049,5.1474,59.8,2400023808,0x0
1786828794.564583338,5.5066,60.4,2400033792,0x0
1786828795.618959194,5.1886,60.4,2400027136,0x0
1786828796.673674453,4.4949,59.8,2400033792,0x0
1786828797.726812801,5.2032,59.8,2400023808,0x0
1786828798.779720207,5.2613,59.8,2400027136,0x0
1786828799.833215015,5.7498,59.3,2400030464,0x0
1786828800.886830618,5.6840,60.4,2400033792,0x0
1786828801.940731700,5.3941,60.9,2400027136,0x0
1786828802.993703531,5.4456,59.8,2400023808,0x0
1786828804.046524900,5.3414,59.3,2400027136,0x0
1786828805.100643220,5.9066,59.8,2400023808,0x0
1786828806.153202796,5.3366,59.3,2400023808,0x0
1786828807.207108414,6.2004,58.7,2400027136,0x0
1786828808.260023782,4.9819,58.7,2400037120,0x0
1786828809.314405360,4.7225,59.3,2400020480,0x0
1786828810.368814288,5.3023,59.3,2400027136,0x0
1786828811.423793693,5.7385,59.3,2400023808,0x0
1786828812.476802283,5.8047,59.3,2400033792,0x0
1786828813.530446478,5.8988,59.8,2400023808,0x0
1786828814.584035136,4.4806,58.7,2400030464,0x0
1786828815.636991300,4.8512,59.3,2400023808,0x0
1786828816.691021399,5.9172,58.7,2400030464,0x0
1786828817.743841471,4.9422,59.8,2400023808,0x0
1786828818.796568452,5.8899,58.7,2400033792,0x0
1786828819.848837863,5.3354,59.3,2400033792,0x0
1786828820.901419752,5.8951,60.4,2400023808,0x0
1786828821.955956568,5.7026,58.7,2400030464,0x0
1786828823.009354709,5.1648,59.8,2400027136,0x0
1786828824.063282235,5.3037,59.3,2400027136,0x0
1786828825.116029252,5.1381,58.7,2400033792,0x0
1786828826.173319080,5.0876,58.7,2400027136,0x0
1786828827.226878349,5.3467,59.3,2400030464,0x0
1786828828.279988049,5.6130,59.8,2400030464,0x0
1786828829.333468263,5.5056,59.8,2400027136,0x0
1786828830.387456880,5.7474,59.8,2400023808,0x0
1786828831.439943066,4.8238,59.8,2400023808,0x0
1786828832.493001840,5.8979,58.7,2400033792,0x0
1786828833.546407110,4.8719,58.7,2400023808,0x0
1786828834.598941296,5.8732,59.8,2400020480,0x0
1786828835.651484574,5.7139,59.3,2400023808,0x0
1786828836.704326313,5.3612,59.3,2400027136,0x0
1786828837.754251041,5.1855,60.9,2400023808,0x0
1786828838.807895790,5.5298,59.8,2400030464,0x0
1786828839.861171154,5.9852,59.3,2400030464,0x0
1786828840.915107216,5.1901,57.6,2400030464,0x0
1786828841.968720966,5.5621,59.3,2400020480,0x0
1786828843.021820553,5.3421,59.3,2400027136,0x0
1786828844.074934289,4.3814,59.3,2400030464,0x0
1786828845.127487697,5.1586,59.3,2400020480,0x0
1786828846.180637858,5.2434,60.4,2400030464,0x0
1786828847.237614984,4.2039,58.7,2400020480,0x0
1786828848.290982032,5.7055,59.3,2400023808,0x0
1786828849.343961103,5.2677,58.7,2400030464,0x0
1786828850.397366410,5.2074,58.7,2400027136,0x0
1786828851.449832207,5.7930,58.2,2400020480,0x0
1786828852.504653482,5.5698,58.2,2400030464,0x0
1786828853.558734209,5.5977,60.4,2400020480,0x0
1786828854.613671502,6.0839,59.8,2400020480,0x0
1786828855.668063355,5.8852,59.3,2400020480,0x0
1786828856.721552550,5.2600,59.3,2400027136,0x0
1786828857.776037088,5.8154,59.3,2400030464,0x0
1786828858.829287896,5.8282,59.8,2400027136,0x0
1786828859.884020005,4.7206,57.6,2400033792,0x0
1786828860.936335951,5.0009,58.7,2400027136,0x0
1786828861.989689073,4.5423,60.9,2400023808,0x0
1786828863.042338072,4.7886,59.3,2400030464,0x0
1786828864.095415882,4.9550,59.8,2400030464,0x0
1786828865.148628190,5.8782,58.7,2400030464,0x0
1786828866.203353577,5.2394,59.3,2400023808,0x0
1786828867.256290369,5.0152,59.8,2400023808,0x0
1786828868.309416400,4.9900,59.3,2400027136,0x0
1786828869.362500858,5.0096,59.3,2400023808,0x0
1786828870.415602000,5.2714,59.8,2400027136,0x0
1786828871.470058482,6.1170,59.8,2400033792,0x0
1786828872.524279041,5.7910,59.3,2400023808,0x0
1786828873.577443553,5.5155,58.7,2400020480,0x0
1786828874.631458298,6.1918,59.3,2400023808,0x0
1786828875.684495404,5.2128,59.8,2400027136,0x0
1786828876.737116032,5.8185,59.3,2400023808,0x0
1786828877.789897399,5.8765,59.3,2400020480,0x0
1786828878.842957968,5.8771,59.3,2400033792,0x0
1786828879.895130526,5.6457,59.3,2400020480,0x0
1786828880.949089568,5.7078,59.8,2400030464,0x0
1786828882.003899009,5.7865,59.3,2400023808,0x0
1786828883.058336824,5.8360,58.7,2400027136,0x0
1786828884.112367217,5.7348,59.3,2400033792,0x0
1786828885.166267204,5.3700,59.8,2400020480,0x0
1786828886.219293180,5.1555,59.8,2400030464,0x0
1786828887.272315897,5.6486,59.3,2400020480,0x0
1786828888.326172236,5.3749,59.3,2400033792,0x0
1786828889.379008047,5.1669,59.8,2400030464,0x0
1786828890.432484685,5.2380,59.3,2400020480,0x0
1786828891.485169146,5.5801,58.7,2400030464,0x0
1786828892.538109345,5.7760,59.3,2400027136,0x0
1786828893.591777444,5.5996,61.5,2400023808,0x0
1786828894.645034177,5.7646,59.3,2400027136,0x0
1786828895.699745434,5.1545,57.6,2400033792,0x0
1786828896.754094176,5.2729,60.4,2400023808,0x0
1786828897.808451602,4.5162,59.8,2400030464,0x0
1786828898.861526170,4.5277,58.7,2400023808,0x0
1786828899.915709043,5.8851,57.6,2400030464,0x0
1786828900.969626899,4.8290,59.3,2400027136,0x0
1786828902.024473432,4.8984,60.4,2400020480,0x0
1786828903.077643981,5.5273,59.8,2400023808,0x0
1786828904.131025564,5.0240,58.2,2400023808,0x0
1786828905.184273130,5.9650,58.7,2400027136,0x0
1786828906.238501076,5.0246,60.4,2400023808,0x0
1786828907.291442090,5.6406,59.3,2400020480,0x0
1786828908.344467232,5.2418,60.4,2400030464,0x0
1786828909.398210719,5.8673,58.7,2400033792,0x0
1786828910.451681413,5.8657,59.3,2400030464,0x0
1786828911.506066209,5.7407,59.8,2400033792,0x0
1786828912.560157082,5.5382,59.8,2400027136,0x0
1786828913.613537888,5.2660,58.2,2400027136,0x0
1786828914.667112080,5.1674,59.3,2400030464,0x0
1786828915.720751124,5.4734,59.8,2400027136,0x0
1786828916.774465130,5.7001,59.3,2400020480,0x0
1786828917.827485235,4.8654,59.3,2400033792,0x0
1786828918.880706893,5.6135,59.8,2400023808,0x0
1786828919.933369613,5.1468,59.3,2400020480,0x0
1786828920.986451050,5.2059,60.9,2400027136,0x0
1786828922.043132492,4.8902,59.3,2400023808,0x0
1786828923.097245902,5.2731,58.2,2400037120,0x0
1786828924.151073647,5.8814,58.7,2400033792,0x0
1786828925.204600210,5.0927,59.3,2400030464,0x0
1786828926.257551019,5.0495,59.8,2400027136,0x0
1786828927.310540735,5.2913,58.7,2400027136,0x0
1786828928.365108067,4.7195,58.2,2400020480,0x0
1786828929.418893886,6.0793,59.3,2400020480,0x0
1786828930.473380311,4.8931,58.2,2400030464,0x0
1786828931.526811523,4.5126,59.3,2400030464,0x0
1786828932.580352697,5.8681,59.8,2400023808,0x0
1786828933.634396459,5.6520,58.7,2400027136,0x0
1786828934.687908151,6.1174,60.4,2400030464,0x0
1786828935.740060967,5.2877,59.3,2400027136,0x0
1786828936.793843861,5.4438,58.7,2400033792,0x0
1786828937.846923891,5.6823,59.8,2400023808,0x0
1786828938.901196039,5.9441,59.3,2400020480,0x0
1786828939.956057701,6.0139,58.2,2400020480,0x0
1786828941.010799771,5.8308,59.8,2400023808,0x0
1786828942.064947106,5.8690,58.2,2400020480,0x0
1786828943.119356790,5.2091,59.3,2400027136,0x0
1786828944.172894704,5.1878,58.7,2400030464,0x0
1786828945.225576923,5.4881,58.7,2400023808,0x0
1786828946.278945653,4.8602,59.8,2400027136,0x0
1786828947.333409911,5.3097,59.3,2400027136,0x0
1786828948.387431432,5.0686,59.8,2400020480,0x0
1786828949.442580609,5.2173,59.3,2400020480,0x0
1786828950.495928488,5.2996,60.9,2400033792,0x0
1786828951.549991898,5.9692,59.8,2400030464,0x0
1786828952.603445831,4.9452,58.7,2400020480,0x0
1786828953.660944376,5.0785,59.3,2400020480,0x0
1786828954.714664418,5.0761,58.7,2400027136,0x0
1786828955.768158906,4.8940,59.3,2400030464,0x0
1786828956.822149039,5.3459,58.7,2400030464,0x0
1786828957.875769544,5.1500,60.4,2400030464,0x0
1786828958.928725927,5.7304,59.8,2400023808,0x0
1786828959.982709559,5.0998,59.3,2400020480,0x0
1786828961.036703746,5.1915,60.4,2400030464,0x0
1786828962.090520491,5.0401,59.3,2400023808,0x0
1786828963.147842371,4.9368,59.3,2400030464,0x0
1786828964.200786086,5.0896,59.3,2400020480,0x0
1786828965.255189733,5.1942,60.4,2400023808,0x0
1786828966.308986274,5.4066,58.2,2400030464,0x0
1786828967.362461133,5.0287,59.8,2400023808,0x0
1786828968.415989454,4.9361,59.8,2400033792,0x0
1786828969.469176260,5.0715,59.8,2400030464,0x0
1786828970.523406630,4.5069,60.9,2400020480,0x0
1786828971.576849433,5.9770,59.3,2400030464,0x0
1786828972.630106609,4.7591,59.8,2400027136,0x0
1786828973.683765003,5.3846,59.8,2400023808,0x0
1786828974.736806143,5.3726,59.3,2400020480,0x0
1786828975.789965005,5.1677,59.8,2400020480,0x0
1786828976.843419215,5.6355,59.3,2400020480,0x0
1786828977.898016730,5.0292,58.2,2400027136,0x0
1786828978.950653633,5.0267,59.3,2400030464,0x0
1786828980.007291000,5.4518,59.8,2400027136,0x0
1786828981.060442325,5.6399,57.6,2400037120,0x0
1786828982.115321818,5.5848,59.3,2400033792,0x0
1786828983.169452764,5.6648,58.7,2400023808,0x0
1786828984.223041788,5.5935,59.3,2400030464,0x0
1786828985.277145492,5.0690,59.3,2400030464,0x0
1786828986.330756071,5.5214,59.3,2400020480,0x0
1786828987.384947442,5.2985,59.8,2400033792,0x0
1786828988.438772093,5.8863,59.3,2400033792,0x0
1786828989.493269072,4.4371,58.7,2400027136,0x0
1786828990.545875919,4.4774,60.4,2400030464,0x0
1786828991.599690034,5.2536,58.7,2400027136,0x0
1786828992.652428602,5.0290,60.9,2400030464,0x0
1786828993.706276105,5.2585,59.8,2400023808,0x0
1786828994.758629066,5.4318,59.3,2400033792,0x0
1786828995.812637716,4.9131,60.4,2400023808,0x0
1786828996.867328341,5.1242,58.2,2400023808,0x0
1786828997.921411638,5.2834,59.3,2400030464,0x0
1786828998.975559323,5.2408,58.7,2400030464,0x0
1786829000.028259707,5.2529,58.7,2400033792,0x0
1786829001.082283560,4.9903,58.2,2400027136,0x0
1786829002.136125748,5.7238,59.3,2400023808,0x0
1786829003.189774548,4.5067,59.8,2400030464,0x0
1786829004.242945187,5.2297,58.7,2400033792,0x0
1786829005.296251972,5.4766,58.7,2400030464,0x0
1786829006.348953170,5.3112,59.8,2400020480,0x0
1786829007.403579407,5.3560,58.7,2400033792,0x0
1786829008.457092987,5.7189,59.8,2400027136,0x0
1786829009.510553622,5.5803,59.3,2400033792,0x0
1786829010.565130655,4.6299,59.3,2400023808,0x0
1786829011.618675253,5.2287,58.7,2400030464,0x0
1786829012.673206009,5.4980,59.3,2400020480,0x0
1786829013.727076752,5.4848,59.3,2400023808,0x0
1786829014.780150539,5.8802,59.3,2400030464,0x0
1786829015.834592314,5.1824,59.8,2400020480,0x0
1786829016.888512093,5.1396,59.3,2400020480,0x0
1786829017.941240921,5.6632,60.4,2400020480,0x0
1786829018.994550873,5.2799,59.8,2400027136,0x0
1786829020.047251052,5.2385,60.9,2400030464,0x0
1786829021.100052286,4.9542,60.4,2400023808,0x0
1786829022.154035695,5.7726,60.4,2400027136,0x0
1786829023.206534005,5.2888,59.3,2400033792,0x0
1786829024.259107741,5.6875,59.3,2400027136,0x0
1786829025.313197853,5.6367,58.7,2400023808,0x0
1786829026.367410981,5.8375,59.8,2400020480,0x0
1786829027.421251243,5.8813,59.8,2400023808,0x0
1786829028.474428547,5.7488,59.8,2400023808,0x0
1786829029.527010931,5.3545,58.7,2400030464,0x0
1786829030.579952997,4.9528,58.7,2400030464,0x0
1786829031.634062367,5.8162,59.8,2400027136,0x0
1786829032.687038914,4.5693,59.3,2400027136,0x0
1786829033.740012239,5.7325,60.4,2400033792,0x0
1786829034.792627086,5.6096,60.4,2400027136,0x0
1786829035.845186470,6.0050,60.9,2400030464,0x0
1786829036.900328238,5.2332,60.9,2400020480,0x0
1786829037.953369543,5.1744,58.7,2400037120,0x0
1786829039.006808660,4.9881,59.3,2400020480,0x0
1786829040.060257573,5.1948,59.3,2400033792,0x0
1786829041.113527043,4.7327,59.3,2400023808,0x0
1786829042.167476063,5.1924,58.7,2400020480,0x0
1786829043.220483924,5.2471,59.3,2400033792,0x0
1786829044.273892652,5.7491,59.3,2400020480,0x0
1786829045.327917671,5.0913,59.3,2400023808,0x0
1786829046.381511527,5.2456,59.3,2400033792,0x0
1786829047.435108642,5.6634,59.3,2400027136,0x0
1786829048.488100578,5.2597,59.3,2400030464,0x0
1786829049.542084134,5.8227,59.8,2400030464,0x0
1786829050.594746998,5.3342,58.7,2400027136,0x0
1786829051.647805470,5.3853,59.3,2400023808,0x0
1786829052.701032181,5.9146,59.3,2400020480,0x0
1786829053.755245809,5.2108,58.7,2400023808,0x0
1786829054.809164791,5.8823,58.7,2400033792,0x0
1786829055.863427863,5.5089,59.3,2400027136,0x0
1786829056.917783434,5.7887,59.3,2400020480,0x0
1786829057.971532900,5.0274,59.8,2400020480,0x0
1786829059.025703306,5.5008,58.7,2400027136,0x0
1786829060.079040164,5.3051,61.5,2400020480,0x0
1786829061.132595409,4.9782,58.2,2400023808,0x0
1786829062.189472216,5.0963,59.8,2400023808,0x0
1786829063.243109201,5.8044,58.7,2400027136,0x0
1786829064.297438031,5.3467,59.8,2400023808,0x0
1786829065.350793648,5.7887,58.2,2400023808,0x0
1786829066.407927935,5.0606,59.3,2400020480,0x0
1786829067.460881685,6.0326,61.5,2400027136,0x0
1786829068.515059609,6.0389,59.8,2400030464,0x0
1786829069.569233367,5.0831,60.4,2400030464,0x0
1786829070.623330440,4.9682,60.9,2400027136,0x0
1786829071.677742307,5.4213,60.9,2400030464,0x0
1786829072.731014295,5.4739,59.8,2400030464,0x0
1786829073.785132516,5.9816,59.8,2400030464,0x0
1786829074.839480883,5.0900,59.8,2400027136,0x0
1786829075.894063007,5.1539,60.4,2400027136,0x0
1786829076.947449623,6.1165,59.3,2400020480,0x0
1786829078.000712834,5.9967,59.3,2400023808,0x0
1786829079.054344985,5.1986,58.7,2400027136,0x0
1786829080.111811638,4.7348,59.8,2400023808,0x0
1786829081.165629473,5.2661,59.8,2400033792,0x0
1786829082.219129385,5.0270,60.4,2400027136,0x0
1786829083.272212634,5.4799,59.8,2400027136,0x0
1786829084.325665157,5.4532,60.4,2400020480,0x0
1786829085.378609481,5.6247,59.3,2400033792,0x0
1786829086.432770683,4.6609,58.7,2400027136,0x0
1786829087.485893042,5.9071,59.8,2400027136,0x0
1786829088.539448898,5.2578,60.4,2400020480,0x0
1786829089.591639673,5.4771,58.2,2400030464,0x0
1786829090.645195436,5.2807,60.9,2400020480,0x0
1786829091.700425683,4.9729,60.4,2400023808,0x0
1786829092.753390637,5.0606,59.3,2400023808,0x0
1786829093.806433015,5.3667,58.7,2400033792,0x0
1786829094.860396423,5.6429,59.3,2400033792,0x0
1786829095.912487717,5.3851,61.5,2400037120,0x0
1786829096.966547457,5.7919,59.3,2400027136,0x0
1786829098.019667427,5.0124,59.3,2400033792,0x0
1786829099.073439225,5.8041,60.4,2400020480,0x0
1786829100.127427058,5.7994,60.4,2400023808,0x0
1786829101.181206152,5.1754,60.9,2400033792,0x0
1786829102.234165253,4.4416,59.3,2400027136,0x0
1786829103.287219113,4.9317,60.4,2400023808,0x0
1786829104.340383287,4.4468,60.4,2400020480,0x0
1786829105.393348184,5.1976,59.3,2400023808,0x0
1786829106.447301999,5.5160,59.8,2400027136,0x0
1786829107.499294572,5.2966,59.8,2400033792,0x0
1786829108.552694539,5.1640,58.7,2400030464,0x0
1786829109.605368903,5.3453,58.7,2400027136,0x0
1786829110.659231625,5.2651,58.7,2400030464,0x0
1786829111.712119764,5.2613,59.8,2400030464,0x0
1786829112.765575861,5.3079,57.6,2400027136,0x0
1786829113.819730303,5.2488,59.8,2400033792,0x0
1786829114.872984531,5.9290,59.8,2400030464,0x0
1786829115.926528405,4.4599,59.3,2400027136,0x0
1786829116.980967104,5.6048,58.7,2400020480,0x0
1786829118.034334497,5.4623,60.4,2400023808,0x0
1786829119.086707122,5.1535,59.3,2400023808,0x0
1786829120.140954841,5.0698,59.8,2400033792,0x0
1786829121.192990488,5.0502,59.8,2400027136,0x0
1786829122.246306456,5.7683,59.8,2400033792,0x0
1786829123.298638229,5.9033,60.9,2400033792,0x0
1786829124.351735459,5.0457,59.3,2400027136,0x0
1786829125.406064325,5.0344,59.8,2400030464,0x0
1786829126.460163805,4.8014,59.8,2400027136,0x0
1786829127.513792140,5.6175,59.3,2400033792,0x0
1786829128.568388023,5.9186,59.8,2400027136,0x0
1786829129.622945053,5.6846,59.8,2400020480,0x0
1786829130.677324475,5.1075,60.4,2400033792,0x0
1786829131.730065392,5.2413,59.3,2400030464,0x0
1786829132.783314305,5.8192,58.7,2400030464,0x0
1786829133.836285610,5.3045,59.3,2400030464,0x0
1786829134.889109397,5.8727,60.4,2400027136,0x0
1786829135.943763834,4.9587,58.7,2400030464,0x0
1786829136.997054062,5.8437,59.3,2400020480,0x0
1786829138.049331058,5.2360,59.3,2400020480,0x0
1786829139.102679099,5.4638,59.8,2400033792,0x0
1786829140.156967058,5.7393,59.3,2400023808,0x0
1786829141.211227721,5.6843,59.8,2400023808,0x0
1786829142.265831400,4.7848,60.9,2400027136,0x0
1786829143.319468476,5.2246,59.8,2400033792,0x0
1786829144.372800814,5.2454,61.5,2400020480,0x0
1786829145.425942246,5.6733,59.3,2400030464,0x0
1786829146.479348769,5.1609,59.3,2400027136,0x0
1786829147.533054251,5.3847,60.4,2400023808,0x0
1786829148.587159953,5.9223,59.3,2400020480,0x0
1786829149.640667196,5.7032,59.8,2400027136,0x0
1786829150.693988590,5.8442,60.4,2400023808,0x0
1786829151.747422908,5.2093,59.3,2400027136,0x0
1786829152.801431259,5.3045,57.6,2400033792,0x0
1786829153.855663107,5.1960,60.9,2400023808,0x0
1786829154.908731521,5.2071,59.3,2400030464,0x0
1786829155.962067600,5.6653,59.8,2400027136,0x0
1786829157.016650111,4.9876,59.8,2400027136,0x0
1786829158.070112337,5.4705,59.8,2400033792,0x0
1786829159.123686432,5.9996,59.3,2400030464,0x0
1786829160.177833484,5.1462,59.8,2400027136,0x0
1786829161.231979000,5.2503,60.9,2400030464,0x0
1786829162.286634011,5.6995,59.3,2400020480,0x0
1786829163.339058079,5.3863,59.3,2400027136,0x0
1786829164.392054790,5.8209,59.8,2400027136,0x0
1786829165.444863762,5.0948,58.2,2400027136,0x0
1786829166.498228803,5.0232,59.8,2400030464,0x0
1786829167.550745759,5.3357,59.8,2400020480,0x0
1786829168.604876978,5.1275,58.7,2400027136,0x0
1786829169.658802551,5.3765,59.3,2400030464,0x0
1786829170.712869808,5.7052,59.3,2400020480,0x0
1786829171.766917417,5.9046,59.8,2400027136,0x0
1786829172.821113580,5.5397,61.5,2400033792,0x0
1786829173.874869469,5.3465,59.3,2400027136,0x0
1786829174.927425481,5.9887,60.4,2400033792,0x0
1786829175.980858521,5.1644,59.3,2400030464,0x0
1786829177.035407847,4.6995,59.8,2400027136,0x0
1786829178.089297976,5.3800,59.8,2400020480,0x0
1786829179.142286576,5.2128,60.4,2400027136,0x0
1786829180.194979919,5.3777,59.8,2400023808,0x0
1786829181.248163239,5.6448,59.8,2400027136,0x0
1786829182.302450322,5.1007,59.8,2400033792,0x0
1786829183.357749787,5.3388,59.8,2400030464,0x0
1786829184.414216466,5.0211,59.8,2400023808,0x0
1786829185.468441227,4.4874,59.8,2400020480,0x0
1786829186.521603521,5.3818,59.8,2400023808,0x0
1786829187.575446423,4.8772,59.8,2400033792,0x0
1786829188.628345727,5.9122,59.8,2400023808,0x0
1786829189.682746888,5.0930,60.4,2400023808,0x0
1786829190.735464644,5.6652,59.8,2400030464,0x0
1786829191.788359087,5.0456,60.9,2400027136,0x0
1786829192.841299663,3.4328,59.8,2400020480,0x0
1786829193.894574312,5.1623,59.3,2400033792,0x0
1786829194.950158254,6.1406,59.8,2400027136,0x0
1786829196.003788961,5.3905,59.3,2400030464,0x0
1786829197.058790045,4.9243,60.9,2400027136,0x0
1786829198.113135529,5.2761,60.9,2400033792,0x0
1786829199.165974772,4.4573,60.4,2400030464,0x0
1786829200.219160219,5.6950,59.8,2400030464,0x0
1786829201.272489908,5.7350,59.8,2400030464,0x0
1786829202.326848422,5.6844,59.8,2400030464,0x0
1786829203.378889928,5.1900,59.8,2400030464,0x0
1786829204.432498734,5.8936,59.8,2400033792,0x0
1786829205.486977683,5.6462,59.3,2400027136,0x0
1786829206.540709235,5.8990,59.3,2400023808,0x0
1786829207.594926322,4.9976,59.8,2400027136,0x0
1786829208.648529196,5.6654,59.3,2400023808,0x0
1786829209.703235766,5.1095,59.8,2400030464,0x0
1786829210.756660537,6.0203,60.9,2400020480,0x0
1786829211.812305788,5.9749,59.8,2400033792,0x0
1786829212.865999840,5.7039,59.8,2400030464,0x0
1786829213.924117182,5.6356,59.8,2400023808,0x0
1786829214.979372205,5.4197,59.3,2400030464,0x0
1786829216.033052174,5.3077,59.8,2400023808,0x0
1786829217.085649787,5.3085,60.4,2400023808,0x0
1786829218.138901286,5.9509,60.9,2400023808,0x0
1786829219.193689697,5.0439,59.8,2400027136,0x0
1786829220.246969997,5.8805,59.8,2400023808,0x0
1786829221.299730954,5.5335,60.9,2400030464,0x0
1786829222.352706931,5.8878,59.8,2400033792,0x0
1786829223.405220655,5.3535,59.3,2400030464,0x0
1786829224.458983407,5.1153,60.4,2400037120,0x0
1786829225.512729384,5.3168,58.7,2400030464,0x0
1786829226.566602011,5.3171,59.3,2400033792,0x0
1786829227.620250810,5.6597,59.8,2400030464,0x0
1786829228.673155045,5.3140,59.3,2400027136,0x0
1786829229.726786239,5.3068,60.4,2400020480,0x0
1786829230.780164494,5.8989,58.2,2400020480,0x0
1786829231.833318958,5.2559,60.9,2400027136,0x0
1786829232.887429730,5.1041,59.8,2400023808,0x0
1786829233.940931585,5.7226,60.9,2400020480,0x0
1786829234.993651247,5.3416,59.8,2400023808,0x0
1786829236.047135461,5.8833,60.9,2400023808,0x0
1786829237.100691491,5.0937,59.3,2400030464,0x0
1786829238.154162376,5.6247,60.9,2400020480,0x0
1786829239.208472182,5.9231,59.3,2400037120,0x0
1786829240.263098654,5.4652,59.8,2400023808,0x0
1786829241.317769480,5.7702,60.4,2400020480,0x0
1786829242.371879185,5.6652,59.8,2400020480,0x0
1786829243.425333160,5.8390,59.3,2400030464,0x0
1786829244.479356094,5.6237,60.4,2400027136,0x0
1786829245.533105552,5.6429,59.8,2400023808,0x0
1786829246.586264557,4.4478,59.8,2400030464,0x0
1786829247.639218937,5.1949,60.4,2400023808,0x0
1786829248.694210039,5.1731,59.8,2400027136,0x0
1786829249.746803799,5.6596,59.8,2400023808,0x0
1786829250.800067944,4.9563,58.7,2400023808,0x0
1786829251.853723920,4.6325,58.2,2400030464,0x0
1786829252.906254523,5.2192,59.8,2400020480,0x0
1786829253.962042593,5.0643,60.4,2400033792,0x0
1786829255.015309416,5.7733,60.4,2400023808,0x0
1786829256.068877979,5.1993,58.7,2400027136,0x0
1786829257.125384236,5.3351,60.4,2400027136,0x0
1786829258.179356318,5.4192,60.9,2400020480,0x0
1786829259.232111158,5.7521,62.0,2400020480,0x0
1786829260.286142412,6.1136,59.8,2400023808,0x0
1786829261.340042911,5.2812,59.8,2400027136,0x0
1786829262.394012153,5.4928,59.8,2400027136,0x0
1786829263.447730105,5.7866,59.8,2400027136,0x0
1786829264.500604734,5.1060,59.8,2400030464,0x0
1786829265.554600429,5.6595,59.3,2400030464,0x0
1786829266.606237077,4.4219,59.3,2400020480,0x0
1786829267.660982788,5.7544,59.8,2400030464,0x0
1786829268.715291913,5.0066,59.8,2400030464,0x0
1786829269.769289526,5.0508,60.4,2400033792,0x0
1786829270.824138244,5.3296,59.8,2400030464,0x0
1786829271.877961864,5.2304,58.7,2400027136,0x0
1786829272.931614044,5.6998,61.5,2400027136,0x0
1786829273.985467854,5.7252,59.8,2400033792,0x0
1786829275.038454066,5.2219,59.8,2400033792,0x0
1786829276.091686592,5.5184,60.9,2400027136,0x0
1786829277.145356802,5.7811,60.4,2400020480,0x0
1786829278.198682295,5.2802,59.8,2400030464,0x0
1786829279.251807275,4.2383,60.9,2400033792,0x0
1786829280.304699853,5.8153,59.8,2400027136,0x0
1786829281.357485064,5.0926,59.8,2400033792,0x0
1786829282.410123890,5.6343,58.7,2400030464,0x0
1786829283.464452275,5.7835,60.4,2400020480,0x0
1786829284.518960661,5.7560,59.8,2400023808,0x0
1786829285.573229775,5.7377,59.8,2400030464,0x0
1786829286.627720129,5.6549,61.5,2400033792,0x0
1786829287.682354078,5.3813,59.3,2400030464,0x0
1786829288.734854125,5.0842,61.5,2400030464,0x0
1786829289.788835511,5.8820,59.8,2400023808,0x0
1786829290.843679317,5.0771,60.4,2400033792,0x0
1786829291.898205832,5.0490,59.8,2400020480,0x0
1786829292.951539863,4.5903,60.4,2400020480,0x0
1786829294.004023961,5.2092,60.9,2400033792,0x0
1786829295.057278627,5.1842,59.8,2400027136,0x0
1786829296.109483140,5.8782,60.4,2400027136,0x0
1786829297.162869773,5.6213,59.8,2400020480,0x0
1786829298.217399304,5.6924,59.8,2400027136,0x0
1786829299.271755395,5.1615,60.4,2400023808,0x0
1786829300.325550717,5.2009,59.8,2400023808,0x0
1786829301.378762733,5.1665,58.7,2400030464,0x0
1786829302.432054324,5.1639,60.4,2400027136,0x0
1786829303.485597471,5.7814,58.7,2400027136,0x0
1786829304.539373211,5.1436,60.9,2400030464,0x0
1786829305.591327453,5.0190,60.4,2400033792,0x0
1786829306.643106534,5.0035,61.5,2400020480,0x0
1786829307.696480304,5.3688,60.4,2400023808,0x0
1786829308.750553754,5.3566,59.3,2400033792,0x0
1786829309.803504663,5.7606,60.4,2400023808,0x0
1786829310.856576610,5.0768,59.3,2400030464,0x0
1786829311.911181007,5.2778,60.9,2400027136,0x0
1786829313.064979334,5.6118,59.3,2400023808,0x0
1786829314.118649450,5.1012,59.8,2400020480,0x0
1786829315.171554965,5.2537,60.4,2400020480,0x0
1786829316.225215919,5.3312,59.8,2400030464,0x0
1786829317.278095365,5.8859,60.9,2400033792,0x0
1786829318.331897045,5.3555,59.3,2400020480,0x0
1786829319.385210510,5.3716,59.8,2400020480,0x0
1786829320.437875855,5.8418,60.4,2400033792,0x0
1786829321.491454803,4.6230,59.8,2400033792,0x0
1786829322.544901997,5.9652,59.3,2400027136,0x0
1786829323.598266064,4.6458,59.8,2400027136,0x0
1786829324.651440672,5.3154,59.8,2400030464,0x0
1786829325.705202370,5.3084,59.3,2400020480,0x0
1786829326.759844338,5.2713,61.5,2400030464,0x0
1786829327.813591929,5.0467,60.4,2400033792,0x0
1786829328.868213292,5.1381,59.8,2400030464,0x0
1786829329.922312014,5.8105,59.3,2400020480,0x0
1786829330.976138612,5.9237,60.4,2400027136,0x0
1786829332.030465411,5.2227,59.8,2400027136,0x0
1786829333.083304450,4.9415,59.8,2400030464,0x0
1786829334.136382896,5.6778,59.3,2400023808,0x0
1786829335.189602825,4.8562,59.3,2400030464,0x0
1786829336.242988606,5.6601,60.9,2400033792,0x0
1786829337.295597527,5.2470,59.8,2400020480,0x0
1786829338.348532707,5.0276,59.8,2400027136,0x0
1786829339.401210910,5.6714,60.4,2400037120,0x0
1786829340.455884317,5.7181,60.9,2400020480,0x0
1786829341.510976759,5.8387,60.9,2400030464,0x0
1786829342.565322452,5.9227,61.5,2400020480,0x0
1786829343.620068865,5.6932,60.9,2400027136,0x0
1786829344.672932653,4.9687,61.5,2400020480,0x0
1786829345.728860225,5.1179,59.8,2400030464,0x0
1786829346.782965004,5.5712,59.8,2400023808,0x0
1786829347.837127637,4.9040,60.4,2400027136,0x0
1786829348.890640130,5.4914,59.8,2400027136,0x0
1786829349.944299439,5.9201,59.8,2400023808,0x0
1786829350.999406847,5.2964,59.8,2400030464,0x0
1786829352.052824237,5.5122,58.7,2400033792,0x0
1786829353.104710905,4.2247,60.9,2400030464,0x0
1786829354.158987995,5.4366,60.9,2400023808,0x0
1786829355.212629205,5.9702,60.9,2400033792,0x0
1786829356.265272668,5.2048,61.5,2400023808,0x0
1786829357.317780043,5.3078,60.9,2400027136,0x0
1786829358.371642776,5.2680,60.4,2400030464,0x0
1786829359.426488316,6.0744,60.9,2400023808,0x0
1786829360.479984298,5.9987,60.4,2400033792,0x0
1786829361.534098072,5.0855,60.9,2400030464,0x0
1786829362.587060601,5.7593,62.0,2400027136,0x0
1786829363.639501805,4.4965,62.0,2400027136,0x0
1786829364.693984990,5.5931,60.9,2400030464,0x0
1786829365.746911693,5.3857,60.4,2400023808,0x0
1786829366.799621641,5.5943,60.4,2400027136,0x0
1786829367.853033881,5.1179,60.4,2400027136,0x0
1786829368.905626335,5.8325,59.8,2400020480,0x0
1786829369.960456768,5.0546,60.4,2400033792,0x0
1786829371.014443990,6.1037,60.9,2400023808,0x0
1786829372.069148392,5.8003,61.5,2400023808,0x0
1786829373.123003416,5.3559,61.5,2400033792,0x0
1786829374.177190921,5.2803,60.4,2400020480,0x0
1786829375.229640316,5.3452,61.5,2400030464,0x0
1786829376.283240646,5.8431,60.9,2400023808,0x0
1786829377.336822867,5.1877,60.9,2400020480,0x0
1786829378.389553339,4.9148,62.6,2400020480,0x0
1786829379.444567698,5.1863,62.0,2400027136,0x0
1786829380.497984446,5.6157,60.9,2400020480,0x0
1786829381.551469140,5.5845,60.9,2400023808,0x0
1786829382.604235158,5.6349,61.5,2400030464,0x0
1786829383.658436386,4.4408,62.0,2400030464,0x0
1786829384.712699319,5.7497,61.5,2400030464,0x0
1786829385.766285335,5.1197,59.8,2400030464,0x0
1786829386.820711271,5.1887,62.0,2400030464,0x0
1786829387.873553300,5.4113,60.9,2400027136,0x0
1786829388.927236081,5.1676,61.5,2400023808,0x0
1786829389.980525998,5.3147,62.6,2400020480,0x0
1786829391.033414125,5.2730,60.4,2400027136,0x0
1786829392.086012553,5.9140,61.5,2400030464,0x0
1786829393.139970321,5.0538,59.8,2400030464,0x0
1786829394.192764641,5.8256,62.6,2400020480,0x0
1786829395.245852441,5.3434,60.4,2400020480,0x0
1786829396.299018669,5.0858,61.5,2400027136,0x0
1786829397.352474155,5.2424,60.9,2400033792,0x0
1786829398.406354342,5.3492,60.9,2400027136,0x0
1786829399.460515306,5.7524,61.5,2400030464,0x0
1786829400.514491756,4.5779,59.8,2400033792,0x0
1786829401.568066712,3.9981,61.5,2400030464,0x0
1786829402.622877806,5.8434,60.9,2400027136,0x0
1786829403.676702430,4.8716,61.5,2400027136,0x0
1786829404.730256596,5.0645,61.5,2400020480,0x0
1786829405.783419676,5.9203,61.5,2400023808,0x0
1786829406.837703987,5.5746,61.5,2400027136,0x0
1786829407.890629870,5.6147,62.0,2400023808,0x0
1786829408.945945101,5.2632,59.8,2400020480,0x0
1786829409.999257780,5.9434,60.9,2400020480,0x0
1786829411.051579786,2.8313,59.8,2400027136,0x0
1786829412.095272420,5.2844,60.9,2400023808,0x0
1786829413.148896269,5.3855,59.8,2400027136,0x0
1786829414.201962385,5.0713,62.0,2400030464,0x0
1786829415.255074114,5.3488,60.4,2400027136,0x0
1786829416.308612951,4.9988,61.5,2400033792,0x0
1786829417.362803191,5.6594,61.5,2400033792,0x0
1786829418.417097136,5.7155,60.4,2400027136,0x0
1786829419.469862284,5.4314,60.9,2400033792,0x0
1786829420.523667757,5.9356,60.9,2400027136,0x0
1786829421.577283622,5.1566,60.9,2400033792,0x0
1786829422.629726446,5.8125,59.8,2400023808,0x0
1786829423.684780097,4.5009,62.0,2400033792,0x0
1786829424.738585152,5.6035,62.0,2400027136,0x0
1786829425.791486033,4.3578,62.6,2400033792,0x0
1786829426.845345406,5.3730,60.9,2400027136,0x0
1786829427.899498611,4.4867,59.8,2400030464,0x0
1786829428.953153768,4.5160,60.4,2400033792,0x0
1786829430.006073193,5.9778,62.6,2400027136,0x0
1786829431.058895178,5.9777,61.5,2400020480,0x0
1786829432.113084520,5.2975,62.6,2400027136,0x0
1786829433.166454984,5.6059,61.5,2400027136,0x0
1786829434.220302261,5.8785,60.4,2400033792,0x0
1786829435.273507712,5.0359,60.9,2400023808,0x0
1786829436.326492852,5.1822,60.9,2400020480,0x0
1786829437.380411911,5.3543,62.6,2400030464,0x0
1786829438.434618025,5.4845,60.9,2400037120,0x0
1786829439.487039288,5.1471,60.9,2400023808,0x0
1786829440.539890494,5.8012,61.5,2400020480,0x0
1786829441.594073354,5.7568,61.5,2400023808,0x0
1786829442.648098237,5.5878,62.6,2400027136,0x0
1786829443.702875299,5.7091,60.9,2400020480,0x0
1786829444.757695159,5.4208,62.0,2400023808,0x0
1786829445.810655243,4.3996,61.5,2400027136,0x0
1786829446.863832735,4.7077,61.5,2400033792,0x0
1786829447.917091394,6.0462,61.5,2400020480,0x0
1786829448.970034466,5.0326,61.5,2400027136,0x0
1786829450.022954614,5.9040,60.4,2400027136,0x0
1786829451.077374823,5.1369,60.9,2400033792,0x0
1786829452.130130143,5.6925,61.5,2400033792,0x0
1786829453.182473895,5.0277,60.9,2400020480,0x0
1786829454.235447717,5.3237,60.4,2400030464,0x0
1786829455.289374976,5.0738,63.1,2400033792,0x0
1786829456.343329977,5.6479,60.4,2400023808,0x0
1786829457.396816317,5.3302,61.5,2400023808,0x0
1786829458.450334808,5.2300,62.6,2400020480,0x0
1786829459.503935022,5.1610,59.8,2400023808,0x0
1786829460.556808171,5.8686,60.9,2400027136,0x0
1786829461.610617090,5.3945,61.5,2400030464,0x0
1786829462.664720101,5.7399,61.5,2400020480,0x0
1786829463.718450895,5.6446,60.9,2400033792,0x0
1786829464.770965426,5.1560,61.5,2400020480,0x0
1786829465.824457374,5.8048,62.6,2400030464,0x0
1786829466.878517596,5.1800,62.0,2400033792,0x0
1786829467.932146714,4.9619,61.5,2400027136,0x0
1786829468.984942897,5.3374,61.5,2400020480,0x0
1786829470.039458731,5.7882,62.0,2400033792,0x0
1786829471.092111753,5.0144,60.9,2400023808,0x0
1786829472.146227299,5.5943,61.5,2400020480,0x0
1786829473.200108646,5.8869,60.9,2400027136,0x0
1786829474.254936095,5.1568,62.0,2400020480,0x0
1786829475.309139424,5.2978,60.4,2400027136,0x0
1786829476.361507791,4.2201,60.4,2400023808,0x0
1786829477.414544246,5.4837,58.7,2400023808,0x0
1786829478.468400898,5.7085,60.4,2400020480,0x0
1786829479.521813704,5.9446,61.5,2400020480,0x0
1786829480.574274429,5.1429,60.4,2400030464,0x0
1786829481.627432835,5.1859,59.8,2400020480,0x0
1786829482.680723370,5.8512,59.3,2400023808,0x0
1786829483.733164323,5.2426,58.7,2400020480,0x0
1786829484.786581083,5.3419,60.4,2400020480,0x0
1786829485.840020289,5.8441,59.8,2400030464,0x0
1786829486.893260165,5.2422,59.3,2400023808,0x0
1786829487.946539080,5.0906,59.8,2400027136,0x0
1786829488.999813756,4.0596,59.8,2400020480,0x0
1786829490.054210034,5.9157,60.4,2400033792,0x0
1786829491.107902061,5.0845,61.5,2400023808,0x0
1786829492.160757080,5.5118,60.4,2400020480,0x0
1786829493.213880524,5.3730,60.4,2400027136,0x0
1786829494.266566307,5.3012,59.8,2400023808,0x0
1786829495.320328729,4.9497,60.9,2400027136,0x0
1786829496.373422623,5.8379,60.9,2400030464,0x0
1786829497.425874321,6.0966,61.5,2400027136,0x0
1786829498.484088778,5.4068,59.8,2400030464,0x0
1786829499.537802523,5.2692,61.5,2400027136,0x0
1786829500.592153430,5.7917,60.4,2400030464,0x0
1786829501.647776659,5.9106,60.4,2400020480,0x0
1786829502.701237004,5.8802,60.9,2400020480,0x0
1786829503.755441491,6.1346,60.4,2400023808,0x0
1786829504.808059589,5.0832,60.9,2400020480,0x0
1786829505.862662594,5.4496,60.4,2400020480,0x0
1786829506.917189287,5.3141,60.4,2400020480,0x0
1786829507.970078610,5.9268,60.9,2400030464,0x0
1786829509.022675011,5.7102,60.4,2400023808,0x0
1786829510.075288432,5.7709,59.8,2400020480,0x0
1786829511.128602829,4.8451,60.9,2400033792,0x0
1786829512.182464408,5.7629,59.3,2400027136,0x0
1786829513.236269526,6.2169,58.7,2400023808,0x0
1786829514.290638233,6.2003,61.5,2400027136,0x0
1786829515.344719611,5.6682,61.5,2400020480,0x0
1786829516.398378180,4.8343,60.4,2400020480,0x0
1786829517.450928891,5.1127,60.9,2400030464,0x0
1786829518.504443502,4.0719,59.8,2400023808,0x0
1786829519.558147298,4.9680,61.5,2400030464,0x0
1786829520.611710745,5.2711,60.4,2400033792,0x0
1786829521.665093177,5.9248,60.9,2400030464,0x0
1786829522.719116012,5.8315,59.8,2400033792,0x0
1786829523.772048414,5.8669,60.4,2400030464,0x0
1786829524.824744025,5.7599,60.9,2400020480,0x0
1786829525.877398212,4.4834,61.5,2400027136,0x0
1786829526.927392538,5.3074,60.4,2400023808,0x0
1786829527.981254549,5.0589,60.4,2400020480,0x0
1786829529.034994767,5.0110,59.8,2400027136,0x0
1786829530.088899318,5.3315,59.3,2400023808,0x0
1786829531.143121349,5.9563,60.4,2400020480,0x0
1786829532.197618842,5.2424,60.4,2400033792,0x0
1786829533.250914905,5.2431,60.9,2400033792,0x0
1786829534.303334329,5.2166,59.8,2400030464,0x0
1786829535.356359916,5.7196,61.5,2400023808,0x0
1786829536.409680779,4.8500,60.4,2400033792,0x0
1786829537.462745794,5.1646,60.9,2400027136,0x0
1786829538.515691757,5.7731,60.4,2400023808,0x0
1786829539.568595703,5.3642,60.4,2400033792,0x0
1786829540.620896898,5.8549,60.4,2400033792,0x0
1786829541.674947280,5.9353,59.8,2400023808,0x0
1786829542.729227107,5.6732,60.4,2400020480,0x0
1786829543.782709831,5.8822,59.3,2400023808,0x0
1786829544.837232158,5.1233,60.4,2400023808,0x0
1786829545.891967707,5.1213,61.5,2400027136,0x0
1786829546.944869997,5.2267,60.4,2400030464,0x0
1786829547.997625495,5.9325,60.4,2400030464,0x0
1786829549.050958785,5.0600,60.4,2400027136,0x0
1786829550.103522954,5.0247,60.9,2400027136,0x0
1786829551.159864254,5.3888,59.8,2400030464,0x0
1786829552.212835144,5.6042,60.4,2400023808,0x0
1786829553.265560595,5.3325,61.5,2400020480,0x0
1786829554.318201677,5.8275,60.4,2400027136,0x0
1786829555.371209942,5.8654,59.8,2400030464,0x0
1786829556.425523437,5.2577,60.4,2400030464,0x0
1786829557.478591890,5.3705,60.4,2400030464,0x0
1786829558.531748418,5.2233,60.4,2400023808,0x0
1786829559.586000788,5.6805,59.8,2400030464,0x0
1786829560.639258836,5.5762,60.4,2400033792,0x0
1786829561.693413192,5.3421,60.4,2400033792,0x0
1786829562.746186193,5.0537,60.4,2400030464,0x0
1786829563.799615874,5.7448,60.9,2400023808,0x0
1786829564.853048574,4.9950,59.3,2400027136,0x0
1786829565.905718859,5.7404,62.0,2400033792,0x0
1786829566.959037434,5.3687,59.8,2400027136,0x0
1786829568.012062662,5.5664,60.4,2400033792,0x0
1786829569.064838098,5.6535,59.8,2400020480,0x0
1786829570.118613581,5.7917,59.3,2400030464,0x0
1786829571.173325241,5.0465,59.8,2400033792,0x0
1786829572.227325170,5.8766,60.4,2400023808,0x0
1786829573.281029010,5.9003,61.5,2400023808,0x0
1786829574.334757370,5.6573,60.4,2400027136,0x0
1786829575.387488648,5.3446,60.4,2400023808,0x0
1786829576.440668739,5.1267,59.8,2400027136,0x0
1786829577.493509260,5.9677,60.9,2400023808,0x0
1786829578.546826038,5.0830,61.5,2400030464,0x0
1786829579.599419972,5.7081,60.4,2400027136,0x0
1786829580.653907037,5.2425,59.8,2400033792,0x0
1786829581.706581788,5.6978,59.8,2400027136,0x0
1786829582.759612741,5.1051,60.9,2400023808,0x0
1786829583.813641592,5.2575,59.8,2400037120,0x0
1786829584.868502271,5.1714,60.4,2400030464,0x0
1786829585.922712494,5.6905,59.8,2400027136,0x0
1786829586.975935210,5.3424,59.8,2400020480,0x0
1786829588.029463628,5.2131,59.8,2400020480,0x0
1786829589.082325906,5.0182,60.9,2400020480,0x0
1786829590.136050400,5.6832,60.9,2400030464,0x0
1786829591.189519656,4.9536,59.8,2400020480,0x0
1786829592.243674407,5.5025,60.4,2400027136,0x0
1786829593.297170204,5.8046,59.8,2400023808,0x0
1786829594.349982712,5.1057,59.8,2400023808,0x0
1786829595.402627149,5.7231,60.9,2400020480,0x0
1786829596.456755184,5.2270,59.3,2400030464,0x0
1786829597.510114043,5.3881,60.9,2400023808,0x0
1786829598.564416116,4.8386,60.9,2400033792,0x0
1786829599.618511082,5.0310,59.8,2400030464,0x0
1786829600.672861769,5.4572,58.7,2400023808,0x0
1786829601.726401835,5.7360,60.4,2400033792,0x0
1786829602.779902015,5.9298,60.4,2400020480,0x0
1786829603.832636925,5.3526,60.4,2400020480,0x0
1786829604.885908073,5.3042,60.4,2400030464,0x0
1786829605.939181055,5.5347,62.0,2400023808,0x0
1786829606.992797665,5.7061,59.8,2400023808,0x0
1786829608.047186621,5.4070,59.8,2400030464,0x0
1786829609.100125999,5.6755,60.4,2400027136,0x0
1786829610.153212378,5.0716,61.5,2400027136,0x0
1786829611.206865660,5.8864,60.4,2400023808,0x0
1786829612.258963589,5.9374,60.4,2400033792,0x0
1786829613.313939953,5.7356,60.9,2400020480,0x0
1786829614.367841533,5.7521,60.4,2400027136,0x0
1786829615.422466496,5.8180,60.9,2400027136,0x0
1786829616.477312791,5.7427,59.8,2400023808,0x0
1786829617.531964535,5.3666,60.4,2400030464,0x0
1786829618.585339847,5.0152,61.5,2400033792,0x0
1786829619.639005937,5.1619,59.8,2400033792,0x0
1786829620.692895636,5.2196,60.4,2400023808,0x0
1786829621.746717467,5.5527,62.0,2400030464,0x0
1786829622.801000795,5.7516,59.8,2400030464,0x0
1786829623.855337457,5.2634,60.4,2400033792,0x0
1786829624.908080507,5.1408,59.8,2400023808,0x0
1786829625.962743613,5.1233,60.4,2400037120,0x0
1786829627.017310981,5.2090,59.8,2400037120,0x0
1786829628.071208634,5.2169,60.4,2400030464,0x0
1786829629.125002142,5.1669,60.4,2400023808,0x0
1786829630.178832187,5.8641,59.8,2400027136,0x0
1786829631.234433772,5.1499,60.9,2400033792,0x0
1786829632.288147304,5.5394,60.4,2400023808,0x0
1786829633.341081918,6.1604,60.9,2400030464,0x0
1786829634.396089550,5.1025,60.4,2400030464,0x0
1786829635.448929556,5.2267,60.9,2400027136,0x0
1786829636.501716343,5.2605,60.4,2400033792,0x0
1786829637.554596092,5.7786,60.9,2400027136,0x0
1786829638.608070893,5.6226,59.8,2400027136,0x0
1786829639.659616084,4.4562,60.9,2400023808,0x0
1786829640.713587216,5.3019,59.3,2400027136,0x0
1786829641.765413222,5.6495,59.8,2400020480,0x0
1786829642.819315302,5.3846,59.8,2400033792,0x0
1786829643.873475695,5.2684,60.4,2400030464,0x0
1786829644.927134298,5.8710,60.4,2400023808,0x0
1786829645.980790236,5.9028,60.4,2400030464,0x0
1786829647.035198945,5.7030,61.5,2400033792,0x0
1786829648.088834034,5.5394,60.4,2400020480,0x0
1786829649.142145053,5.8529,59.8,2400023808,0x0
1786829650.195795663,5.1173,59.8,2400033792,0x0
1786829651.247866456,5.6047,59.3,2400033792,0x0
1786829652.301786380,4.7509,59.8,2400033792,0x0
1786829653.354262950,5.6970,60.4,2400023808,0x0
1786829654.408298728,5.2729,60.4,2400033792,0x0
1786829655.461062408,5.3152,61.5,2400033792,0x0
1786829656.515074078,5.2018,60.9,2400020480,0x0
1786829657.569427449,5.6458,61.5,2400023808,0x0
1786829658.623419177,5.1972,62.0,2400023808,0x0
1786829659.676457489,5.0507,60.9,2400033792,0x0
1786829660.729476118,5.6728,60.4,2400033792,0x0
1786829661.783481460,5.4235,60.9,2400027136,0x0
1786829662.837067475,5.5773,59.8,2400030464,0x0
1786829663.889354226,5.2621,60.9,2400023808,0x0
1786829664.942227324,5.7901,60.4,2400030464,0x0
1786829665.995548993,5.6660,60.4,2400030464,0x0
1786829667.048886089,5.7930,60.9,2400020480,0x0
1786829668.101796006,5.2847,60.4,2400033792,0x0
1786829669.155177308,4.6421,60.4,2400023808,0x0
1786829670.208107579,4.4404,62.0,2400020480,0x0
1786829671.261639530,5.7566,62.0,2400030464,0x0
1786829672.315066594,5.1772,61.5,2400030464,0x0
1786829673.369996053,5.5044,60.9,2400027136,0x0
1786829674.423135789,5.8711,60.9,2400033792,0x0
1786829675.476489006,5.9059,60.9,2400033792,0x0
1786829676.529958261,5.0231,58.7,2400027136,0x0
1786829677.583117742,5.0755,62.0,2400033792,0x0
1786829678.636585035,5.6452,61.5,2400020480,0x0
1786829679.689815499,5.3367,60.4,2400023808,0x0
1786829680.742947095,5.8696,59.8,2400020480,0x0
1786829681.797650195,5.9127,60.4,2400030464,0x0
1786829682.850782905,5.6323,60.9,2400030464,0x0
1786829683.904121002,5.0016,60.4,2400027136,0x0
1786829684.958973845,5.8361,60.4,2400020480,0x0
1786829686.013405286,5.7416,61.5,2400023808,0x0
1786829687.067655582,5.2486,60.9,2400027136,0x0
1786829688.121939323,5.7149,60.9,2400030464,0x0
1786829689.175378796,5.3752,61.5,2400033792,0x0
1786829690.228481681,4.5812,60.4,2400033792,0x0
1786829691.281436476,5.7819,60.9,2400030464,0x0
1786829692.334944396,4.8151,59.8,2400033792,0x0
1786829693.387709640,5.4019,61.5,2400023808,0x0
1786829694.440535476,5.5031,59.8,2400023808,0x0
1786829695.493624293,5.0457,59.8,2400033792,0x0
1786829696.546887165,5.3358,61.5,2400030464,0x0
1786829697.600908457,5.9053,61.5,2400030464,0x0
1786829698.653652781,5.3383,59.3,2400027136,0x0
1786829699.707599612,4.5729,59.3,2400020480,0x0
1786829700.760778045,4.6057,60.9,2400027136,0x0
1786829701.814325420,5.1170,59.8,2400027136,0x0
1786829702.868750954,5.1832,60.4,2400023808,0x0
1786829703.921941558,5.7354,62.0,2400023808,0x0
1786829704.976509389,5.0722,60.9,2400030464,0x0
1786829706.029485719,5.2030,61.5,2400020480,0x0
1786829707.082934841,5.9021,59.8,2400027136,0x0
1786829708.135826415,5.8450,60.9,2400023808,0x0
1786829709.187839313,4.9995,60.4,2400027136,0x0
1786829710.241983988,4.9167,60.4,2400033792,0x0
1786829711.295001471,5.6920,61.5,2400027136,0x0
1786829712.347208797,4.9784,60.4,2400030464,0x0
1786829713.400403559,5.7900,59.8,2400030464,0x0
1786829714.454868902,5.8689,60.4,2400033792,0x0
1786829715.508077091,5.2282,60.4,2400023808,0x0
1786829716.663427892,5.5755,60.4,2400033792,0x0
1786829717.821295909,5.1021,58.7,2400020480,0x0
1786829718.875435001,4.4739,60.4,2400027136,0x0
1786829719.928677529,5.5965,60.9,2400023808,0x0
1786829720.983180600,4.5949,60.4,2400027136,0x0
1786829722.037211604,5.2792,60.4,2400027136,0x0
1786829723.090379302,5.7594,59.8,2400030464,0x0
1786829724.144083015,5.1990,60.4,2400030464,0x0
1786829725.197394547,5.8485,59.8,2400027136,0x0
1786829726.249523926,4.8890,60.9,2400020480,0x0
1786829727.302869756,5.3851,59.8,2400033792,0x0
1786829728.357026006,4.8812,60.4,2400033792,0x0
1786829729.411116980,5.1866,59.8,2400033792,0x0
1786829730.464775589,5.1324,59.8,2400030464,0x0
1786829731.518206367,5.3156,59.8,2400020480,0x0
1786829732.571115949,5.1933,60.4,2400030464,0x0
1786829733.625188242,5.8196,59.8,2400033792,0x0
1786829734.677736903,5.7397,59.8,2400023808,0x0
1786829735.730702302,5.7508,59.8,2400020480,0x0
1786829736.785021744,5.1842,59.8,2400030464,0x0
1786829737.837323429,5.3158,59.8,2400020480,0x0
1786829738.890884751,5.2149,60.9,2400023808,0x0
1786829739.948898864,5.2020,60.9,2400027136,0x0
1786829741.002167525,5.2361,60.4,2400030464,0x0
1786829742.054987617,5.4250,59.8,2400037120,0x0
1786829743.108855996,5.1631,60.9,2400030464,0x0
1786829744.162862523,5.7985,59.8,2400033792,0x0
1786829745.216066707,5.9219,62.0,2400027136,0x0
1786829746.269799665,5.8107,60.4,2400027136,0x0
1786829747.322703446,4.9431,59.8,2400023808,0x0
1786829748.376950586,5.3875,60.4,2400030464,0x0
1786829749.429568577,5.8043,59.8,2400033792,0x0
1786829750.482035255,5.1385,59.8,2400033792,0x0
1786829751.535224334,5.4070,60.4,2400030464,0x0
1786829752.588756449,4.6629,59.8,2400030464,0x0
1786829753.641109575,5.6543,60.4,2400030464,0x0
1786829754.695802014,5.6476,60.9,2400023808,0x0
1786829755.748717360,5.1871,61.5,2400030464,0x0
1786829756.801480004,5.0846,60.4,2400033792,0x0
1786829757.855289454,5.2327,60.4,2400023808,0x0
1786829758.909225682,5.4033,60.4,2400033792,0x0
1786829759.962365956,5.0985,60.9,2400030464,0x0
1786829761.015384213,5.6283,61.5,2400020480,0x0
1786829762.069446091,5.8448,60.9,2400023808,0x0
1786829763.122867606,5.1241,60.4,2400023808,0x0
1786829764.175092133,4.8095,60.4,2400033792,0x0
1786829765.227724306,5.8921,60.4,2400027136,0x0
1786829766.280665810,4.8992,60.4,2400020480,0x0
1786829767.334025052,5.8563,59.8,2400023808,0x0
1786829768.387073779,5.2761,60.9,2400020480,0x0
1786829769.440149081,4.9380,60.4,2400030464,0x0
1786829770.493237514,5.7666,60.4,2400020480,0x0
1786829771.547634101,5.1655,59.8,2400033792,0x0
1786829772.601994209,5.1133,59.8,2400033792,0x0
1786829773.655868470,5.8459,61.5,2400033792,0x0
1786829774.709715270,5.7223,60.4,2400023808,0x0
1786829775.763430183,5.1167,60.4,2400023808,0x0
1786829776.817667962,4.8604,60.4,2400020480,0x0
1786829777.870889253,4.4487,60.4,2400030464,0x0
1786829778.925356902,5.0442,60.9,2400020480,0x0
1786829779.979061597,5.0590,60.4,2400030464,0x0
1786829781.032077467,5.4790,58.7,2400020480,0x0
1786829782.085012338,5.3834,60.9,2400030464,0x0
1786829783.138155005,5.2735,59.3,2400020480,0x0
1786829784.192042239,5.8731,60.9,2400023808,0x0
1786829785.244613728,5.2902,60.9,2400030464,0x0
1786829786.297784453,5.0477,60.9,2400037120,0x0
1786829787.351614024,4.7120,59.8,2400030464,0x0
1786829788.405552503,5.5389,60.4,2400023808,0x0
1786829789.458406678,5.6473,59.8,2400033792,0x0
1786829790.612351296,5.5357,60.4,2400027136,0x0
1786829791.665216344,5.6555,60.9,2400033792,0x0
1786829792.718670090,5.5286,60.9,2400030464,0x0
1786829793.772821998,5.2074,60.9,2400023808,0x0
1786829794.825692752,6.1667,61.5,2400020480,0x0
1786829795.878906041,5.5856,60.9,2400023808,0x0
1786829796.931527244,5.6543,59.8,2400020480,0x0
1786829797.985538583,6.0537,60.4,2400033792,0x0
1786829799.038965613,5.6383,59.8,2400030464,0x0
1786829800.092686309,5.2919,59.8,2400020480,0x0
1786829801.146559466,5.4915,60.9,2400033792,0x0
1786829802.200122924,5.3406,60.9,2400030464,0x0
1786829803.253446201,5.3344,59.8,2400023808,0x0
1786829804.306480499,5.2527,59.3,2400023808,0x0
1786829805.359856610,5.9311,60.4,2400023808,0x0
1786829806.413848197,5.1504,61.5,2400027136,0x0
1786829807.466112654,5.3856,60.9,2400033792,0x0
1786829808.520573276,5.9321,60.9,2400023808,0x0
1786829809.574227499,4.4859,59.3,2400023808,0x0
1786829810.627072212,5.7926,60.4,2400023808,0x0
1786829811.680679438,5.1646,61.5,2400020480,0x0
1786829812.733987963,4.9780,60.4,2400023808,0x0
1786829813.787635801,4.4402,60.4,2400027136,0x0
1786829814.841141679,5.2432,60.4,2400023808,0x0
1786829815.895528660,5.1725,60.4,2400023808,0x0
1786829816.949327555,5.8865,59.8,2400023808,0x0
1786829818.002970767,5.9870,59.8,2400023808,0x0
1786829819.056568499,5.3900,60.4,2400023808,0x0
1786829820.110596710,5.3117,61.5,2400020480,0x0
1786829821.163513858,5.8814,59.8,2400030464,0x0
1786829822.217121333,5.2196,59.3,2400027136,0x0
1786829823.269963299,4.9792,58.7,2400027136,0x0
1786829824.323031467,6.3235,59.3,2400033792,0x0
1786829825.376897572,5.6477,59.8,2400033792,0x0
1786829826.428907104,5.2151,61.5,2400020480,0x0
1786829827.482170902,5.3225,60.9,2400027136,0x0
1786829828.535814661,5.0171,60.4,2400020480,0x0
1786829829.589758751,5.3275,60.4,2400030464,0x0
1786829830.643977524,5.6620,59.8,2400033792,0x0
1786829831.697105235,5.4223,60.9,2400020480,0x0
1786829832.750464166,4.9659,59.3,2400023808,0x0
1786829833.803386714,5.8810,59.8,2400023808,0x0
1786829834.857915710,5.2898,60.4,2400023808,0x0
1786829835.911606975,5.3784,60.9,2400030464,0x0
1786829836.965374443,5.7217,60.4,2400020480,0x0
1786829838.019246800,5.0856,60.4,2400023808,0x0
1786829839.071522489,5.8978,62.6,2400033792,0x0
1786829840.124518763,4.9218,59.3,2400033792,0x0
1786829841.177402651,5.8860,59.3,2400033792,0x0
1786829842.229842785,5.2374,59.8,2400020480,0x0
1786829843.284321696,5.1402,59.8,2400027136,0x0
1786829844.338246707,5.3316,60.4,2400023808,0x0
1786829845.391289115,5.7250,60.4,2400020480,0x0
1786829846.448016489,5.7232,60.9,2400030464,0x0
1786829847.501920520,5.7244,60.4,2400033792,0x0
1786829848.555787442,4.9053,60.9,2400020480,0x0
1786829849.609962028,5.0446,60.9,2400023808,0x0
1786829850.663734397,5.8128,59.8,2400033792,0x0
1786829851.717072678,5.2421,60.4,2400023808,0x0
1786829852.769955705,5.7414,61.5,2400030464,0x0
1786829853.823553634,5.1489,60.4,2400023808,0x0
1786829854.876923047,5.5492,60.4,2400027136,0x0
1786829855.929484043,5.2530,58.2,2400023808,0x0
1786829856.983482618,5.9863,58.7,2400030464,0x0
1786829858.037261308,5.8365,59.8,2400027136,0x0
1786829859.091156497,5.8704,60.9,2400023808,0x0
1786829860.145507128,5.4108,60.4,2400027136,0x0
1786829861.199665576,5.3046,60.9,2400020480,0x0
1786829862.253129142,4.9750,58.7,2400020480,0x0
1786829863.306003011,4.9628,62.0,2400033792,0x0
1786829864.360693216,5.6269,62.0,2400033792,0x0
1786829865.413013870,5.2227,59.8,2400023808,0x0
1786829866.466670512,5.3455,60.4,2400030464,0x0
1786829867.519589255,5.1896,60.9,2400020480,0x0
1786829868.572739959,5.6000,59.8,2400033792,0x0
1786829869.626216902,5.3916,59.8,2400027136,0x0
1786829870.679317423,5.5901,59.3,2400037120,0x0
1786829871.733982819,5.9484,60.4,2400027136,0x0
1786829872.788271942,5.8410,58.2,2400023808,0x0
1786829873.842318734,5.5665,60.4,2400023808,0x0
1786829874.896484470,5.8608,59.8,2400033792,0x0
1786829875.950065028,5.1576,59.8,2400027136,0x0
1786829877.004536375,5.6845,61.5,2400033792,0x0
1786829878.058276433,5.2712,59.8,2400027136,0x0
1786829879.112078213,5.9470,60.4,2400033792,0x0
1786829880.166041678,5.7527,59.3,2400033792,0x0
1786829881.219391094,5.9179,60.4,2400033792,0x0
1786829882.273082526,4.6366,60.4,2400030464,0x0
1786829883.326447907,5.8991,59.8,2400023808,0x0
1786829884.381925398,4.6747,58.7,2400030464,0x0
1786829885.435499222,5.8540,59.8,2400020480,0x0
1786829886.490051260,5.2320,60.9,2400020480,0x0
1786829887.544865649,4.7590,60.9,2400027136,0x0
1786829888.598958360,5.2814,62.6,2400027136,0x0
1786829889.652817203,5.1376,60.4,2400030464,0x0
1786829890.706119627,4.9521,60.4,2400033792,0x0
1786829891.759279461,5.6939,61.5,2400033792,0x0
1786829892.813502433,5.1302,59.8,2400030464,0x0
1786829893.866459992,5.1254,60.9,2400033792,0x0
1786829894.920314303,5.8028,60.4,2400023808,0x0
1786829895.974482019,5.2206,60.4,2400020480,0x0
1786829897.027506339,5.7527,61.5,2400030464,0x0
1786829898.081112303,4.7096,60.4,2400030464,0x0
1786829899.134467659,5.1706,60.4,2400027136,0x0
1786829900.188060754,5.4955,59.8,2400033792,0x0
1786829901.242513767,5.1627,60.9,2400027136,0x0
1786829902.296823079,5.0733,60.4,2400030464,0x0
1786829903.349779313,5.3235,60.4,2400033792,0x0
1786829904.404005331,5.8672,59.8,2400033792,0x0
1786829905.456846696,5.2873,60.4,2400023808,0x0
1786829906.509695822,5.1061,60.4,2400023808,0x0
1786829907.562896241,5.0049,60.9,2400020480,0x0
1786829908.617182261,5.6054,60.9,2400020480,0x0
1786829909.670555458,5.7293,60.4,2400030464,0x0
1786829910.724231412,5.1608,60.4,2400027136,0x0
1786829911.777391965,6.0838,59.8,2400023808,0x0
1786829912.829890487,5.0127,60.4,2400030464,0x0
1786829913.883163744,4.9200,61.5,2400033792,0x0
1786829914.937364918,5.9221,60.4,2400020480,0x0
1786829915.991688962,5.0654,60.4,2400033792,0x0
1786829917.046242505,5.8159,59.8,2400020480,0x0
1786829918.098678254,4.9854,59.8,2400033792,0x0
1786829919.151907793,5.2710,60.4,2400030464,0x0
1786829920.204754558,5.2888,60.4,2400027136,0x0
1786829921.257682693,6.0311,60.4,2400023808,0x0
1786829922.312014335,4.6082,59.8,2400023808,0x0
1786829923.364906787,6.0622,61.5,2400023808,0x0
1786829924.418032164,5.4752,60.4,2400027136,0x0
1786829925.471723462,5.0259,60.9,2400033792,0x0
1786829926.525019487,5.3899,59.8,2400033792,0x0
1786829927.577411280,5.8368,60.9,2400030464,0x0
1786829928.630541030,5.0825,60.4,2400027136,0x0
1786829929.685037286,5.4860,59.8,2400027136,0x0
1786829930.739397174,5.2858,58.7,2400027136,0x0
1786829931.793219475,5.6078,60.4,2400030464,0x0
1786829932.846622633,5.1517,60.4,2400033792,0x0
1786829933.900661638,5.9056,60.4,2400023808,0x0
1786829934.954875215,5.4577,59.8,2400030464,0x0
1786829936.008316838,5.0902,60.4,2400033792,0x0
1786829937.061852627,5.4673,60.4,2400027136,0x0
1786829938.215545305,5.6849,59.8,2400033792,0x0
1786829939.269089559,5.6763,61.5,2400027136,0x0
1786829940.322122707,6.0350,59.8,2400033792,0x0
1786829941.377709665,5.0989,60.4,2400030464,0x0
1786829942.431417826,5.5910,59.8,2400020480,0x0
1786829943.484894454,5.2834,59.8,2400033792,0x0
1786829944.537679107,5.3618,60.9,2400023808,0x0
1786829945.591099959,4.6194,59.3,2400020480,0x0
1786829946.644499867,5.2776,59.8,2400020480,0x0
1786829947.698393105,5.7820,62.6,2400020480,0x0
1786829948.751720182,5.9292,60.9,2400020480,0x0
1786829949.805737679,5.2248,60.4,2400023808,0x0
1786829950.858331450,5.2718,58.7,2400020480,0x0
1786829951.912077229,5.4814,61.5,2400033792,0x0
1786829952.965250977,5.2335,59.8,2400027136,0x0
1786829954.018057600,5.8522,60.4,2400033792,0x0
1786829955.070975833,4.9260,60.9,2400023808,0x0
1786829956.124485414,5.2129,60.4,2400027136,0x0
1786829957.178811543,5.8902,60.4,2400030464,0x0
1786829958.232550215,5.8945,60.4,2400023808,0x0
1786829959.286887123,5.6672,60.4,2400033792,0x0
1786829960.340939479,5.6754,60.4,2400023808,0x0
1786829961.394831800,5.8051,60.4,2400030464,0x0
1786829962.447862833,5.1583,60.4,2400033792,0x0
1786829963.501695286,5.2344,60.4,2400023808,0x0
1786829964.554840672,5.8969,60.9,2400030464,0x0
1786829965.610124760,4.5418,60.9,2400023808,0x0
1786829966.662426156,5.3502,59.8,2400023808,0x0
1786829967.715613173,5.2862,60.4,2400027136,0x0
1786829968.770271306,5.0576,59.8,2400023808,0x0
1786829969.823463862,5.8781,59.8,2400020480,0x0
1786829970.877469169,5.7648,60.4,2400020480,0x0
1786829971.932041176,4.8433,60.9,2400037120,0x0
1786829972.986552092,5.2768,60.9,2400030464,0x0
1786829974.040595271,5.0244,59.8,2400033792,0x0
1786829975.094692377,5.6798,61.5,2400027136,0x0
1786829976.147749809,5.0891,60.4,2400020480,0x0
1786829977.200821315,4.8772,60.9,2400030464,0x0
1786829978.253628343,5.8203,59.8,2400023808,0x0
1786829979.306797738,5.1898,60.9,2400033792,0x0
1786829980.360153114,5.1556,60.9,2400027136,0x0
1786829981.413203845,5.3982,60.4,2400030464,0x0
1786829982.465927302,4.9520,58.7,2400023808,0x0
1786829983.519295106,5.2797,59.8,2400033792,0x0
1786829984.572615966,5.2298,59.8,2400030464,0x0
1786829985.627739235,4.3073,59.3,2400030464,0x0
1786829986.681375112,5.1323,59.8,2400030464,0x0
1786829987.735190729,5.0041,61.5,2400033792,0x0
1786829988.789087901,5.1071,60.9,2400033792,0x0
1786829989.842850224,5.6198,59.8,2400023808,0x0
1786829990.897281726,5.7052,59.8,2400030464,0x0
1786829991.951277251,5.3157,60.4,2400030464,0x0
1786829993.004929761,5.7180,59.8,2400020480,0x0
1786829994.057763132,3.8796,61.5,2400023808,0x0
1786829995.111227035,5.0403,59.8,2400023808,0x0
1786829996.164459348,5.2318,62.0,2400023808,0x0
1786829997.217830104,5.2643,60.4,2400033792,0x0
1786829998.271009938,4.9439,60.9,2400023808,0x0
1786829999.323713924,5.1270,60.9,2400023808,0x0
1786830000.376863259,5.9323,60.9,2400027136,0x0
1786830001.430899531,5.8308,60.4,2400020480,0x0
1786830002.484104959,5.8371,60.4,2400020480,0x0
1786830003.538234712,5.9174,59.8,2400027136,0x0
1786830004.592035451,4.9727,60.4,2400020480,0x0
1786830005.645702543,4.9777,59.3,2400027136,0x0
1786830006.698726087,4.9988,58.7,2400027136,0x0
1786830007.751856926,5.8135,59.8,2400020480,0x0
1786830008.804625400,5.1576,60.4,2400030464,0x0
1786830009.857406966,6.0293,60.9,2400030464,0x0
1786830010.910943118,5.6109,59.8,2400027136,0x0
1786830011.962869639,5.8626,60.9,2400023808,0x0
1786830013.015591430,5.8217,59.8,2400023808,0x0
1786830014.068092520,5.3514,59.8,2400023808,0x0
1786830015.121325548,5.0719,60.4,2400033792,0x0
1786830016.174102378,5.1298,60.4,2400023808,0x0
1786830017.227213742,5.2778,59.8,2400023808,0x0
1786830018.280683714,5.1893,60.9,2400030464,0x0
1786830019.334384944,5.6203,59.8,2400020480,0x0
1786830020.387863899,5.7004,59.8,2400030464,0x0
1786830021.442364197,5.0150,60.4,2400020480,0x0
1786830022.496349408,5.0647,61.5,2400023808,0x0
1786830023.550083714,5.6771,59.8,2400027136,0x0
1786830024.603355507,4.9296,59.8,2400023808,0x0
1786830025.655949900,5.8993,60.4,2400033792,0x0
1786830026.709175768,5.0137,60.9,2400030464,0x0
1786830027.762472970,5.5680,59.3,2400020480,0x0
1786830028.815711173,5.8083,58.7,2400037120,0x0
1786830029.869929349,4.9516,59.8,2400020480,0x0
1786830030.923886694,5.1083,59.8,2400020480,0x0
1786830031.977476155,5.3097,59.8,2400023808,0x0
1786830033.131881819,4.9304,60.4,2400033792,0x0
1786830034.185326060,5.5876,59.8,2400030464,0x0
1786830035.238465953,5.7634,59.8,2400033792,0x0
1786830036.291575347,5.5664,59.8,2400027136,0x0
1786830037.343785065,5.3606,60.4,2400030464,0x0
1786830038.397118551,5.2887,58.2,2400023808,0x0
1786830039.450189632,4.8602,59.8,2400020480,0x0
1786830040.503972836,5.0798,60.9,2400023808,0x0
1786830041.556420814,4.4790,60.9,2400033792,0x0
1786830042.610364296,5.8371,60.4,2400023808,0x0
1786830043.663881394,5.7090,59.8,2400037120,0x0
1786830044.718192781,5.4070,59.8,2400023808,0x0
1786830045.771488104,5.0401,60.4,2400030464,0x0
1786830046.826173637,5.5456,59.8,2400030464,0x0
1786830047.881092224,5.6453,62.0,2400027136,0x0
1786830048.935437762,5.2483,59.8,2400030464,0x0
1786830049.989192268,5.7654,60.4,2400027136,0x0
1786830051.042804166,5.1088,60.4,2400030464,0x0
1786830052.096987114,5.1532,59.8,2400030464,0x0
1786830053.151453652,4.4990,60.4,2400027136,0x0
1786830054.205550399,4.5122,60.9,2400020480,0x0
1786830055.257994014,5.4658,59.8,2400027136,0x0
1786830056.311895578,5.2325,59.3,2400027136,0x0
1786830057.363606182,5.2734,59.8,2400033792,0x0
1786830058.417601673,5.8888,59.3,2400027136,0x0
1786830059.471653997,5.0608,59.8,2400030464,0x0
1786830060.525862412,4.5837,60.4,2400023808,0x0
1786830061.579165652,5.1346,61.5,2400020480,0x0
1786830062.632034637,5.3726,60.4,2400023808,0x0
1786830063.685591005,5.6498,60.4,2400033792,0x0
1786830064.739187910,5.6045,61.5,2400033792,0x0
1786830065.791798233,5.2967,59.8,2400033792,0x0
1786830066.844763071,5.6195,60.9,2400027136,0x0
1786830067.897856779,5.7492,59.8,2400030464,0x0
1786830068.951029302,5.6974,58.7,2400023808,0x0
1786830070.003986272,5.3248,60.4,2400020480,0x0
1786830071.057276387,5.3937,59.8,2400027136,0x0
1786830072.109914009,5.8784,60.4,2400027136,0x0
1786830073.163997951,5.3014,61.5,2400030464,0x0
1786830074.219928358,5.2819,61.5,2400027136,0x0
1786830075.274464223,5.8812,59.8,2400023808,0x0
1786830076.328392335,5.6517,61.5,2400020480,0x0
1786830077.382437983,5.2556,59.8,2400030464,0x0
1786830078.437260533,5.4797,60.4,2400030464,0x0
1786830079.489828456,5.0476,59.8,2400020480,0x0
1786830080.543261575,4.8709,59.8,2400030464,0x0
1786830081.599963441,5.1302,61.5,2400030464,0x0
1786830082.653086842,6.2663,59.8,2400023808,0x0
1786830083.706036023,5.3498,60.4,2400023808,0x0
1786830084.759859325,5.1548,58.7,2400027136,0x0
1786830085.812659749,4.4089,61.5,2400030464,0x0
1786830086.865909355,5.5016,61.5,2400030464,0x0
1786830087.920508504,5.2366,60.9,2400023808,0x0
1786830088.974565566,5.6145,59.8,2400023808,0x0
1786830090.028241391,5.6963,60.9,2400020480,0x0
1786830091.081345426,5.0434,60.9,2400027136,0x0
1786830092.134314297,4.5264,60.9,2400023808,0x0
1786830093.187334241,5.7297,60.4,2400020480,0x0
1786830094.242207520,5.1567,59.8,2400020480,0x0
1786830095.294980172,5.3821,60.9,2400023808,0x0
1786830096.348168283,5.7384,60.4,2400030464,0x0
1786830097.401536930,5.2963,61.5,2400020480,0x0
1786830098.454903133,5.1422,59.8,2400033792,0x0
1786830099.508268818,5.0451,60.9,2400023808,0x0
1786830100.562008834,4.9376,60.4,2400027136,0x0
1786830101.616807080,5.0156,59.8,2400030464,0x0
1786830102.670432616,5.3721,59.3,2400023808,0x0
1786830103.723609657,4.9533,61.5,2400027136,0x0
1786830104.777876966,5.3044,60.9,2400020480,0x0
1786830105.831327395,5.9749,60.4,2400027136,0x0
1786830106.885432354,5.7731,59.8,2400030464,0x0
1786830107.939996273,5.0178,59.8,2400027136,0x0
1786830108.992412213,5.1770,59.8,2400027136,0x0
1786830110.045817662,4.8418,60.9,2400020480,0x0
1786830111.099138428,4.5298,60.4,2400033792,0x0
1786830112.153256723,5.0429,59.3,2400030464,0x0
1786830113.206039939,5.2129,59.8,2400027136,0x0
1786830114.258897488,5.2602,60.9,2400023808,0x0
1786830115.310977194,5.8770,60.4,2400033792,0x0
1786830116.365514673,5.6967,58.7,2400023808,0x0
1786830117.419942431,5.7656,60.4,2400023808,0x0
1786830118.473035628,5.5767,62.0,2400023808,0x0
1786830119.526696209,5.4433,59.8,2400027136,0x0
1786830120.584884137,6.0234,61.5,2400020480,0x0
1786830121.638176630,5.2804,60.4,2400023808,0x0
1786830122.691296533,5.7330,60.4,2400023808,0x0
1786830123.744389177,5.1753,60.4,2400023808,0x0
1786830124.798546479,5.5973,60.4,2400027136,0x0
1786830125.852483838,5.8619,62.0,2400020480,0x0
1786830126.905480411,5.8076,59.8,2400027136,0x0
1786830127.958607094,4.4714,60.4,2400023808,0x0
1786830129.010696806,5.7011,59.8,2400033792,0x0
1786830130.055962602,5.4836,60.4,2400023808,0x0
1786830131.109359728,5.2633,60.4,2400027136,0x0
1786830132.162251934,5.0278,60.4,2400030464,0x0
1786830133.215129603,5.0422,59.8,2400027136,0x0
1786830134.268424825,4.9764,61.5,2400030464,0x0
1786830135.321524679,5.8262,60.4,2400030464,0x0
1786830136.374746531,5.2196,59.8,2400033792,0x0
1786830137.428122865,5.7355,61.5,2400023808,0x0
1786830138.481950398,5.7655,60.4,2400023808,0x0
1786830139.536566165,4.6525,61.5,2400023808,0x0
1786830140.589713965,5.6777,60.9,2400020480,0x0
1786830141.644164161,5.2796,60.9,2400030464,0x0
1786830142.697052483,6.3320,60.4,2400020480,0x0
1786830143.751509624,5.1678,60.4,2400027136,0x0
1786830144.804782702,5.3350,62.0,2400030464,0x0
1786830145.858709646,5.0151,59.8,2400027136,0x0
1786830146.913418823,5.4684,60.4,2400027136,0x0
1786830147.967240435,5.9309,60.9,2400027136,0x0
1786830149.021139324,5.7044,58.7,2400020480,0x0
1786830150.075754800,5.4656,59.8,2400027136,0x0
1786830151.129259509,5.2527,60.4,2400033792,0x0
1786830152.182552868,5.9054,59.8,2400020480,0x0
1786830153.236531574,5.0908,59.8,2400033792,0x0
1786830154.289125997,5.7552,61.5,2400023808,0x0
1786830155.342436413,5.4436,59.3,2400023808,0x0
1786830156.395179335,5.8136,60.4,2400027136,0x0
1786830157.448419865,4.9873,60.9,2400030464,0x0
1786830158.502115112,5.8031,60.4,2400030464,0x0
1786830159.556632408,5.8307,60.4,2400020480,0x0
1786830160.610871318,5.9610,59.8,2400030464,0x0
1786830161.665191895,5.7230,61.5,2400020480,0x0
1786830162.718526944,4.5165,60.4,2400020480,0x0
1786830163.772551468,5.3031,60.4,2400020480,0x0
1786830164.825327487,5.2080,60.4,2400030464,0x0
1786830165.879044867,5.5559,61.5,2400027136,0x0
1786830166.931156930,5.0131,60.4,2400023808,0x0
1786830167.984631388,5.8975,60.4,2400027136,0x0
1786830169.038947190,5.2075,61.5,2400033792,0x0
1786830170.091582842,5.6862,59.8,2400023808,0x0
1786830171.145600333,5.3415,60.4,2400033792,0x0
1786830172.199130736,5.2696,59.8,2400033792,0x0
1786830173.253082951,4.9843,60.4,2400020480,0x0
1786830174.306405839,5.3755,60.4,2400033792,0x0
1786830175.359944688,5.2137,59.3,2400033792,0x0
1786830176.413730165,5.9363,61.5,2400020480,0x0
1786830177.467092128,5.4418,60.4,2400020480,0x0
1786830178.520964642,5.7395,60.4,2400027136,0x0
1786830179.574442901,5.5635,60.9,2400023808,0x0
1786830180.627564479,5.1202,59.3,2400030464,0x0
1786830181.681049257,5.5325,60.9,2400027136,0x0
1786830182.734267743,5.0036,62.6,2400023808,0x0
1786830183.787305322,5.8224,60.4,2400030464,0x0
1786830184.841734686,5.2425,60.4,2400033792,0x0
1786830185.893888849,5.1854,60.4,2400023808,0x0
1786830186.947795607,5.3962,60.4,2400033792,0x0
1786830188.002645005,5.1944,59.8,2400027136,0x0
1786830189.057377608,5.2285,58.7,2400023808,0x0
1786830190.111551032,5.5205,59.3,2400023808,0x0
1786830191.165943065,5.8116,60.4,2400027136,0x0
1786830192.220025158,5.4420,60.9,2400030464,0x0
1786830193.273961715,4.8779,59.8,2400027136,0x0
1786830194.327349037,5.4092,59.8,2400030464,0x0
1786830195.381227317,5.1166,60.4,2400027136,0x0
1786830196.435488835,5.2655,60.9,2400027136,0x0
1786830197.489298358,5.3019,60.4,2400030464,0x0
1786830198.542853699,5.0815,59.8,2400030464,0x0
1786830199.595977396,5.3669,59.8,2400023808,0x0
1786830200.649977603,5.7994,59.8,2400030464,0x0
1786830201.702965692,5.6384,58.7,2400030464,0x0
1786830202.757417451,5.3071,60.9,2400030464,0x0
1786830203.811295198,5.2710,59.3,2400020480,0x0
1786830204.865132669,4.9433,59.3,2400027136,0x0
1786830205.920564291,4.9321,60.9,2400030464,0x0
1786830206.974196764,5.6486,59.8,2400033792,0x0
1786830208.027436556,5.9712,60.4,2400030464,0x0
1786830209.080706663,5.1825,60.4,2400027136,0x0
1786830210.134526728,4.7428,59.8,2400020480,0x0
1786830211.187690059,5.2899,59.8,2400027136,0x0
1786830212.242812668,5.3069,60.9,2400027136,0x0
1786830213.296395126,5.1005,59.3,2400020480,0x0
1786830214.349076722,4.8566,60.4,2400020480,0x0
1786830215.401754208,5.1995,61.5,2400027136,0x0
1786830216.455885884,5.3081,60.4,2400020480,0x0
1786830217.509187346,5.1238,62.0,2400020480,0x0
1786830218.563316948,5.2197,60.4,2400030464,0x0
1786830219.616345914,5.8908,60.4,2400027136,0x0
1786830220.669862764,5.9904,59.3,2400027136,0x0
1786830221.724606751,5.4360,59.8,2400030464,0x0
1786830222.777324998,5.2565,60.4,2400033792,0x0
1786830223.831002626,5.8984,60.4,2400023808,0x0
1786830224.885256304,5.3077,60.4,2400023808,0x0
1786830225.938496418,6.0720,60.4,2400027136,0x0
1786830226.991584571,5.3293,60.4,2400033792,0x0
1786830228.044324302,5.8964,60.4,2400033792,0x0
1786830229.097671787,5.6903,60.4,2400030464,0x0
1786830230.150688312,5.4995,62.6,2400030464,0x0
1786830231.204098945,5.4052,60.4,2400033792,0x0
1786830232.257299044,5.5450,60.4,2400023808,0x0
1786830233.311126377,5.2288,61.5,2400030464,0x0
1786830234.364489383,5.2467,60.4,2400030464,0x0
1786830235.417550539,4.9911,59.8,2400023808,0x0
1786830236.470488623,5.7889,60.4,2400027136,0x0
1786830237.524479994,5.3062,60.9,2400027136,0x0
1786830238.577173230,5.1348,61.5,2400027136,0x0
1786830239.630516533,5.8366,61.5,2400023808,0x0
1786830240.683144492,5.2346,60.4,2400020480,0x0
1786830241.736118652,5.3751,61.5,2400020480,0x0
1786830242.788870592,4.6659,60.4,2400020480,0x0
1786830243.842630635,5.1378,60.4,2400027136,0x0
1786830244.895160633,5.3198,59.3,2400027136,0x0
1786830245.949239025,5.2246,60.4,2400027136,0x0
1786830247.003190252,5.3173,60.4,2400030464,0x0
1786830248.056707853,5.0618,62.0,2400033792,0x0
1786830249.110709914,5.8523,60.9,2400027136,0x0
1786830250.165293765,4.7268,58.7,2400027136,0x0
1786830251.219142587,5.1334,60.9,2400033792,0x0
1786830252.272062585,5.4294,59.3,2400030464,0x0
1786830253.325635207,5.1148,61.5,2400027136,0x0
1786830254.379489271,5.2363,59.8,2400030464,0x0
1786830255.433411112,5.7410,58.7,2400027136,0x0
1786830256.486174613,5.1040,60.9,2400033792,0x0
1786830257.539051706,5.3155,60.9,2400027136,0x0
1786830258.591912188,5.5887,58.7,2400027136,0x0
1786830259.646446747,5.7528,58.7,2400023808,0x0
1786830260.700379313,5.8185,60.4,2400033792,0x0
1786830261.754088881,6.0332,60.4,2400023808,0x0
1786830262.808899790,4.9871,60.4,2400027136,0x0
1786830263.863279686,5.0402,61.5,2400020480,0x0
1786830264.916657518,4.5596,59.8,2400030464,0x0
1786830265.971112228,5.8134,59.8,2400027136,0x0
1786830267.024605763,5.6857,59.8,2400020480,0x0
1786830268.076889940,5.4535,59.8,2400023808,0x0
1786830269.130433975,5.1056,60.4,2400027136,0x0
1786830270.184562690,5.6224,60.4,2400027136,0x0
1786830271.239803543,5.7474,59.8,2400033792,0x0
1786830272.291957963,5.5586,60.4,2400030464,0x0
1786830273.346669322,5.3487,60.4,2400033792,0x0
1786830274.400690485,5.3242,59.8,2400020480,0x0
1786830275.454142116,5.0952,59.3,2400027136,0x0
1786830276.507348620,5.3761,59.8,2400023808,0x0
1786830277.561038545,5.1081,59.8,2400020480,0x0
1786830278.614490641,5.7140,60.9,2400027136,0x0
1786830279.668006495,5.1671,59.8,2400033792,0x0
1786830280.725190944,4.4950,61.5,2400030464,0x0
1786830281.778526005,5.4624,60.4,2400027136,0x0
1786830282.832089359,5.0409,60.4,2400020480,0x0
1786830283.884851833,5.9368,60.4,2400030464,0x0
1786830284.939540345,4.6154,60.4,2400030464,0x0
1786830285.992560261,6.0074,60.4,2400030464,0x0
1786830287.045681048,5.6243,59.3,2400037120,0x0
1786830288.098854668,5.0835,60.4,2400027136,0x0
1786830289.153615365,5.1963,59.8,2400033792,0x0
1786830290.206947280,5.3526,59.8,2400020480,0x0
1786830291.260802024,5.7287,59.8,2400030464,0x0
1786830292.314924340,5.6236,59.8,2400033792,0x0
1786830293.368574568,5.3706,60.4,2400027136,0x0
1786830294.421860337,5.7415,60.4,2400020480,0x0
1786830295.475787638,5.9227,59.8,2400033792,0x0
1786830296.530970186,5.2108,61.5,2400023808,0x0
1786830297.583984218,5.0653,58.7,2400027136,0x0
1786830298.637290618,5.4487,59.8,2400027136,0x0
1786830299.692787090,5.4866,59.8,2400027136,0x0
1786830300.847825677,5.9090,59.8,2400020480,0x0
1786830301.902490751,5.3121,60.4,2400027136,0x0
1786830302.956726754,5.4554,60.4,2400020480,0x0
1786830304.011292792,5.3896,60.4,2400020480,0x0
1786830305.065466353,5.0943,61.5,2400023808,0x0
1786830306.119601285,5.0813,61.5,2400027136,0x0
1786830307.173292832,5.8757,59.8,2400023808,0x0
1786830308.226842344,5.0228,59.8,2400023808,0x0
1786830309.280574429,4.9781,59.8,2400033792,0x0
1786830310.333814778,5.4714,59.8,2400020480,0x0
1786830311.387261755,5.0968,60.9,2400033792,0x0
1786830312.440594807,5.9316,59.8,2400023808,0x0
1786830313.493560086,5.4027,59.8,2400023808,0x0
1786830314.546666437,5.4862,61.5,2400030464,0x0
1786830315.599346256,5.2822,60.4,2400027136,0x0
1786830316.651701764,5.7007,61.5,2400030464,0x0
1786830317.705712923,5.9216,60.4,2400033792,0x0
1786830318.760004042,5.7008,59.3,2400030464,0x0
1786830319.814033572,5.7327,60.9,2400030464,0x0
1786830320.868850595,5.3052,60.4,2400030464,0x0
1786830321.923191271,4.4733,60.4,2400023808,0x0
1786830322.975938481,4.8929,60.4,2400030464,0x0
1786830324.029038447,5.9231,59.3,2400030464,0x0
1786830325.083253291,5.6373,60.4,2400030464,0x0
1786830326.136724977,5.5144,59.8,2400020480,0x0
1786830327.189401466,5.3937,59.8,2400030464,0x0
1786830328.242269454,5.6959,59.8,2400023808,0x0
1786830329.295523439,4.6971,59.8,2400020480,0x0
1786830330.349915302,5.6545,60.9,2400027136,0x0
1786830331.404128631,5.2421,59.8,2400033792,0x0
1786830332.457450801,5.0117,60.9,2400030464,0x0
1786830333.510991229,5.0650,60.4,2400023808,0x0
1786830334.564345511,5.2824,60.4,2400020480,0x0
1786830335.617071669,5.1238,60.4,2400020480,0x0
1786830336.670826726,5.8704,60.4,2400020480,0x0
1786830337.724877298,5.0455,60.4,2400020480,0x0
1786830338.777476403,5.3878,60.4,2400023808,0x0
1786830339.832328654,5.9343,59.3,2400023808,0x0
1786830340.885508958,5.1253,60.4,2400020480,0x0
1786830341.938220748,5.7597,60.4,2400030464,0x0
1786830342.993523644,4.9494,61.5,2400020480,0x0
1786830344.047513275,5.2465,61.5,2400030464,0x0
1786830345.100309973,5.2528,59.8,2400033792,0x0
1786830346.154945228,5.0637,60.4,2400030464,0x0
1786830347.208518975,5.5822,60.9,2400023808,0x0
1786830348.262450848,3.3576,60.4,2400033792,0x0
1786830349.316753403,5.8694,59.8,2400030464,0x0
1786830350.371719157,5.4310,60.4,2400023808,0x0
1786830351.425966102,5.2474,59.8,2400030464,0x0
1786830352.478721043,4.6628,61.5,2400030464,0x0
1786830353.531269931,5.2033,60.4,2400020480,0x0
1786830354.585082900,5.0584,60.4,2400020480,0x0
1786830355.638933758,5.6373,60.4,2400030464,0x0
1786830356.690933653,5.0987,60.4,2400027136,0x0
1786830357.744116962,5.5465,59.8,2400020480,0x0
1786830358.797842248,5.3783,60.4,2400030464,0x0
1786830359.851599367,6.1758,60.4,2400027136,0x0
1786830360.906277034,5.8413,62.6,2400027136,0x0
1786830361.959484937,5.3420,60.4,2400033792,0x0
1786830363.013439537,5.2843,59.8,2400023808,0x0
1786830364.066889994,5.1967,61.5,2400027136,0x0
1786830365.119888751,5.9110,60.4,2400027136,0x0
1786830366.173406986,5.5915,60.4,2400023808,0x0
1786830367.226213691,5.3118,60.4,2400023808,0x0
1786830368.279148135,5.8302,61.5,2400033792,0x0
1786830369.332237930,6.0374,60.9,2400033792,0x0
1786830370.384932396,3.5660,60.9,2400020480,0x0
1786830371.438067507,5.1308,60.9,2400027136,0x0
1786830372.489946925,6.0568,60.4,2400030464,0x0
1786830373.544493912,4.9370,60.4,2400037120,0x0
1786830374.598976899,5.5038,59.8,2400027136,0x0
1786830375.653214371,4.6739,59.8,2400020480,0x0
1786830376.706386352,5.2278,59.8,2400020480,0x0
1786830377.761054413,4.9670,60.9,2400033792,0x0
1786830378.814831149,5.9066,60.9,2400020480,0x0
1786830379.868163538,4.9485,60.4,2400033792,0x0
1786830380.920861840,5.5960,61.5,2400023808,0x0
1786830381.974896501,5.8991,60.4,2400027136,0x0
1786830383.028959754,5.0482,60.9,2400030464,0x0
1786830384.082268570,5.7078,60.4,2400027136,0x0
1786830385.135309277,4.4867,60.9,2400027136,0x0
1786830386.188264857,5.9112,59.8,2400027136,0x0
1786830387.241647395,5.3462,59.8,2400023808,0x0
1786830388.294587827,5.9100,60.4,2400033792,0x0
1786830389.348023255,5.9853,59.8,2400030464,0x0
1786830390.402941002,6.0368,60.4,2400020480,0x0
1786830391.457252533,6.0285,59.8,2400023808,0x0
1786830392.510010838,6.0524,61.5,2400020480,0x0
1786830393.563140214,4.8932,60.4,2400020480,0x0
1786830394.616069129,3.5468,60.4,2400027136,0x0
1786830395.670357069,5.7386,59.3,2400023808,0x0
1786830396.722497659,5.1845,60.4,2400033792,0x0
1786830397.776300993,5.8319,61.5,2400033792,0x0
1786830398.829331409,4.5854,60.4,2400023808,0x0
1786830399.883147873,5.9267,59.8,2400023808,0x0
1786830400.936488545,5.1561,60.4,2400033792,0x0
1786830401.990064975,5.4787,60.9,2400027136,0x0
1786830403.044006105,5.1732,60.4,2400023808,0x0
1786830404.097172984,5.1742,62.0,2400020480,0x0
1786830405.150361937,5.2259,60.4,2400030464,0x0
1786830406.203638945,4.7866,59.8,2400030464,0x0
1786830407.256269256,5.1116,60.4,2400030464,0x0
1786830408.310001815,5.5866,59.8,2400027136,0x0
1786830409.363934725,5.2147,60.9,2400023808,0x0
1786830410.417292752,4.4872,61.5,2400030464,0x0
1786830411.470143247,5.8191,61.5,2400027136,0x0
1786830412.523249647,5.2121,60.4,2400027136,0x0
1786830413.575909385,5.7924,61.5,2400030464,0x0
1786830414.628744677,5.1766,60.9,2400030464,0x0
1786830415.681213140,4.7736,61.5,2400030464,0x0
1786830416.735235348,5.5058,61.5,2400027136,0x0
1786830417.789044817,4.9925,61.5,2400033792,0x0
1786830418.843149302,5.6897,60.4,2400020480,0x0
1786830419.900550108,5.8273,59.3,2400020480,0x0
1786830420.954936961,5.8613,58.7,2400027136,0x0
1786830422.009500684,5.7319,60.4,2400020480,0x0
1786830423.061965260,5.0899,60.4,2400023808,0x0
1786830424.114878183,5.1384,58.7,2400030464,0x0
1786830425.167591702,4.8911,60.4,2400020480,0x0
1786830426.222146000,5.3480,61.5,2400020480,0x0
1786830427.275869861,5.9138,59.8,2400030464,0x0
1786830428.328437696,5.2520,60.4,2400030464,0x0
1786830429.381216919,5.1827,60.4,2400027136,0x0
1786830430.434318065,4.7526,60.4,2400030464,0x0
1786830431.486929864,5.3886,59.8,2400037120,0x0
1786830432.540411581,5.7974,59.8,2400023808,0x0
1786830433.595115990,5.6924,61.5,2400027136,0x0
1786830434.647657735,5.4730,60.4,2400020480,0x0
1786830435.700852326,5.3675,59.8,2400027136,0x0
1786830436.753666587,4.8812,60.4,2400020480,0x0
1786830437.807455340,5.7313,60.4,2400030464,0x0
1786830438.861563145,4.1778,60.4,2400030464,0x0
1786830439.914519480,5.7623,59.8,2400033792,0x0
1786830440.968771710,5.6614,59.8,2400030464,0x0
1786830442.021101126,5.6548,60.4,2400020480,0x0
1786830443.074028036,5.7117,60.4,2400027136,0x0
1786830444.127574366,5.2763,60.4,2400033792,0x0
1786830445.181447657,5.2427,59.8,2400033792,0x0
1786830446.235455521,5.0583,60.4,2400030464,0x0
1786830447.288646744,5.3206,60.4,2400027136,0x0
1786830448.342106762,5.1031,60.4,2400023808,0x0
1786830449.396026164,5.6281,61.5,2400033792,0x0
1786830450.449001668,5.7359,61.5,2400033792,0x0
1786830451.502771869,5.0549,60.9,2400033792,0x0
1786830452.556744031,5.2520,59.8,2400033792,0x0
1786830453.609632240,5.6152,59.8,2400023808,0x0
1786830454.663331313,5.1549,61.5,2400023808,0x0
1786830455.716331448,5.4220,59.3,2400023808,0x0
1786830456.769592821,5.2156,59.8,2400030464,0x0
1786830457.822956676,5.6036,60.4,2400030464,0x0
1786830458.876265956,5.1834,60.4,2400027136,0x0
1786830459.929040076,5.8028,60.4,2400020480,0x0
1786830460.982984426,5.8004,60.9,2400027136,0x0
1786830462.037266291,5.6305,61.5,2400020480,0x0
1786830463.090874089,5.7031,60.9,2400030464,0x0
1786830464.144836957,5.2463,60.4,2400020480,0x0
1786830465.197782466,5.7782,59.8,2400027136,0x0
1786830466.251469708,5.8140,60.4,2400023808,0x0
1786830467.305397541,5.7771,60.4,2400030464,0x0
1786830468.358911766,5.1613,59.8,2400030464,0x0
1786830469.411812072,6.0128,59.8,2400020480,0x0
1786830470.465297188,5.3414,59.8,2400020480,0x0
1786830471.517971459,5.6697,59.8,2400023808,0x0
1786830472.572112995,4.8282,60.9,2400033792,0x0
1786830473.625341984,5.7433,59.8,2400030464,0x0
1786830474.679797536,5.6343,61.5,2400023808,0x0
1786830475.733462003,5.2877,60.4,2400030464,0x0
1786830476.786954806,5.3296,59.8,2400027136,0x0
1786830477.840023908,5.0119,59.8,2400033792,0x0
1786830478.893402675,5.3728,60.9,2400027136,0x0
1786830479.946927385,5.8906,60.9,2400030464,0x0
1786830481.000519502,5.7711,59.8,2400020480,0x0
1786830482.052870557,5.3533,60.4,2400033792,0x0
1786830483.105562683,5.1224,60.4,2400023808,0x0
1786830484.158323346,5.3956,59.8,2400030464,0x0
1786830485.211664300,5.6924,59.8,2400023808,0x0
1786830486.263518305,5.3324,59.3,2400027136,0x0
1786830487.316347264,5.1244,60.9,2400023808,0x0
1786830488.369110558,5.8087,61.5,2400033792,0x0
1786830489.423543428,5.5419,60.9,2400020480,0x0
1786830490.478023650,5.9143,60.9,2400027136,0x0
1786830491.532326522,5.9085,59.8,2400033792,0x0
1786830492.586845356,5.1893,60.4,2400023808,0x0
1786830493.640236163,5.7073,58.7,2400030464,0x0
1786830494.693296122,5.1466,60.4,2400027136,0x0
1786830495.746455117,5.8231,59.3,2400023808,0x0
1786830496.799935443,5.3565,60.9,2400030464,0x0
1786830497.852093466,5.2509,60.9,2400027136,0x0
1786830498.905031075,5.1261,60.4,2400030464,0x0
1786830499.958102035,5.0264,61.5,2400023808,0x0
1786830501.011306086,5.2366,60.4,2400020480,0x0
1786830502.064745321,5.8771,60.4,2400033792,0x0
1786830503.117567099,5.8939,60.4,2400027136,0x0
1786830504.171471293,5.5000,59.8,2400020480,0x0
1786830505.224768844,4.9269,59.8,2400023808,0x0
1786830506.277998675,4.9389,62.0,2400030464,0x0
1786830507.331008100,5.1963,60.4,2400023808,0x0
1786830508.383993210,5.6955,62.6,2400020480,0x0
1786830509.436996525,5.3850,59.3,2400033792,0x0
1786830510.489519993,5.7857,59.8,2400027136,0x0
1786830511.542365568,5.6270,60.4,2400033792,0x0
1786830512.595568141,4.9575,60.4,2400027136,0x0
1786830513.648351033,6.0530,59.8,2400023808,0x0
1786830514.700561782,4.7824,60.4,2400027136,0x0
1786830515.753265989,5.7593,60.9,2400033792,0x0
1786830516.807212723,5.6607,61.5,2400030464,0x0
1786830517.861745488,5.1845,60.9,2400030464,0x0
1786830518.915777665,5.1194,59.8,2400020480,0x0
1786830519.969965897,5.9123,60.9,2400027136,0x0
1786830521.023585671,5.7264,61.5,2400023808,0x0
1786830522.077597609,5.0701,60.4,2400030464,0x0
1786830523.131350864,5.0167,60.4,2400020480,0x0
1786830524.184220072,4.8556,60.4,2400030464,0x0
1786830525.237307445,5.5148,62.6,2400023808,0x0
1786830526.292340967,5.1500,59.8,2400033792,0x0
1786830527.345239064,5.6435,61.5,2400030464,0x0
1786830528.399254225,5.2920,59.8,2400020480,0x0
1786830529.452381636,5.8557,58.7,2400030464,0x0
1786830530.506466482,5.3052,60.4,2400027136,0x0
1786830531.558651846,5.1169,59.8,2400020480,0x0
1786830532.613255892,5.2485,59.8,2400033792,0x0
1786830533.667524255,5.1771,59.8,2400027136,0x0
1786830534.721422641,5.0148,60.4,2400027136,0x0
1786830535.775342546,5.5151,59.8,2400033792,0x0
1786830536.829082230,5.2617,60.4,2400027136,0x0
1786830537.881937830,5.6856,60.4,2400030464,0x0
1786830538.936484748,4.9291,61.5,2400027136,0x0
1786830539.990623725,4.9489,59.3,2400023808,0x0
1786830541.043932340,6.0480,60.4,2400030464,0x0
1786830542.097995245,5.1738,60.9,2400030464,0x0
1786830543.150873957,5.7160,60.9,2400030464,0x0
1786830544.203740910,5.0204,59.3,2400023808,0x0
1786830545.257650002,4.9964,59.8,2400033792,0x0
1786830546.310278587,4.4347,58.7,2400027136,0x0
1786830547.364633768,4.7649,61.5,2400030464,0x0
1786830548.418993912,5.2665,59.8,2400020480,0x0
1786830549.473382667,5.2399,60.4,2400027136,0x0
1786830550.527296778,5.8811,58.7,2400023808,0x0
1786830551.580570025,5.9450,60.4,2400023808,0x0
1786830552.634634376,4.7719,60.9,2400023808,0x0
1786830553.687925772,5.2540,60.4,2400023808,0x0
1786830554.741186131,5.1698,60.4,2400027136,0x0
1786830555.794099827,5.1915,60.4,2400027136,0x0
1786830556.847331909,5.2605,60.4,2400020480,0x0
1786830557.900215439,5.1874,60.4,2400027136,0x0
1786830558.954717991,5.0452,61.5,2400033792,0x0
1786830560.007047786,5.7795,61.5,2400020480,0x0
1786830561.061201824,5.7781,60.9,2400027136,0x0
1786830562.115482490,5.5800,60.4,2400020480,0x0
1786830563.169186606,5.8304,60.4,2400027136,0x0
1786830564.223350329,5.5353,60.9,2400033792,0x0
1786830565.276678282,5.3574,60.4,2400030464,0x0
1786830566.329870255,4.9596,61.5,2400023808,0x0
1786830567.383472262,5.7871,60.4,2400023808,0x0
1786830568.436675588,5.0110,59.8,2400020480,0x0
1786830569.488973700,5.3747,60.4,2400023808,0x0
1786830570.542513189,4.4807,61.5,2400023808,0x0
1786830571.596152881,5.1394,59.8,2400027136,0x0
1786830572.648550271,5.3706,60.4,2400033792,0x0
1786830573.700994475,5.6698,60.4,2400027136,0x0
1786830574.754623576,5.2950,60.4,2400033792,0x0
1786830575.807998142,5.1119,60.9,2400020480,0x0
1786830576.861019434,5.1752,60.4,2400033792,0x0
1786830577.913990874,4.8763,60.4,2400033792,0x0
1786830578.967327867,5.4141,59.8,2400023808,0x0
1786830580.020082422,5.8208,60.4,2400023808,0x0
1786830581.073179936,5.0774,60.9,2400030464,0x0
1786830582.129070924,5.1377,59.3,2400020480,0x0
1786830583.181907700,5.7730,59.8,2400020480,0x0
1786830584.235488711,4.9259,60.4,2400030464,0x0
1786830585.288411876,5.7446,58.7,2400023808,0x0
1786830586.342553807,5.1307,61.5,2400020480,0x0
1786830587.396623054,5.8032,61.5,2400023808,0x0
1786830588.447612904,3.2445,61.5,2400020480,0x0
1786830589.500026130,5.5005,60.4,2400033792,0x0
1786830590.553503865,5.0859,60.4,2400033792,0x0
1786830591.607560317,5.8296,60.9,2400020480,0x0
1786830592.661851433,5.8289,59.3,2400027136,0x0
1786830593.715518112,5.5655,60.4,2400027136,0x0
1786830594.768357279,5.2974,60.4,2400020480,0x0
1786830595.821085114,5.3333,59.8,2400030464,0x0
1786830596.874264724,5.7402,59.3,2400020480,0x0
1786830597.928251251,5.6798,61.5,2400027136,0x0
1786830598.981224678,5.8727,59.8,2400033792,0x0
1786830600.034504768,5.1237,59.3,2400033792,0x0
1786830601.087558009,5.9510,59.8,2400020480,0x0
1786830602.139524445,5.4417,60.4,2400027136,0x0
1786830603.192587797,5.3432,59.8,2400030464,0x0
1786830604.246050998,5.4317,60.9,2400033792,0x0
1786830605.299404348,5.1464,59.8,2400023808,0x0
1786830606.353320822,4.6268,61.5,2400023808,0x0
1786830607.406278991,4.5437,60.9,2400020480,0x0
1786830608.460009801,4.5992,60.4,2400020480,0x0
1786830609.512930193,5.6803,59.8,2400020480,0x0
1786830610.566397654,5.9370,61.5,2400023808,0x0
1786830611.620781403,4.2485,61.5,2400023808,0x0
1786830612.673936274,5.9208,61.5,2400030464,0x0
1786830613.726759149,5.3462,59.8,2400020480,0x0
1786830614.779170584,5.7508,61.5,2400030464,0x0
1786830615.832442640,5.2340,61.5,2400023808,0x0
1786830616.884846464,5.4236,59.3,2400030464,0x0
1786830617.938164039,5.3347,58.7,2400030464,0x0
1786830618.991553465,5.4138,60.4,2400023808,0x0
1786830620.045382665,5.3267,59.8,2400030464,0x0
1786830621.098122191,5.7627,60.4,2400030464,0x0
1786830622.151446636,5.7101,60.9,2400027136,0x0
1786830623.205027191,5.2039,60.4,2400030464,0x0
1786830624.258254639,5.3198,60.4,2400023808,0x0
1786830625.311027942,5.1254,62.0,2400030464,0x0
1786830626.364408851,5.1945,59.8,2400023808,0x0
1786830627.418384144,5.2953,60.9,2400033792,0x0
1786830628.471600148,5.0237,60.4,2400030464,0x0
1786830629.524050770,5.3111,61.5,2400027136,0x0
1786830630.577987026,4.4015,60.4,2400023808,0x0
1786830631.630195707,5.8406,59.8,2400020480,0x0
1786830632.682804920,5.2571,60.4,2400033792,0x0
1786830633.739676946,5.6858,60.9,2400030464,0x0
1786830634.793290947,4.9174,59.8,2400030464,0x0
1786830635.847487128,5.2497,59.3,2400023808,0x0
1786830636.901202073,4.9428,60.4,2400030464,0x0
1786830637.954774020,5.0230,59.8,2400030464,0x0
1786830639.008764166,5.8269,59.3,2400030464,0x0
1786830640.062704573,4.9637,61.5,2400027136,0x0
1786830641.115046864,5.2318,60.9,2400033792,0x0
1786830642.168905642,4.9052,61.5,2400027136,0x0
1786830643.221801170,5.7382,58.7,2400027136,0x0
1786830644.280327016,5.3082,59.8,2400030464,0x0
1786830645.333515171,5.9162,60.9,2400027136,0x0
1786830646.388279978,5.6045,60.9,2400027136,0x0
1786830647.442433439,6.1422,60.4,2400037120,0x0
1786830648.497294561,5.0305,60.4,2400020480,0x0
1786830649.550391847,5.3943,59.8,2400023808,0x0
1786830650.603909778,5.3819,59.8,2400020480,0x0
1786830651.658523847,5.9148,60.9,2400027136,0x0
1786830652.711975482,5.3715,60.4,2400033792,0x0
1786830653.765339970,5.1857,59.8,2400027136,0x0
1786830654.818175686,5.8860,60.4,2400023808,0x0
1786830655.871472286,5.5692,60.4,2400030464,0x0
1786830656.924767294,4.3527,60.9,2400030464,0x0
1786830657.977375661,5.4411,60.9,2400027136,0x0
1786830659.030166711,5.8773,59.8,2400020480,0x0
1786830660.082794688,5.7264,60.4,2400030464,0x0
1786830661.135896884,6.2716,58.2,2400037120,0x0
1786830662.190133921,6.1149,61.5,2400030464,0x0
1786830663.244149294,5.6674,60.4,2400033792,0x0
1786830664.298743180,5.9257,59.3,2400027136,0x0
1786830665.352384204,5.0583,60.4,2400023808,0x0
1786830666.406920388,5.1474,59.8,2400030464,0x0
1786830667.459745031,4.9040,60.4,2400030464,0x0
1786830668.513108467,5.8704,59.8,2400033792,0x0
1786830669.566538438,5.3156,60.4,2400020480,0x0
1786830670.619115344,5.7352,59.8,2400023808,0x0
1786830671.672561946,5.1292,60.4,2400033792,0x0
1786830672.725447775,5.7782,60.4,2400027136,0x0
1786830673.777854794,5.0391,60.4,2400030464,0x0
1786830674.831315174,5.5586,59.8,2400030464,0x0
1786830675.884776906,5.1964,60.4,2400027136,0x0
1786830676.938250601,5.5478,60.4,2400027136,0x0
1786830677.992416437,5.2289,60.9,2400030464,0x0
1786830679.045706708,5.2125,59.8,2400033792,0x0
1786830680.098389782,5.1124,59.8,2400027136,0x0
1786830681.152241400,5.9457,60.4,2400033792,0x0
1786830682.205696540,5.2336,60.4,2400027136,0x0
1786830683.260402835,5.3120,60.4,2400033792,0x0
1786830684.313203593,5.6264,60.9,2400027136,0x0
1786830685.366756400,4.9638,60.9,2400023808,0x0
1786830686.419516307,5.6971,59.8,2400027136,0x0
1786830687.474383101,4.3677,60.9,2400023808,0x0
1786830688.527356525,5.4763,59.8,2400023808,0x0
1786830689.581162737,5.6922,60.4,2400033792,0x0
1786830690.634980190,5.0488,60.9,2400020480,0x0
1786830691.688596942,6.0211,61.5,2400027136,0x0
1786830692.741480756,5.9758,61.5,2400023808,0x0
1786830693.795547078,6.0337,60.4,2400023808,0x0
1786830694.849507734,5.4454,61.5,2400023808,0x0
1786830695.903429446,5.4017,61.5,2400030464,0x0
1786830696.956977681,5.7098,61.5,2400033792,0x0
1786830698.010398509,5.2887,59.8,2400020480,0x0
1786830699.064158668,5.0867,60.4,2400020480,0x0
1786830700.117186019,5.4239,60.4,2400027136,0x0
1786830701.170356368,5.0562,62.0,2400033792,0x0
1786830702.224570598,5.2734,60.9,2400033792,0x0
1786830703.277165879,5.9788,60.9,2400027136,0x0
1786830704.322995835,5.2308,59.8,2400023808,0x0
1786830705.375766319,5.0585,58.7,2400020480,0x0
1786830706.429163630,4.9650,59.8,2400020480,0x0
1786830707.482428369,4.9899,59.3,2400033792,0x0
1786830708.536020105,5.7757,60.4,2400027136,0x0
1786830709.589304677,5.8121,60.4,2400030464,0x0
1786830710.642959746,4.7921,61.5,2400030464,0x0
1786830711.695460326,4.8505,59.8,2400020480,0x0
1786830712.749222987,5.9289,60.4,2400033792,0x0
1786830713.802705373,5.1549,60.4,2400033792,0x0
1786830714.855236490,5.5299,60.9,2400020480,0x0
1786830715.908292602,4.9558,61.5,2400033792,0x0
1786830716.962147263,4.9081,60.4,2400027136,0x0
1786830718.014885860,5.5666,60.4,2400027136,0x0
1786830719.068580930,5.5666,60.4,2400020480,0x0
1786830720.122837439,5.9251,60.9,2400020480,0x0
1786830721.177062208,5.8476,60.9,2400020480,0x0
1786830722.231644381,5.9137,59.3,2400020480,0x0
1786830723.286182814,5.2326,60.9,2400033792,0x0
1786830724.339682053,5.2317,60.4,2400030464,0x0
1786830725.392663094,5.8446,60.4,2400030464,0x0
1786830726.447101713,5.0830,59.8,2400020480,0x0
1786830727.500822469,5.2304,59.3,2400033792,0x0
1786830728.554310080,5.7842,60.4,2400033792,0x0
1786830729.606997790,5.3769,60.4,2400023808,0x0
1786830730.660264440,5.3609,59.8,2400033792,0x0
1786830731.713233574,4.9537,61.5,2400023808,0x0
1786830732.767711490,5.1428,59.8,2400030464,0x0
1786830733.821623505,4.9648,60.4,2400020480,0x0
1786830734.875801202,4.9489,61.5,2400030464,0x0
1786830735.929776753,5.1459,61.5,2400033792,0x0
1786830736.983131329,4.9311,60.4,2400030464,0x0
1786830738.036681199,4.5246,60.9,2400027136,0x0
1786830739.089210672,5.7979,59.8,2400023808,0x0
1786830740.143193094,5.2727,58.7,2400020480,0x0
1786830741.195894862,4.5854,60.4,2400023808,0x0
1786830742.249969061,5.7635,61.5,2400020480,0x0
1786830743.405099909,5.9365,60.4,2400033792,0x0
1786830744.457834232,6.0143,61.5,2400020480,0x0
1786830745.513063088,4.9829,60.4,2400030464,0x0
1786830746.566462887,5.6590,59.8,2400020480,0x0
1786830747.619807797,5.1326,59.3,2400023808,0x0
1786830748.672995987,5.1992,59.8,2400030464,0x0
1786830749.726695025,4.8947,61.5,2400027136,0x0
1786830750.779610533,5.8882,60.9,2400030464,0x0
1786830751.833263200,5.1720,59.8,2400023808,0x0
1786830752.886332670,5.8597,60.4,2400027136,0x0
1786830753.940581054,5.7489,59.8,2400023808,0x0
1786830754.993780079,5.1905,59.8,2400030464,0x0
1786830756.047103583,5.7429,60.4,2400030464,0x0
1786830757.100841844,5.1581,58.7,2400027136,0x0
1786830758.153565225,5.5400,59.8,2400033792,0x0
1786830759.206321976,4.9680,60.4,2400020480,0x0
1786830760.259612407,5.6915,60.4,2400030464,0x0
1786830761.311930941,5.1161,59.8,2400027136,0x0
1786830762.367033578,5.2704,58.7,2400023808,0x0
1786830763.420650636,5.2547,60.4,2400023808,0x0
1786830764.475390111,5.3821,60.4,2400020480,0x0
1786830765.529602016,5.7707,60.4,2400027136,0x0
1786830766.583705829,5.8789,59.3,2400020480,0x0
1786830767.636368157,5.1781,60.4,2400023808,0x0
1786830768.689046169,5.0254,59.8,2400030464,0x0
1786830769.742416157,5.8805,59.8,2400030464,0x0
1786830770.797508518,5.1166,60.4,2400030464,0x0
1786830771.850009440,5.8009,60.4,2400020480,0x0
1786830772.903583518,4.0984,59.8,2400033792,0x0
1786830773.957438650,5.6220,59.8,2400020480,0x0
1786830775.010878119,5.7132,59.8,2400027136,0x0
1786830776.063829334,5.8651,59.8,2400027136,0x0
1786830777.118022667,5.9723,60.4,2400033792,0x0
1786830778.171790597,5.2930,61.5,2400027136,0x0
1786830779.224940662,5.0304,60.4,2400027136,0x0
1786830780.278826461,5.1821,59.8,2400020480,0x0
1786830781.331971471,5.4965,62.6,2400033792,0x0
1786830782.385895122,5.8059,60.4,2400027136,0x0
1786830783.439432332,5.2584,60.4,2400030464,0x0
1786830784.493576055,5.8629,60.9,2400027136,0x0
1786830785.548376550,5.8977,59.3,2400027136,0x0
1786830786.601936649,4.9832,59.8,2400027136,0x0
1786830787.655160493,5.9139,59.8,2400030464,0x0
1786830788.709767564,5.2284,58.7,2400027136,0x0
1786830789.763613624,5.5604,58.7,2400037120,0x0
1786830790.817307056,5.2707,59.8,2400027136,0x0
1786830791.872850452,5.7685,61.5,2400023808,0x0
1786830792.925652615,5.1947,59.8,2400030464,0x0
1786830793.979118142,4.5535,61.5,2400023808,0x0
1786830795.032488040,5.2533,59.8,2400033792,0x0
1786830796.086006678,6.1012,60.4,2400033792,0x0
1786830797.139571816,5.4356,58.7,2400023808,0x0
1786830798.193159972,5.4053,61.5,2400023808,0x0
1786830799.247021089,5.2522,59.8,2400033792,0x0
1786830800.299031908,6.0612,60.9,2400023808,0x0
1786830801.352068311,5.4617,60.9,2400020480,0x0
1786830802.405343359,5.2067,59.8,2400020480,0x0
1786830803.459784526,4.5401,59.8,2400023808,0x0
1786830804.512647098,5.1236,60.9,2400033792,0x0
1786830805.567317763,5.7592,59.8,2400023808,0x0
1786830806.624044206,5.3975,59.8,2400027136,0x0
1786830807.676787353,5.7528,60.4,2400020480,0x0
1786830808.731492129,5.8924,60.9,2400027136,0x0
1786830809.784617791,5.2617,60.9,2400030464,0x0
1786830810.838272948,4.9428,59.8,2400030464,0x0
1786830811.892131567,5.5940,60.4,2400030464,0x0
1786830812.945839724,5.3850,60.4,2400030464,0x0
1786830813.999729879,5.1690,61.5,2400030464,0x0
1786830815.052385194,5.0213,59.3,2400033792,0x0
1786830816.105371228,4.6553,60.4,2400030464,0x0
1786830817.159356402,5.4253,59.8,2400020480,0x0
1786830818.212440769,5.0005,60.4,2400023808,0x0
1786830819.266870290,5.2899,60.9,2400027136,0x0
1786830820.320732410,5.7753,60.9,2400030464,0x0
1786830821.373875388,5.1288,60.4,2400023808,0x0
1786830822.428644999,4.9811,60.4,2400027136,0x0
1786830823.482732802,5.2105,60.4,2400027136,0x0
1786830824.535528746,5.1307,60.4,2400023808,0x0
1786830825.588636355,5.8346,58.7,2400033792,0x0
1786830826.641351430,4.7351,60.4,2400023808,0x0
1786830827.694358744,5.3198,60.4,2400023808,0x0
1786830828.747182818,4.8014,60.4,2400023808,0x0
1786830829.799343714,4.9195,60.4,2400027136,0x0
1786830830.852088586,5.1788,59.8,2400030464,0x0
1786830831.908532497,5.7586,60.4,2400030464,0x0
1786830832.962447507,5.2210,60.9,2400033792,0x0
1786830834.017042602,4.9578,60.4,2400027136,0x0
1786830835.070600986,5.3003,60.9,2400023808,0x0
1786830836.125388265,5.3633,62.6,2400020480,0x0
1786830837.179146628,5.0457,60.4,2400023808,0x0
1786830838.232521291,5.8145,60.4,2400033792,0x0
1786830839.285952176,4.7282,61.5,2400033792,0x0
1786830840.340215128,5.3303,60.4,2400027136,0x0
1786830841.392961130,5.9925,58.7,2400030464,0x0
1786830842.446105407,5.1933,59.8,2400030464,0x0
1786830843.500435951,5.5895,61.5,2400023808,0x0
1786830844.553183936,4.9349,59.8,2400030464,0x0
1786830845.607771792,5.1189,60.4,2400033792,0x0
1786830846.662807422,5.2665,59.8,2400020480,0x0
1786830847.715679499,5.6905,59.3,2400033792,0x0
1786830848.770322522,5.4580,59.8,2400030464,0x0
1786830849.824100812,5.7894,59.8,2400030464,0x0
1786830850.878497708,5.5978,60.4,2400023808,0x0
1786830851.932865234,5.6899,60.4,2400030464,0x0
1786830852.985812291,5.6034,60.9,2400020480,0x0
1786830854.039236734,5.3950,59.8,2400023808,0x0
1786830855.092574010,5.7316,60.4,2400030464,0x0
1786830856.146286839,5.1568,61.5,2400023808,0x0
1786830857.199316397,5.2066,60.4,2400033792,0x0
1786830858.252953504,5.0568,60.4,2400023808,0x0
1786830859.305077645,5.8857,61.5,2400027136,0x0
1786830860.359168044,4.9577,59.3,2400030464,0x0
1786830861.412243435,4.9358,60.9,2400020480,0x0
1786830862.466065282,5.7656,59.8,2400030464,0x0
1786830863.520448587,5.7020,60.4,2400030464,0x0
1786830864.574085399,5.3430,59.8,2400027136,0x0
1786830865.627476214,5.2152,60.9,2400027136,0x0
1786830866.681104248,5.2049,60.9,2400027136,0x0
1786830867.734109418,5.8329,61.5,2400027136,0x0
1786830868.787358382,5.0745,59.8,2400027136,0x0
1786830869.844735975,5.6189,60.9,2400030464,0x0
1786830870.898309825,5.9063,59.8,2400033792,0x0
1786830871.951360977,5.6140,59.3,2400027136,0x0
1786830873.004308815,5.8483,60.4,2400033792,0x0
1786830874.057489650,4.6945,59.8,2400033792,0x0
1786830875.110461099,5.6990,60.4,2400023808,0x0
1786830876.165500048,5.1586,60.4,2400037120,0x0
1786830877.219038621,5.3613,60.4,2400027136,0x0
1786830878.273441465,5.0554,60.9,2400030464,0x0
1786830879.327309887,4.6407,60.9,2400030464,0x0
1786830880.380323818,5.7074,59.8,2400023808,0x0
1786830881.434485034,5.6192,62.0,2400023808,0x0
1786830882.488213496,5.3517,60.4,2400027136,0x0
1786830883.541235649,4.7354,60.4,2400030464,0x0
1786830884.594680150,6.2741,59.8,2400027136,0x0
1786830885.649712785,5.3022,61.5,2400027136,0x0
1786830886.702495681,5.7327,60.4,2400030464,0x0
1786830887.757430632,4.9971,59.8,2400023808,0x0
1786830888.810247658,5.1992,59.8,2400030464,0x0
1786830889.867526476,4.9308,60.9,2400023808,0x0
1786830890.920161893,5.5170,60.4,2400037120,0x0
1786830891.974142945,5.7485,59.8,2400033792,0x0
1786830893.028803751,5.8319,60.9,2400020480,0x0
1786830894.083150745,5.8395,60.4,2400033792,0x0
1786830895.135577738,5.0644,59.8,2400023808,0x0
1786830896.189120628,5.2456,59.8,2400020480,0x0
1786830897.241979859,5.7989,59.3,2400027136,0x0
1786830898.295536897,5.7148,61.5,2400020480,0x0
1786830899.349059159,5.5401,60.4,2400027136,0x0
1786830900.402264553,5.8930,59.8,2400033792,0x0
1786830901.456385920,5.7538,60.4,2400030464,0x0
1786830902.509570536,5.2619,60.4,2400020480,0x0
1786830903.562303787,5.2133,60.4,2400023808,0x0
1786830904.616792744,5.8504,58.7,2400027136,0x0
1786830905.670905333,5.0768,61.5,2400020480,0x0
1786830906.724795888,5.2201,59.8,2400023808,0x0
1786830907.778088820,5.3405,59.8,2400033792,0x0
1786830908.831947745,4.9536,60.4,2400030464,0x0
1786830909.886546609,5.7481,61.5,2400023808,0x0
1786830910.939662672,4.9209,59.8,2400020480,0x0
1786830911.995239378,5.2786,61.5,2400027136,0x0
1786830913.048771233,5.1326,59.3,2400027136,0x0
1786830914.102212590,5.2954,59.8,2400033792,0x0
1786830915.156727862,5.0914,59.8,2400023808,0x0
1786830916.209699815,5.7421,59.8,2400020480,0x0
1786830917.264111385,5.1640,59.3,2400020480,0x0
1786830918.318240383,5.2446,59.8,2400033792,0x0
1786830919.370897229,5.8397,60.4,2400030464,0x0
1786830920.425522890,5.7769,60.9,2400020480,0x0
1786830921.479792498,5.7082,60.4,2400027136,0x0
1786830922.533884164,5.9183,62.0,2400020480,0x0
1786830923.588554380,5.1110,60.4,2400023808,0x0
1786830924.642009663,5.1723,60.4,2400023808,0x0
1786830925.694111626,5.2421,60.4,2400030464,0x0
1786830926.747463373,5.7281,60.9,2400030464,0x0
1786830927.802284551,5.0322,59.8,2400027136,0x0
1786830928.855200895,5.3659,60.4,2400030464,0x0
1786830929.907779224,5.2521,59.8,2400033792,0x0
1786830930.961183397,5.8679,60.4,2400033792,0x0
1786830932.016002095,4.9837,59.8,2400033792,0x0
1786830933.069618803,5.4628,59.8,2400027136,0x0
1786830934.122900292,5.4124,60.9,2400020480,0x0
1786830935.175998858,5.0323,59.8,2400023808,0x0
1786830936.230086136,5.2061,59.8,2400027136,0x0
1786830937.283162239,5.1376,58.7,2400023808,0x0
1786830938.336595135,4.7117,59.8,2400027136,0x0
1786830939.389923495,4.8228,60.4,2400033792,0x0
1786830940.443651517,5.5475,60.4,2400023808,0x0
1786830941.497628279,5.3963,60.4,2400033792,0x0
1786830942.550269775,5.4646,59.8,2400020480,0x0
1786830943.605589302,5.1733,60.4,2400020480,0x0
1786830944.657688229,5.9630,59.8,2400020480,0x0
1786830945.710636723,4.8138,60.4,2400023808,0x0
1786830946.763249109,5.8651,60.9,2400023808,0x0
1786830947.817148279,4.8455,60.9,2400030464,0x0
1786830948.872068088,5.3497,59.8,2400033792,0x0
1786830949.926691067,5.4730,59.8,2400023808,0x0
1786830950.980420553,5.7764,60.4,2400027136,0x0
1786830952.033561379,5.8547,58.7,2400027136,0x0
1786830953.088544188,5.8478,59.8,2400023808,0x0
1786830954.143052224,4.9918,62.6,2400027136,0x0
1786830955.196267882,5.3107,59.8,2400023808,0x0
1786830956.249218951,5.6083,59.8,2400020480,0x0
1786830957.303728894,5.1326,59.3,2400027136,0x0
1786830958.356696722,5.6069,60.4,2400027136,0x0
1786830959.409575088,5.1406,60.9,2400033792,0x0
1786830960.462623268,5.8076,61.5,2400030464,0x0
1786830961.515289099,4.5349,60.4,2400037120,0x0
1786830962.569119790,5.7380,59.3,2400030464,0x0
1786830963.622953351,5.6842,59.3,2400033792,0x0
1786830964.677301370,5.6598,61.5,2400030464,0x0
1786830965.731714074,5.3287,61.5,2400023808,0x0
1786830966.785392600,5.2410,59.8,2400023808,0x0
1786830967.838297652,4.4953,60.4,2400033792,0x0
1786830968.892073696,5.2187,59.8,2400030464,0x0
1786830969.945358078,5.5544,59.3,2400030464,0x0
1786830970.998313259,5.0598,61.5,2400023808,0x0
1786830972.051053794,5.6759,60.9,2400023808,0x0
1786830973.105417907,5.1666,59.8,2400020480,0x0
1786830974.158420254,5.8657,60.4,2400027136,0x0
1786830975.213791784,4.5252,60.4,2400027136,0x0
1786830976.267516014,5.4720,58.7,2400030464,0x0
1786830977.321520019,5.3753,58.7,2400027136,0x0
1786830978.375487340,5.1052,59.3,2400020480,0x0
1786830979.429843990,5.0850,61.5,2400030464,0x0
1786830980.485017726,5.2737,59.8,2400020480,0x0
1786830981.537807780,5.2106,59.8,2400027136,0x0
1786830982.592410558,5.8982,60.4,2400027136,0x0
1786830983.646275361,4.9523,60.4,2400023808,0x0
1786830984.700145313,5.3339,60.9,2400030464,0x0
1786830985.752873998,5.6870,61.5,2400020480,0x0
1786830986.805455054,5.3282,59.8,2400020480,0x0
1786830987.858129277,5.4211,60.4,2400020480,0x0
1786830989.013252822,4.6323,61.5,2400033792,0x0
1786830990.169599615,5.4581,59.8,2400027136,0x0
1786830991.223480660,5.9166,61.5,2400033792,0x0
1786830992.277382575,5.3004,61.5,2400030464,0x0
1786830993.330822198,5.6789,60.4,2400027136,0x0
1786830994.383540421,5.6928,60.4,2400023808,0x0
1786830995.438129330,5.8783,62.6,2400020480,0x0
1786830996.492344427,5.5577,59.3,2400027136,0x0
1786830997.545267852,5.1654,60.4,2400027136,0x0
1786830998.598034889,5.9298,60.4,2400027136,0x0
1786830999.651835621,5.5161,60.4,2400027136,0x0
1786831000.704505141,5.7163,59.8,2400020480,0x0
1786831001.757369900,5.4665,60.4,2400020480,0x0
1786831002.810024605,5.8354,59.8,2400027136,0x0
1786831003.863289638,5.3855,61.5,2400033792,0x0
1786831004.916556375,5.0808,59.8,2400030464,0x0
1786831005.969653151,5.4167,59.8,2400027136,0x0
1786831007.023711399,5.0002,60.4,2400020480,0x0
1786831008.077698648,5.2242,60.4,2400033792,0x0
1786831009.131397696,5.5058,60.4,2400033792,0x0
1786831010.185471370,5.0526,59.8,2400033792,0x0
1786831011.238573498,5.6706,60.9,2400020480,0x0
1786831012.292549248,5.0607,60.9,2400020480,0x0
1786831013.346197130,5.3766,60.4,2400023808,0x0
1786831014.400087084,5.8214,61.5,2400023808,0x0
1786831015.452869660,5.3445,59.8,2400033792,0x0
1786831016.505517126,5.7499,59.8,2400027136,0x0
1786831017.560222184,4.9968,62.0,2400027136,0x0
1786831018.614075324,5.8985,60.4,2400027136,0x0
1786831019.666815048,5.2488,60.9,2400020480,0x0
1786831020.721157369,5.4191,60.9,2400030464,0x0
1786831021.875485480,5.7037,59.8,2400020480,0x0
1786831022.930033985,5.1686,60.9,2400027136,0x0
1786831023.983482166,5.0207,58.7,2400027136,0x0
1786831025.036950273,5.1635,59.8,2400023808,0x0
1786831026.091653332,5.5543,60.9,2400033792,0x0
1786831027.146014449,5.8469,59.8,2400027136,0x0
1786831028.200099051,5.8547,58.2,2400023808,0x0
1786831029.254178116,5.9672,59.8,2400020480,0x0
1786831030.307552094,4.9756,60.9,2400020480,0x0
1786831031.361450846,5.8661,60.4,2400027136,0x0
1786831032.415051156,5.4356,59.8,2400033792,0x0
1786831033.468038287,5.1003,59.8,2400030464,0x0
1786831034.519179306,5.2159,59.3,2400030464,0x0
1786831035.573902828,5.0228,59.8,2400030464,0x0
1786831036.628157725,5.3349,60.4,2400033792,0x0
1786831037.681918368,4.4690,60.9,2400023808,0x0
1786831038.735431290,5.7153,58.7,2400027136,0x0
1786831039.790422218,5.6248,60.4,2400020480,0x0
1786831040.845646384,5.3467,59.8,2400023808,0x0
1786831041.898643552,5.1907,59.3,2400027136,0x0
1786831042.952414769,5.7383,60.4,2400027136,0x0
1786831044.005073015,5.1798,60.9,2400020480,0x0
1786831045.059049379,5.9067,60.4,2400020480,0x0
1786831046.111972937,5.1626,60.4,2400020480,0x0
1786831047.165143493,4.9187,60.9,2400030464,0x0
1786831048.218155051,5.7498,61.5,2400023808,0x0
1786831049.272877130,5.8849,60.4,2400020480,0x0
1786831050.326185333,6.0849,60.4,2400023808,0x0
1786831051.380515860,5.9425,62.0,2400027136,0x0
1786831052.434836258,4.5043,59.8,2400033792,0x0
1786831053.488987194,5.1220,60.4,2400020480,0x0
1786831054.543303852,5.0918,59.8,2400030464,0x0
1786831055.596821035,5.8789,60.9,2400027136,0x0
1786831056.651297283,5.1350,59.8,2400027136,0x0
1786831057.703157593,4.9737,61.5,2400020480,0x0
1786831058.756742109,4.6898,60.4,2400023808,0x0
1786831059.809622762,5.3586,60.4,2400033792,0x0
1786831060.863441646,4.8175,59.8,2400023808,0x0
1786831061.917281586,5.6892,59.8,2400033792,0x0
1786831062.972420589,4.8853,60.4,2400030464,0x0
1786831064.025817070,4.8427,60.4,2400030464,0x0
1786831065.079836545,5.6073,59.8,2400020480,0x0
1786831066.133035510,5.3314,60.9,2400020480,0x0
1786831067.186365178,5.1828,60.4,2400027136,0x0
1786831068.240594911,5.3324,58.7,2400030464,0x0
1786831069.294011392,5.6803,62.0,2400027136,0x0
1786831070.347544614,5.0263,59.8,2400020480,0x0
1786831071.400378990,5.2663,60.4,2400027136,0x0
1786831072.453368383,4.7573,61.5,2400027136,0x0
1786831073.508416794,4.4473,60.4,2400023808,0x0
1786831074.562942395,5.3829,58.7,2400023808,0x0
1786831075.616044510,4.8976,60.4,2400030464,0x0
1786831076.671212439,5.5492,59.8,2400030464,0x0
1786831077.725194656,5.9785,60.9,2400033792,0x0
1786831078.779931608,5.1636,58.7,2400030464,0x0
1786831079.834664226,4.9549,59.8,2400030464,0x0
1786831080.887784359,5.7354,60.4,2400027136,0x0
1786831081.941517617,5.9365,59.3,2400023808,0x0
1786831082.996380345,5.5327,60.9,2400023808,0x0
1786831084.050380081,5.1147,60.4,2400027136,0x0
1786831085.103150848,5.5497,59.3,2400030464,0x0
1786831086.156710367,4.9957,60.4,2400030464,0x0
1786831087.209193580,5.7887,60.4,2400020480,0x0
1786831088.261476389,5.6284,60.4,2400033792,0x0
1786831089.315223961,5.6669,60.9,2400030464,0x0
1786831090.367815748,5.0872,60.4,2400023808,0x0
1786831091.420757125,5.2093,59.8,2400023808,0x0
1786831092.474688326,6.2284,60.4,2400030464,0x0
1786831093.528920079,6.1213,61.5,2400030464,0x0
1786831094.583341738,5.6128,60.4,2400037120,0x0
1786831095.636592631,5.2595,61.5,2400020480,0x0
1786831096.690742497,4.9391,60.4,2400020480,0x0
1786831097.743963852,5.9225,60.9,2400023808,0x0
1786831098.798105385,5.6334,61.5,2400033792,0x0
1786831099.851238705,5.3618,60.4,2400027136,0x0
1786831100.904643189,5.3153,58.7,2400020480,0x0
1786831101.958283245,5.6661,60.4,2400030464,0x0
1786831103.011477231,5.8322,62.0,2400027136,0x0
1786831104.064426368,5.8486,59.8,2400020480,0x0
1786831105.116935471,4.5239,62.0,2400020480,0x0
1786831106.169589278,5.2006,60.9,2400033792,0x0
1786831107.223047576,5.6930,60.4,2400033792,0x0
1786831108.276380358,5.3322,60.4,2400033792,0x0
1786831109.329785583,4.4906,60.4,2400027136,0x0
1786831110.382288502,3.9111,62.0,2400027136,0x0
1786831111.437405008,5.6669,61.5,2400030464,0x0
1786831112.490342479,5.0518,60.9,2400033792,0x0
1786831113.543815370,5.2946,60.4,2400030464,0x0
1786831114.597767517,5.8521,59.3,2400023808,0x0
1786831115.651061392,5.1099,59.8,2400027136,0x0
1786831116.704062881,5.8697,60.9,2400023808,0x0
1786831117.759098647,5.2340,59.8,2400033792,0x0
1786831118.811466846,5.9064,60.4,2400027136,0x0
1786831119.865594991,5.9086,60.9,2400030464,0x0
1786831120.919944949,5.3058,59.8,2400023808,0x0
1786831121.973737042,5.0622,60.4,2400027136,0x0
1786831123.027890632,5.6679,59.8,2400033792,0x0
1786831124.081431450,5.8289,61.5,2400030464,0x0
1786831125.135329801,5.3873,60.9,2400027136,0x0
1786831126.188908878,5.2541,60.9,2400030464,0x0
1786831127.242241791,5.8200,60.4,2400020480,0x0
1786831128.296002866,5.9359,61.5,2400023808,0x0
1786831129.349846774,5.5112,60.4,2400027136,0x0
1786831130.402452563,5.8507,60.9,2400030464,0x0
1786831131.455487979,5.2062,59.8,2400020480,0x0
1786831132.509103667,5.8174,61.5,2400023808,0x0
1786831133.562490450,5.0700,60.4,2400033792,0x0
1786831134.615595920,5.7710,59.8,2400020480,0x0
1786831135.670133433,5.0296,60.4,2400023808,0x0
1786831136.723954138,4.6018,59.8,2400033792,0x0
1786831137.778140543,4.7801,60.4,2400033792,0x0
1786831138.832012285,4.9857,59.8,2400020480,0x0
1786831139.885177570,5.3121,60.4,2400030464,0x0
1786831140.939623770,5.7530,60.4,2400030464,0x0
1786831141.993414308,5.1921,60.4,2400027136,0x0
1786831143.047388697,4.9215,60.4,2400027136,0x0
1786831144.100814814,5.7013,60.9,2400033792,0x0
1786831145.154638130,5.4849,60.9,2400023808,0x0
1786831146.208062136,5.8323,60.4,2400027136,0x0
1786831147.260558446,5.5389,60.4,2400027136,0x0
1786831148.313140534,4.6178,60.4,2400030464,0x0
1786831149.365840287,5.0006,62.0,2400033792,0x0
1786831150.419316644,5.2003,59.8,2400030464,0x0
1786831151.472845779,5.7398,60.4,2400020480,0x0
1786831152.526992537,4.4863,58.7,2400030464,0x0
1786831153.580768392,5.8102,59.8,2400030464,0x0
1786831154.634966187,4.9361,60.4,2400030464,0x0
1786831155.689948882,4.9988,60.4,2400027136,0x0
1786831156.742895560,5.9327,59.8,2400020480,0x0
1786831157.798050364,5.0399,60.4,2400020480,0x0
1786831158.850810599,4.4373,59.8,2400033792,0x0
1786831159.905263355,5.0538,61.5,2400030464,0x0
1786831160.958146645,5.1044,59.8,2400020480,0x0
1786831162.011157970,5.3419,59.8,2400027136,0x0
1786831163.064882418,5.8269,60.4,2400037120,0x0
1786831164.119029288,5.9379,60.4,2400020480,0x0
1786831165.173084882,5.9104,59.3,2400033792,0x0
1786831166.226642554,5.8855,60.4,2400033792,0x0
1786831167.280285725,4.9039,59.3,2400033792,0x0
1786831168.337344050,4.9970,59.8,2400027136,0x0
1786831169.390865353,5.3787,60.9,2400023808,0x0
1786831170.444744689,5.7164,60.4,2400027136,0x0
1786831171.498887171,4.5472,60.4,2400027136,0x0
1786831172.551551963,4.6579,60.9,2400020480,0x0
1786831173.604732380,5.6481,59.8,2400023808,0x0
1786831174.657833168,4.6487,60.9,2400027136,0x0
1786831175.712309221,5.3104,59.8,2400027136,0x0
1786831176.765820209,6.0308,60.4,2400033792,0x0
1786831177.819776582,5.1665,59.8,2400033792,0x0
1786831178.873259867,5.1732,60.9,2400027136,0x0
1786831179.928929409,5.3564,61.5,2400027136,0x0
1786831180.982237677,5.7778,61.5,2400030464,0x0
1786831182.036157255,5.3454,60.4,2400030464,0x0
1786831183.090327644,5.7191,59.8,2400027136,0x0
1786831184.144460442,5.8404,59.8,2400020480,0x0
1786831185.197489454,4.5815,59.8,2400023808,0x0
1786831186.251045497,5.7124,59.8,2400033792,0x0
1786831187.304024862,5.7411,60.4,2400030464,0x0
1786831188.356479694,5.5746,59.8,2400020480,0x0
1786831189.409865091,4.8741,59.8,2400020480,0x0
1786831190.463376376,6.0325,60.4,2400027136,0x0
1786831191.516393981,2.9230,59.8,2400037120,0x0
1786831192.560925146,2.2861,56.0,2400030464,0x0
