1786471095.227881757,1.9360,40.0,1500022656,0x0
1786471096.273716349,1.7992,41.1,1500012800,0x0
1786471097.317259422,1.8031,38.9,1500022656,0x0
1786471098.360637866,1.8084,39.5,1500019456,0x0
1786471099.403856810,1.7944,39.5,1500016128,0x0
1786471100.447097198,1.8064,40.6,1500019456,0x0
1786471101.490461383,1.7867,40.6,1500012800,0x0
1786471102.533710808,1.8062,40.6,1500019456,0x0
1786471103.577043104,1.7678,40.6,1500012800,0x0
1786471104.620306196,1.7967,41.1,1500016128,0x0
1786471105.663437621,1.7867,40.0,1500016128,0x0
1786471106.706652120,1.7958,40.0,1500022656,0x0
1786471107.749999083,1.7875,40.0,1500019456,0x0
1786471108.793234249,1.7912,40.0,1500019456,0x0
1786471109.836427415,1.7700,40.6,1500022656,0x0
1786471110.879529266,1.7649,41.7,1500012800,0x0
1786471111.922843654,1.9752,40.0,1500012800,0x0
1786471112.966049598,1.7864,40.0,1500022656,0x0
1786471114.009354375,1.7719,40.0,1500016128,0x0
1786471115.052636578,1.7746,40.0,1500019456,0x0
1786471116.095869059,1.7858,40.0,1500019456,0x0
1786471117.138982984,1.7961,39.5,1500019456,0x0
1786471118.182275836,1.8215,40.0,1500022656,0x0
1786471119.225459279,1.7956,40.0,1500019456,0x0
1786471120.268591205,1.7861,40.6,1500019456,0x0
1786471121.311735389,1.8005,39.5,1500012800,0x0
1786471122.355035852,1.7804,40.0,1500016128,0x0
1786471123.398267499,1.8177,40.0,1500019456,0x0
1786471124.441473091,1.8023,39.5,1500019456,0x0
1786471125.484688387,1.7949,40.0,1500016128,0x0
1786471126.527944127,1.7840,40.0,1500016128,0x0
1786471127.571159349,1.8038,40.0,1500019456,0x0
1786471128.614497941,3.1542,40.0,1500019456,0x0
1786471129.657797292,1.7955,40.0,1500019456,0x0
1786471130.701076402,1.7867,41.1,1500016128,0x0
1786471131.744310087,1.7761,40.0,1500022656,0x0
1786471132.787483957,1.8116,38.9,1500019456,0x0
1786471133.830901530,1.9833,40.0,1500019456,0x0
1786471134.874189492,2.0199,41.1,1500012800,0x0
1786471135.917600566,1.8072,40.0,1500016128,0x0
1786471136.960934417,1.7960,40.0,1500016128,0x0
1786471138.004242342,1.8051,40.6,1500016128,0x0
1786471139.047507971,1.8387,40.6,1500019456,0x0
1786471140.090703878,1.8006,40.0,1500019456,0x0
1786471141.133916822,1.8218,40.6,1500012800,0x0
1786471142.177190562,1.7831,41.7,1500022656,0x0
1786471143.220445710,1.8031,40.6,1500012800,0x0
1786471144.263589709,1.8129,40.6,1500019456,0x0
1786471145.306728653,1.7937,40.0,1500019456,0x0
1786471146.350024560,1.7952,40.0,1500012800,0x0
1786471147.393259263,1.7853,40.0,1500022656,0x0
1786471148.436637077,1.7976,40.6,1500022656,0x0
1786471149.479910521,1.7624,41.1,1500019456,0x0
1786471150.523124094,1.7955,40.0,1500016128,0x0
1786471151.566375705,1.7963,40.0,1500019456,0x0
1786471152.609588334,1.7949,40.0,1500022656,0x0
1786471153.652788777,1.8023,41.7,1500019456,0x0
1786471154.696043240,1.7942,41.7,1500019456,0x0
1786471155.739167147,1.7759,40.0,1500019456,0x0
1786471156.782416035,1.7854,40.6,1500016128,0x0
1786471157.825651331,1.7967,40.0,1500016128,0x0
1786471158.868916497,1.7993,39.5,1500012800,0x0
1786471159.912215996,1.7914,41.1,1500022656,0x0
1786471160.955350477,1.7836,40.0,1500022656,0x0
1786471161.998635976,1.8118,40.6,1500016128,0x0
1786471163.041861161,1.7963,40.0,1500016128,0x0
1786471164.085203864,1.7877,40.0,1500016128,0x0
1786471165.128483326,1.7955,40.6,1500022656,0x0
1786471166.171777103,1.7956,40.0,1500016128,0x0
1786471167.214971640,1.7959,40.0,1500016128,0x0
1786471168.258302287,1.7983,40.0,1500022656,0x0
1786471169.301458379,1.7971,40.0,1500016128,0x0
1786471170.344774768,1.8014,40.0,1500022656,0x0
1786471171.387942915,1.7944,40.0,1500012800,0x0
1786471172.431173896,1.7820,40.6,1500019456,0x0
1786471173.474422655,1.8100,40.0,1500016128,0x0
1786471174.517691709,1.7723,40.6,1500022656,0x0
1786471175.560911838,1.7885,41.1,1500016128,0x0
1786471176.604172079,1.7787,40.6,1500016128,0x0
1786471177.647374522,1.8271,40.6,1500022656,0x0
1786471178.690633337,1.8014,41.1,1500012800,0x0
1786471179.733834577,1.7927,40.0,1500016128,0x0
1786471180.777054261,1.7872,40.0,1500022656,0x0
1786471181.820304872,1.8325,40.6,1500016128,0x0
1786471182.863466871,1.7946,40.0,1500012800,0x0
1786471183.906703241,1.8173,40.0,1500012800,0x0
1786471184.949894444,1.7964,40.0,1500019456,0x0
1786471185.993168795,1.7987,42.2,1500022656,0x0
1786471187.036354702,1.7900,40.6,1500019456,0x0
1786471188.079691720,1.8078,40.6,1500019456,0x0
1786471189.122984330,1.7802,41.1,1500019456,0x0
1786471190.166237737,1.8318,41.7,1500012800,0x0
1786471191.209453774,1.7895,40.6,1500016128,0x0
1786471192.252691032,1.7965,40.6,1500016128,0x0
1786471193.295903828,1.8239,40.6,1500012800,0x0
1786471194.339106883,1.7637,40.6,1500012800,0x0
1786471195.382307419,1.8072,40.6,1500016128,0x0
1786471196.425441419,1.7785,40.0,1500016128,0x0
1786471197.470698788,1.7772,40.0,1500012800,0x0
1786471198.513932732,1.7970,41.7,1500019456,0x0
1786471199.559262695,1.7773,40.6,1500019456,0x0
1786471200.604500805,1.7944,41.1,1500019456,0x0
1786471201.649679619,1.8096,41.7,1500016128,0x0
1786471202.694908767,1.7851,40.6,1500016128,0x0
1786471203.740112248,1.7854,40.0,1500016128,0x0
1786471204.783293728,1.8012,40.0,1500022656,0x0
1786471205.828569135,1.7999,40.6,1500016128,0x0
1786471206.871761227,1.7795,40.6,1500022656,0x0
1786471207.917096745,1.7753,41.7,1500022656,0x0
1786471208.962369300,1.8044,40.6,1500016128,0x0
1786471210.007567188,1.8176,41.1,1500012800,0x0
1786471211.052826614,1.7695,41.1,1500016128,0x0
1786471212.098010335,1.7848,40.0,1500019456,0x0
1786471213.141219131,1.7971,40.6,1500016128,0x0
1786471214.186456315,1.7916,41.1,1500019456,0x0
1786471215.231729241,1.7963,40.0,1500012800,0x0
1786471216.276967425,1.7791,40.6,1500016128,0x0
1786471217.322813980,2.4595,41.1,2400033792,0x0
1786471218.371300443,2.9956,42.2,2400023808,0x0
1786471219.415488683,3.1201,43.9,2400027136,0x0
1786471220.467919367,5.7619,46.6,2400033792,0x0
1786471221.544521478,2.1710,43.9,2400033792,0x0
1786471222.587792162,2.1671,41.7,2400027136,0x0
1786471223.630902643,2.1708,42.2,2400030464,0x0
1786471224.674031772,2.1615,42.2,2400023808,0x0
1786471225.717238438,2.1698,42.8,2400023808,0x0
1786471226.758448308,2.1672,42.2,2400030464,0x0
1786471227.801789807,1.8032,42.2,1500019456,0x0
1786471228.945860659,1.8016,41.7,1500019456,0x0
1786471229.989087880,1.8051,41.1,1500016128,0x0
1786471231.032275731,1.8365,41.1,1500016128,0x0
1786471232.075443546,1.7986,40.6,1500016128,0x0
1786471233.118615434,1.8250,42.2,1500019456,0x0
1786471234.163763729,1.7970,41.1,1500022656,0x0
1786471235.206997544,1.8138,41.1,1500012800,0x0
1786471236.252198450,1.7880,41.1,1500019456,0x0
1786471237.297346598,1.7878,41.7,1500016128,0x0
1786471238.342579116,1.7905,42.2,1500012800,0x0
1786471239.387794208,1.8094,42.2,1500012800,0x0
1786471240.432966059,1.7898,41.1,1500019456,0x0
1786471241.476188299,1.8185,42.8,1500016128,0x0
1786471242.521384984,1.8081,41.1,1500022656,0x0
1786471243.564593279,1.7959,40.0,1500019456,0x0
1786471244.609836631,1.7957,41.1,1500022656,0x0
1786471245.655109241,1.8006,41.1,1500012800,0x0
1786471246.698353926,1.7776,41.1,1500016128,0x0
1786471247.743550814,1.8083,41.1,1500019456,0x0
1786471248.788818128,1.7838,41.7,1500012800,0x0
1786471249.834101961,1.7865,41.1,1500016128,0x0
1786471250.879407534,1.8064,41.1,1500012800,0x0
1786471251.924663126,1.7925,41.1,1500012800,0x0
1786471252.967994403,1.7888,40.0,1500019456,0x0
1786471254.013516347,1.8000,42.2,1500016128,0x0
1786471255.056972347,2.0234,41.7,1500016128,0x0
1786471256.102338957,2.0476,41.1,1500022656,0x0
1786471257.147806086,1.8438,41.7,1500016128,0x0
1786471258.193182715,1.8006,42.8,1500019456,0x0
1786471259.238489122,1.7884,40.6,1500016128,0x0
1786471260.283745769,1.7859,40.6,1500019456,0x0
1786471261.326999491,1.7938,41.1,1500016128,0x0
1786471262.372263842,1.7925,41.7,1500019456,0x0
1786471263.517514768,1.7955,42.8,1500022656,0x0
1786471264.560813915,1.8035,41.1,1500019456,0x0
1786471265.604033803,1.7881,41.7,1500016128,0x0
1786471266.647295692,1.7912,41.7,1500019456,0x0
1786471267.690599284,1.8020,41.1,1500022656,0x0
1786471268.735840320,1.7926,41.1,1500019456,0x0
1786471269.779069986,1.8000,41.7,1500012800,0x0
1786471270.824388874,1.7887,41.1,1500016128,0x0
1786471271.869617170,1.8190,41.1,1500012800,0x0
1786471272.912906947,1.8210,41.7,1500012800,0x0
1786471273.958134928,1.7847,41.1,1500019456,0x0
1786471275.003343038,1.7898,41.1,1500022656,0x0
1786471276.048575112,1.7908,41.1,1500019456,0x0
1786471277.093868648,1.7933,41.7,1500019456,0x0
1786471278.139201425,1.7999,41.1,1500012800,0x0
1786471279.182471314,1.7971,41.1,1500012800,0x0
1786471280.227763961,1.8376,41.1,1500019456,0x0
1786471281.271013664,1.8187,41.7,1500019456,0x0
1786471282.316245293,1.7872,41.1,1500012800,0x0
1786471283.361584533,1.7886,41.7,1500022656,0x0
1786471284.406921237,1.8055,41.1,1500016128,0x0
1786471285.452240866,1.8023,41.7,1500019456,0x0
1786471286.497850698,1.7873,41.1,1500019456,0x0
1786471287.541162031,1.8313,42.8,1500012800,0x0
1786471288.586504716,1.8278,42.8,1500019456,0x0
1786471289.629880733,1.7849,41.1,1500022656,0x0
1786471290.675149529,1.8014,41.1,1500012800,0x0
1786471291.720387436,1.7852,41.1,1500016128,0x0
1786471292.765606287,1.7732,41.1,1500022656,0x0
1786471293.810841305,1.7789,41.1,1500019456,0x0
1786471294.856205360,1.7766,40.6,1500016128,0x0
1786471295.899373915,1.8297,41.7,1500016128,0x0
1786471296.944564581,1.8289,41.1,1500012800,0x0
1786471297.989769451,1.8150,41.1,1500022656,0x0
1786471299.035033746,1.7872,40.0,1500016128,0x0
1786471300.080269783,1.7953,40.6,1500019456,0x0
1786471301.123523578,1.7736,41.7,1500019456,0x0
1786471302.168729152,1.7789,41.7,1500016128,0x0
1786471303.213956670,1.7988,41.7,1500019456,0x0
1786471304.259221114,1.8149,40.0,1500019456,0x0
1786471305.304424613,1.8015,41.7,1500016128,0x0
1786471306.349690779,1.8021,41.7,1500012800,0x0
1786471307.392813890,1.8772,41.1,1500016128,0x0
1786471308.438085944,1.8210,41.7,1500019456,0x0
1786471309.582567462,1.8121,41.1,1500012800,0x0
1786471310.625682499,1.7852,42.8,1500016128,0x0
1786471311.668842702,1.8076,41.1,1500019456,0x0
1786471312.712022312,1.8124,41.7,1500016128,0x0
1786471313.755199219,1.7944,41.1,1500012800,0x0
1786471314.800422311,1.7827,41.1,1500016128,0x0
1786471315.843559477,1.8086,41.1,1500016128,0x0
1786471316.888703606,1.8027,42.2,1500022656,0x0
1786471317.933859698,1.8154,41.7,1500019456,0x0
1786471318.979006272,1.8192,41.1,1500016128,0x0
1786471320.024461271,1.7948,42.2,1500019456,0x0
1786471321.069634178,1.8021,41.1,1500016128,0x0
1786471322.112795955,1.7762,42.8,1500019456,0x0
1786471323.158009695,1.7848,42.2,1500022656,0x0
1786471324.201245805,1.7901,41.1,1500019456,0x0
1786471325.246470638,1.8078,41.7,1500019456,0x0
1786471326.291615619,1.7936,41.7,1500019456,0x0
1786471327.334809211,1.8057,41.7,1500019456,0x0
1786471328.380098266,1.8180,40.0,1500022656,0x0
1786471329.425274136,1.8112,41.7,1500022656,0x0
1786471330.470531024,1.8226,42.8,1500019456,0x0
1786471331.515638468,1.7950,42.8,1500019456,0x0
1786471332.560840726,1.7909,42.2,1500016128,0x0
1786471333.604008874,1.8050,42.2,1500016128,0x0
1786471334.649229781,1.7932,41.7,1500016128,0x0
1786471335.692469447,1.8044,41.7,1500019456,0x0
1786471336.737603113,1.7829,41.1,1500016128,0x0
1786471337.782798445,1.8487,41.1,1500019456,0x0
1786471338.827971741,1.7936,42.2,1500019456,0x0
1786471339.873250666,1.8145,41.7,1500016128,0x0
1786471340.918531314,1.8078,42.8,1500016128,0x0
1786471341.961612628,1.8009,42.2,1500022656,0x0
1786471343.006900553,1.8043,41.7,1500016128,0x0
1786471344.052104220,1.7943,41.7,1500022656,0x0
1786471345.097308867,1.7823,41.7,1500022656,0x0
1786471346.142448848,1.7860,41.7,1500016128,0x0
1786471347.187650958,1.8186,41.7,1500016128,0x0
1786471348.230853550,1.8047,41.7,1500019456,0x0
1786471349.276058494,1.8011,42.2,1500012800,0x0
1786471350.319198253,1.7964,41.1,1500019456,0x0
1786471351.364350900,1.8043,41.7,1500022656,0x0
1786471352.409826659,1.7980,42.2,1500016128,0x0
1786471353.455083029,1.8286,42.2,1500022656,0x0
1786471354.500280936,1.8068,42.2,1500016128,0x0
1786471355.545464157,1.8036,42.2,1500019456,0x0
1786471356.590716712,1.8145,41.1,1500016128,0x0
1786471357.633890823,1.7928,41.7,1500016128,0x0
1786471358.679081859,1.7856,42.2,1500019456,0x0
1786471359.722292229,1.8097,41.7,1500016128,0x0
1786471360.767555358,1.7982,41.7,1500016128,0x0
1786471361.812720876,1.8296,41.1,1500019456,0x0
1786471362.857964227,1.8195,41.1,1500019456,0x0
1786471363.903205467,1.7903,41.7,1500022656,0x0
1786471364.948374300,1.7863,41.7,1500016128,0x0
1786471365.991499003,1.8070,41.1,1500022656,0x0
1786471367.036680854,1.8085,42.2,1500016128,0x0
1786471368.079955390,1.8007,42.2,1500019456,0x0
1786471369.125127519,1.8041,41.7,1500022656,0x0
1786471370.170311111,1.8045,43.3,1500022656,0x0
1786471371.215453722,1.8146,41.1,1500012800,0x0
1786471372.260591980,1.8116,43.3,1500016128,0x0
1786471373.305741350,1.8138,41.7,1500016128,0x0
1786471374.348878479,1.7861,41.7,1500016128,0x0
1786471375.394326553,1.9804,41.7,1500016128,0x0
1786471376.439521274,2.0429,41.7,1500019456,0x0
1786471377.484685403,2.0239,41.7,1500016128,0x0
1786471378.530172273,1.8300,41.7,1500019456,0x0
1786471379.575462606,1.8236,41.7,1500022656,0x0
1786471380.620664253,1.7992,41.7,1500022656,0x0
1786471381.665907438,1.7955,41.7,1500016128,0x0
1786471382.709129511,1.7861,41.7,1500012800,0x0
1786471383.754265603,1.7936,41.1,1500012800,0x0
1786471384.799681103,1.8062,43.3,1500022656,0x0
1786471385.844930880,1.8280,41.7,1500019456,0x0
1786471386.890210083,1.8038,42.2,1500016128,0x0
1786471387.933358879,1.8060,40.6,1500019456,0x0
1786471388.978573526,1.7999,42.2,1500019456,0x0
1786471390.023690266,1.8035,41.1,1500016128,0x0
1786471391.068822321,1.7573,41.7,1500022656,0x0
1786471392.113908487,1.8030,41.7,1500022656,0x0
1786471393.159085598,1.8012,42.2,1500012800,0x0
1786471394.202249875,1.8196,43.3,1500019456,0x0
1786471395.247426708,1.8504,43.9,1500012800,0x0
1786471396.292561374,1.8463,42.8,1500019456,0x0
1786471397.337751891,1.7965,42.2,1500019456,0x0
1786471398.383078261,1.8118,42.2,1500016128,0x0
1786471399.428292353,1.8143,41.7,1500022656,0x0
1786471400.471476056,1.7897,41.7,1500019456,0x0
1786471401.516691833,1.8086,42.2,1500019456,0x0
1786471402.559823203,1.8006,41.7,1500016128,0x0
1786471403.604998591,1.8471,42.2,1500019456,0x0
1786471404.650169517,1.8229,41.7,1500016128,0x0
1786471405.695349294,1.7749,43.3,1500012800,0x0
1786471406.740813404,2.3446,42.8,2400037120,0x0
1786471407.811145830,7.8813,48.8,2400027136,0x0
1786471408.899780755,7.0281,52.1,2400030464,0x0
1786471409.973956736,7.7592,53.2,2400027136,0x0
1786471411.047703772,7.7462,53.2,2400023808,0x0
1786471412.115700179,6.2300,53.8,2400023808,0x0
1786471413.196791289,7.8419,54.9,2400020480,0x0
1786471414.276130826,7.7957,54.9,2400023808,0x0
1786471415.357742973,7.8377,55.4,2400027136,0x0
1786471416.429567028,5.7247,53.2,2400033792,0x0
1786471417.484004620,5.0216,53.2,2400023808,0x0
1786471418.536026546,6.1044,53.2,2400027136,0x0
1786471419.587981749,6.2375,53.2,2400030464,0x0
1786471420.642544063,6.1949,52.7,2400030464,0x0
1786471421.698859358,6.0273,52.7,2400033792,0x0
1786471422.773509413,6.2255,54.9,2400023808,0x0
1786471423.824369913,2.1880,48.8,2400027136,0x0
1786471424.865369560,2.1532,48.8,2400033792,0x0
1786471425.906090615,2.1764,48.8,2400023808,0x0
1786471426.956319670,4.0426,48.8,2400033792,0x0
1786471428.019415207,5.5030,54.9,2400027136,0x0
1786471429.098281076,4.5520,54.9,2400030464,0x0
1786471430.175670168,7.7180,56.5,2400030464,0x0
1786471431.257136445,5.4332,54.9,2400023808,0x0
1786471432.311739852,6.1254,55.4,2400023808,0x0
1786471433.365380851,4.7249,54.3,2400023808,0x0
1786471434.418099092,5.5171,54.3,2400023808,0x0
1786471435.469680702,5.9009,54.9,2400023808,0x0
1786471436.521839738,4.9943,53.8,2400030464,0x0
1786471437.573810312,6.2278,54.3,2400033792,0x0
1786471438.626312311,5.0647,52.7,2400020480,0x0
1786471439.678096700,6.2386,53.8,2400027136,0x0
1786471440.729210995,2.2173,52.1,2400033792,0x0
1786471441.770194772,2.2187,49.9,2400027136,0x0
1786471442.811051679,2.1928,48.8,2400020480,0x0
1786471443.852345271,2.8197,48.8,2400020480,0x0
1786471444.907696548,5.2174,54.3,2400023808,0x0
1786471445.995393640,6.5976,56.5,2400027136,0x0
1786471447.072239066,5.5408,54.9,2400030464,0x0
1786471448.125697917,5.6433,54.3,2400027136,0x0
1786471449.178939490,5.8581,54.3,2400030464,0x0
1786471450.230807953,5.9463,54.9,2400033792,0x0
1786471451.284034711,5.8468,53.8,2400027136,0x0
1786471452.338936822,5.5282,54.3,2400030464,0x0
1786471453.394098488,5.8824,54.3,2400027136,0x0
1786471454.470531506,3.9247,54.3,2400030464,0x0
1786471455.526278209,5.7690,54.3,2400020480,0x0
1786471456.579010430,5.2542,57.1,2400030464,0x0
1786471457.631838856,6.1063,57.1,2400033792,0x0
1786471458.687439651,5.2086,56.0,2400023808,0x0
1786471459.741656354,2.2414,50.5,2400030464,0x0
1786471460.782573687,2.2145,49.9,2400030464,0x0
1786471461.823545760,1.9584,48.8,1900016256,0x0
1786471462.879659538,7.7434,54.3,2400027136,0x0
1786471463.955672500,7.7129,56.5,2400023808,0x0
1786471465.034319110,4.9810,55.4,2400020480,0x0
1786471466.089269665,5.5734,56.0,2400027136,0x0
1786471467.142728665,5.3331,55.4,2400030464,0x0
1786471468.196241720,5.8474,55.4,2400027136,0x0
1786471469.249602089,6.0276,56.0,2400020480,0x0
1786471470.302467200,5.8731,56.5,2400027136,0x0
1786471471.357437088,6.2278,56.5,2400023808,0x0
1786471472.412116476,6.2569,56.0,2400030464,0x0
1786471473.464807791,2.2662,52.1,2400020480,0x0
1786471474.505709216,2.2262,51.0,2400023808,0x0
1786471475.546540863,2.2352,49.4,2400027136,0x0
1786471476.595783585,5.6302,56.0,2400030464,0x0
1786471477.680822547,7.2476,56.5,2400033792,0x0
1786471478.773810398,5.3795,57.6,2400037120,0x0
1786471479.928698231,3.4408,55.4,2400033792,0x0
1786471480.981390805,5.6052,55.4,2400023808,0x0
1786471482.035512822,5.4288,56.0,2400033792,0x0
1786471483.107668414,3.2189,53.2,2400020480,0x0
1786471484.154216618,2.2362,51.0,2400033792,0x0
1786471485.195227339,2.2329,50.5,2400033792,0x0
1786471486.247711950,7.6599,56.0,2400020480,0x0
1786471487.319728986,3.5276,55.4,2400027136,0x0
1786471488.374647467,5.8767,54.9,2400020480,0x0
1786471489.431204170,4.9163,54.9,2400033792,0x0
1786471490.584193484,5.5990,55.4,2400027136,0x0
1786471491.637035409,5.6555,55.4,2400033792,0x0
1786471492.688851001,2.2325,52.1,2400020480,0x0
1786471493.729706186,2.2007,50.5,2400020480,0x0
1786471494.771273926,3.0596,50.5,2400027136,0x0
1786471495.814174277,2.2129,50.5,2400020480,0x0
1786471496.855223832,3.3482,49.9,2400033792,0x0
1786471497.896418572,2.1174,48.8,1500019456,0x0
1786471498.939539183,2.1941,50.5,2400027136,0x0
1786471499.980564997,2.2231,49.4,2400023808,0x0
1786471501.021467033,2.2214,49.4,2400033792,0x0
1786471502.068000570,4.9884,51.6,2400027136,0x0
1786471503.147783865,8.0600,56.0,2400020480,0x0
1786471504.209581828,3.7021,54.3,2400023808,0x0
1786471505.262713809,4.9923,53.8,2400033792,0x0
1786471506.315346289,5.5684,54.9,2400023808,0x0
1786471507.368693807,4.8089,56.0,2400023808,0x0
1786471508.419293899,2.2252,52.7,2400030464,0x0
1786471509.460221510,2.2095,51.0,2400023808,0x0
1786471510.501190750,2.2140,49.9,2400030464,0x0
1786471511.542089601,2.2270,51.0,2400023808,0x0
1786471512.583045212,2.2160,48.8,2400030464,0x0
1786471513.624043063,1.8881,49.9,1500022656,0x0
1786471514.668166303,3.3064,49.4,2400027136,0x0
1786471515.727768988,7.8882,55.4,2400033792,0x0
1786471516.803593802,6.9623,57.6,2400020480,0x0
1786471517.883390949,7.1531,57.6,2400030464,0x0
1786471518.977721282,7.8818,59.8,2400023808,0x0
1786471520.063700818,7.7476,59.3,2400027136,0x0
1786471521.138128170,6.8075,60.4,2400020480,0x0
1786471522.217344261,6.0872,57.1,2400027136,0x0
1786471523.270696428,5.1905,56.5,2400020480,0x0
1786471524.322174816,4.8306,56.5,2400027136,0x0
1786471525.374070278,6.0872,56.5,2400023808,0x0
1786471526.424431574,6.0759,57.6,2400033792,0x0
1786471527.475558406,6.1084,56.5,2400030464,0x0
1786471528.528409017,5.9999,57.1,2400030464,0x0
1786471529.581091683,5.5064,57.1,2400020480,0x0
1786471530.631883386,4.8546,57.6,2400030464,0x0
1786471531.682389663,2.2357,53.8,2400033792,0x0
1786471532.723442811,2.2175,52.1,2400027136,0x0
1786471533.764368421,2.2067,53.2,2400020480,0x0
1786471534.814526143,7.8279,56.5,2400027136,0x0
1786471535.891439346,4.7681,58.2,2400033792,0x0
1786471536.967395845,6.7997,60.4,2400030464,0x0
1786471538.043388271,7.1347,60.4,2400020480,0x0
1786471539.117443955,7.8321,60.9,2400020480,0x0
1786471540.207960121,8.0100,61.5,2400027136,0x0
1786471541.279512861,4.4112,60.4,2400033792,0x0
1786471542.331724546,6.1245,58.7,2400030464,0x0
1786471543.382022971,6.3500,58.2,2400023808,0x0
1786471544.435494063,5.9576,58.7,2400027136,0x0
1786471545.486209118,6.0369,58.7,2400030464,0x0
1786471546.537509673,5.9765,59.3,2400033792,0x0
1786471547.589945524,6.2801,57.6,2400030464,0x0
1786471548.642156153,5.6051,58.2,2400033792,0x0
1786471549.694063449,5.6144,58.2,2400027136,0x0
1786471550.745590893,5.7323,58.2,2400023808,0x0
1786471551.795853114,2.2107,53.8,2400027136,0x0
1786471552.836756910,2.2238,54.3,2400020480,0x0
1786471553.877649872,2.2291,53.8,2400033792,0x0
1786471554.931957094,7.6478,55.4,2400027136,0x0
1786471556.011907186,7.8582,58.2,2400027136,0x0
1786471557.087689500,7.8045,60.4,2400033792,0x0
1786471558.152279796,7.1639,60.9,2400023808,0x0
1786471559.223667462,7.8070,62.0,2400023808,0x0
1786471560.302327054,7.8755,62.0,2400027136,0x0
1786471561.379706775,7.8508,62.6,2400020480,0x0
1786471562.453877034,5.6289,60.9,2400023808,0x0
1786471563.505663107,5.2065,59.8,2400023808,0x0
1786471564.558300384,5.2020,59.3,2400033792,0x0
1786471565.611455217,4.2447,58.2,2400027136,0x0
1786471566.763798550,5.8532,58.2,2400030464,0x0
1786471567.815469864,5.4328,57.6,2400030464,0x0
1786471568.889946493,5.6176,58.7,2400020480,0x0
1786471569.959135122,6.2454,58.2,2400020480,0x0
1786471571.011018769,5.6352,58.2,2400020480,0x0
1786471572.064013454,5.1393,58.2,2400020480,0x0
1786471573.114429213,6.0558,59.8,2400027136,0x0
1786471574.165109397,5.3575,58.2,2400023808,0x0
1786471575.217552934,6.3105,57.6,2400023808,0x0
1786471576.266280766,2.2381,54.3,2400027136,0x0
1786471577.307240766,2.2180,54.3,2400020480,0x0
1786471578.348173635,2.2056,52.1,2400023808,0x0
1786471579.389087450,2.2295,52.7,2400020480,0x0
1786471580.430250653,1.8792,50.5,1600020224,0x0
1786471581.474391467,1.8428,51.6,1700017792,0x0
1786471582.528799244,7.8596,54.3,2400033792,0x0
1786471583.592576484,5.7617,57.1,2400033792,0x0
1786471584.647146817,5.4929,56.5,2400027136,0x0
1786471585.699391853,5.5315,56.5,2400030464,0x0
1786471586.752403279,5.9127,57.1,2400033792,0x0
1786471587.805167759,5.8871,57.1,2400030464,0x0
1786471588.859251925,5.2919,57.6,2400030464,0x0
1786471589.913150480,5.3705,57.1,2400020480,0x0
1786471590.967516258,6.0478,57.6,2400030464,0x0
1786471592.017065350,2.2599,55.4,2400027136,0x0
1786471593.057958738,2.2311,53.2,2400023808,0x0
1786471594.098841459,2.2181,52.1,2400033792,0x0
1786471595.140003070,2.2082,51.6,2400023808,0x0
1786471596.281631736,2.2145,52.1,2400033792,0x0
1786471597.322624828,1.8543,51.0,1600020224,0x0
1786471598.367257049,3.0729,52.1,2400037120,0x0
1786471599.435826252,5.8798,59.3,2400033792,0x0
1786471600.513718326,6.1008,57.1,2400020480,0x0
1786471601.567533548,5.3236,57.1,2400023808,0x0
1786471602.620706399,5.2840,57.1,2400030464,0x0
1786471603.670760324,2.2369,53.8,2400020480,0x0
1786471604.711680823,2.2173,52.7,2400020480,0x0
1786471605.752552767,2.2140,52.1,2400027136,0x0
1786471606.793635841,2.2197,52.1,2400027136,0x0
1786471607.834676007,2.2064,51.6,2400030464,0x0
1786471608.876037247,1.8447,50.5,1500022656,0x0
1786471609.919636728,3.1946,51.6,2400023808,0x0
1786471610.971682875,7.9018,57.6,2400020480,0x0
1786471612.055340745,7.8497,59.3,2400030464,0x0
1786471613.143943855,7.8053,59.8,2400030464,0x0
1786471614.227703040,7.9343,61.5,2400030464,0x0
1786471615.307414836,6.7947,60.9,2400033792,0x0
1786471616.383362354,5.9918,61.5,2400023808,0x0
1786471617.452290186,6.1022,58.2,2400027136,0x0
1786471618.504645111,5.8573,59.3,2400030464,0x0
1786471619.557122981,5.9783,58.7,2400033792,0x0
1786471620.610677036,4.5970,58.2,2400030464,0x0
1786471621.661201239,5.1433,57.1,2400030464,0x0
1786471622.712227794,5.4422,58.7,2400027136,0x0
1786471623.764414516,5.4918,58.2,2400033792,0x0
1786471624.815548774,5.6825,59.3,2400023808,0x0
1786471625.866145922,2.2655,55.4,2400030464,0x0
1786471626.907060736,2.2155,54.3,2400023808,0x0
1786471627.947960050,2.2275,53.2,2400030464,0x0
1786471628.989362050,3.3773,53.8,2400033792,0x0
1786471630.041336345,7.8485,58.7,2400033792,0x0
1786471631.120780493,7.3075,61.5,2400027136,0x0
1786471632.209273992,3.5781,60.4,2400027136,0x0
1786471633.295664380,7.8092,63.1,2400020480,0x0
1786471634.378405898,3.7021,62.6,2400023808,0x0
1786471635.449442046,7.8296,62.6,2400023808,0x0
1786471636.531671267,7.7821,64.2,2400023808,0x0
1786471637.608551563,5.4174,62.0,2400033792,0x0
1786471638.661443859,5.2255,59.8,2400023808,0x0
1786471639.813341617,4.7700,60.4,2400027136,0x0
1786471640.866619098,5.6662,59.8,2400023808,0x0
1786471641.918795690,6.0273,59.8,2400020480,0x0
1786471642.970456486,5.3485,59.3,2400033792,0x0
1786471644.020602763,5.2800,58.7,2400023808,0x0
1786471645.073915151,6.2629,57.6,2400033792,0x0
1786471646.125141836,5.2005,58.7,2400023808,0x0
1786471647.175957446,2.2760,58.2,2400030464,0x0
1786471648.216916760,2.3110,54.9,2400023808,0x0
1786471649.257845834,2.2518,53.8,2400023808,0x0
1786471650.308321704,4.9706,53.2,1600020224,0x0
1786471651.382013888,5.7138,59.3,2400030464,0x0
1786471652.542639925,6.1752,58.2,2400030464,0x0
1786471653.597249646,6.1157,60.4,2400023808,0x0
1786471654.650518034,5.5610,57.6,2400023808,0x0
1786471655.704611275,5.7118,59.3,2400027136,0x0
1786471656.758132311,5.5376,60.9,2400033792,0x0
1786471657.812461347,6.0508,59.8,2400023808,0x0
1786471658.867163124,4.7667,60.9,2400030464,0x0
1786471659.920282494,6.1126,59.8,2400033792,0x0
1786471660.974190586,6.0590,60.4,2400030464,0x0
1786471662.027184511,5.8138,60.9,2400033792,0x0
1786471663.080610715,5.9787,60.9,2400023808,0x0
1786471664.134205214,6.2800,60.9,2400033792,0x0
1786471665.187554695,6.0454,58.2,2400037120,0x0
1786471666.241789490,6.1286,58.7,2400023808,0x0
1786471667.295394712,6.0359,59.3,2400020480,0x0
1786471668.349611841,5.5510,58.7,2400030464,0x0
1786471669.404372266,4.8741,58.7,2400030464,0x0
1786471670.458345803,5.3774,59.3,2400030464,0x0
1786471671.512075043,6.0648,58.7,2400033792,0x0
1786471672.566162339,5.7882,60.4,2400023808,0x0
1786471673.619344875,5.5580,59.3,2400030464,0x0
1786471674.672896041,6.2807,59.3,2400033792,0x0
1786471675.726290244,6.2031,59.3,2400030464,0x0
1786471676.780123151,5.4383,58.7,2400030464,0x0
1786471677.832637261,3.6506,58.7,2400027136,0x0
1786471678.886695983,5.6280,59.8,2400027136,0x0
1786471679.940689797,5.7994,59.8,2400023808,0x0
1786471680.995849889,5.7406,59.8,2400033792,0x0
1786471682.049083129,5.8504,59.3,2400023808,0x0
1786471683.203249295,5.7124,59.3,2400027136,0x0
1786471684.257144572,5.0210,59.3,2400027136,0x0
1786471685.310487386,5.3125,59.8,2400023808,0x0
1786471686.363287238,5.7848,59.8,2400023808,0x0
1786471687.417696737,6.2161,60.4,2400030464,0x0
1786471688.470996848,4.9325,59.3,2400030464,0x0
1786471689.523661162,6.2329,60.4,2400023808,0x0
1786471690.579093476,5.7904,58.7,2400023808,0x0
1786471691.633910272,5.6730,59.8,2400027136,0x0
1786471692.687608382,5.9335,57.6,2400033792,0x0
1786471693.741091493,6.1479,60.4,2400020480,0x0
1786471694.795205362,5.8350,58.7,2400033792,0x0
1786471695.849838991,5.5605,58.7,2400020480,0x0
1786471696.903646139,5.7307,59.3,2400020480,0x0
1786471697.957072175,5.5090,59.8,2400033792,0x0
1786471699.011240064,5.7201,60.9,2400020480,0x0
1786471700.066141804,5.6611,59.3,2400033792,0x0
1786471701.120873655,5.6073,59.8,2400033792,0x0
1786471702.174692043,5.8088,58.7,2400033792,0x0
1786471703.228636894,6.2652,60.9,2400020480,0x0
1786471704.282949894,6.2676,59.8,2400030464,0x0
1786471705.336289245,5.5698,60.4,2400023808,0x0
1786471706.389083948,5.9794,59.3,2400030464,0x0
1786471707.442175910,6.3221,60.4,2400020480,0x0
1786471708.497752021,5.5681,58.7,2400023808,0x0
1786471709.552197279,5.5862,58.7,2400020480,0x0
1786471710.606800742,6.2973,60.9,2400030464,0x0
1786471711.661383463,6.1250,59.8,2400037120,0x0
1786471712.715530185,6.0737,59.8,2400023808,0x0
1786471713.769787203,5.9421,59.8,2400020480,0x0
1786471714.823859517,6.2516,59.8,2400023808,0x0
1786471715.878961572,6.2782,60.9,2400027136,0x0
1786471716.933765090,5.7060,60.9,2400030464,0x0
1786471717.987634830,4.8878,59.3,2400027136,0x0
1786471719.040755811,5.4295,59.3,2400030464,0x0
1786471720.094347458,6.2801,58.7,2400023808,0x0
1786471721.147731273,5.3550,58.7,2400033792,0x0
1786471722.202191587,5.6660,58.7,2400027136,0x0
1786471723.256468475,6.2925,59.8,2400033792,0x0
1786471724.310993511,6.2322,60.4,2400020480,0x0
1786471725.365650492,5.5085,59.3,2400027136,0x0
1786471726.420001695,5.4690,59.3,2400020480,0x0
1786471727.473724621,5.4051,59.8,2400020480,0x0
1786471728.527685435,5.5071,59.8,2400030464,0x0
1786471729.580907897,5.5496,59.3,2400027136,0x0
1786471730.633959008,5.2221,59.8,2400020480,0x0
1786471731.687348877,6.1393,59.8,2400033792,0x0
1786471732.740531599,6.2113,59.8,2400023808,0x0
1786471733.793569209,6.1161,60.4,2400023808,0x0
1786471734.847870801,6.2771,60.4,2400023808,0x0
1786471735.901089764,6.2931,60.9,2400027136,0x0
1786471736.955332745,5.8427,60.4,2400020480,0x0
1786471738.009709003,5.6018,60.9,2400020480,0x0
1786471739.064111503,5.7055,59.8,2400020480,0x0
1786471740.120321706,6.4411,60.4,2400030464,0x0
1786471741.174718242,5.5672,59.8,2400020480,0x0
1786471742.228346019,5.9408,60.4,2400027136,0x0
1786471743.282083537,5.2876,60.4,2400023808,0x0
1786471744.336823759,5.5634,60.4,2400020480,0x0
1786471745.391191332,5.7604,60.9,2400030464,0x0
1786471746.444235572,6.2373,60.4,2400020480,0x0
1786471747.498995331,6.1879,59.8,2400020480,0x0
1786471748.553339867,5.3415,59.8,2400023808,0x0
1786471749.605733311,6.3090,61.5,2400037120,0x0
1786471750.660522033,5.4885,59.8,2400030464,0x0
1786471751.714701180,5.5502,60.4,2400020480,0x0
1786471752.768813050,6.2716,60.4,2400023808,0x0
1786471753.823208401,6.2707,60.4,2400033792,0x0
1786471754.878006382,6.3000,60.4,2400033792,0x0
1786471755.932734252,5.4049,60.4,2400030464,0x0
1786471756.987180862,6.3355,60.4,2400020480,0x0
1786471758.041369658,6.0104,60.4,2400020480,0x0
1786471759.095653935,6.0090,60.9,2400033792,0x0
1786471760.149331101,5.5451,60.4,2400033792,0x0
1786471761.203085767,6.2601,62.6,2400027136,0x0
1786471762.257701489,6.2692,62.0,2400020480,0x0
1786471763.310877303,5.7416,59.8,2400027136,0x0
1786471764.364712432,5.7925,59.8,2400027136,0x0
1786471765.418892005,5.9746,60.4,2400020480,0x0
1786471766.473854727,5.6904,62.0,2400030464,0x0
1786471767.528662967,5.5416,61.5,2400023808,0x0
1786471768.583463985,5.7904,60.4,2400027136,0x0
1786471769.637254744,5.7477,60.4,2400027136,0x0
1786471770.690524576,5.8986,60.9,2400030464,0x0
1786471771.743973076,5.4746,62.6,2400033792,0x0
1786471772.797170631,5.3704,60.4,2400023808,0x0
1786471773.851241556,6.1758,61.5,2400023808,0x0
1786471774.904286518,4.9462,61.5,2400033792,0x0
1786471775.956844814,5.3325,60.4,2400023808,0x0
1786471777.009753276,5.4115,59.8,2400020480,0x0
1786471778.062036424,5.7416,60.4,2400030464,0x0
1786471779.115384405,5.9461,60.4,2400027136,0x0
1786471780.170475923,5.6195,60.9,2400030464,0x0
1786471781.225611774,5.6760,59.8,2400020480,0x0
1786471782.278726088,5.5413,59.8,2400023808,0x0
1786471783.333061365,4.9568,58.7,2400023808,0x0
1786471784.386172550,6.0829,60.4,2400020480,0x0
1786471785.439767216,5.7959,60.9,2400033792,0x0
1786471786.493884567,6.0974,62.0,2400027136,0x0
1786471787.547386233,5.5973,60.4,2400023808,0x0
1786471788.601989510,4.7358,60.9,2400023808,0x0
1786471789.655556917,6.3167,60.4,2400027136,0x0
1786471790.709555527,5.1632,60.4,2400023808,0x0
1786471791.763881953,6.3118,60.9,2400023808,0x0
1786471792.819217508,5.6310,60.9,2400030464,0x0
1786471793.873807470,5.3909,62.6,2400020480,0x0
1786471794.927581173,5.9429,61.5,2400027136,0x0
1786471795.982164839,6.0234,62.6,2400030464,0x0
1786471797.036723394,6.3121,59.3,2400030464,0x0
1786471798.090888060,3.6747,58.7,2400027136,0x0
1786471799.145049578,6.1636,60.4,2400030464,0x0
1786471800.199658688,6.2214,60.9,2400020480,0x0
1786471801.253374317,6.1951,61.5,2400023808,0x0
1786471802.308066595,5.7681,60.4,2400030464,0x0
1786471803.361586798,5.4862,60.4,2400033792,0x0
1786471804.415218408,6.1574,60.4,2400033792,0x0
1786471805.468215593,5.0704,60.4,2400030464,0x0
1786471806.521244203,5.8338,60.4,2400020480,0x0
1786471807.574387073,5.9546,60.9,2400033792,0x0
1786471808.629001943,5.9634,60.4,2400023808,0x0
1786471809.684059646,5.7251,61.5,2400027136,0x0
1786471810.738537682,5.8840,60.9,2400027136,0x0
1786471811.792577607,5.5734,60.9,2400023808,0x0
1786471812.846560662,5.3197,60.9,2400020480,0x0
1786471813.899965236,6.1380,60.9,2400033792,0x0
1786471814.953740106,5.2679,61.5,2400030464,0x0
1786471816.007003642,5.9121,60.9,2400020480,0x0
1786471817.061579141,5.3738,60.9,2400027136,0x0
1786471818.114795511,5.8449,59.3,2400030464,0x0
1786471819.167553770,3.5200,59.3,2400023808,0x0
1786471820.222716491,5.6779,59.8,2400030464,0x0
1786471821.277431861,6.3010,60.4,2400027136,0x0
1786471822.332356286,4.9075,59.8,2400033792,0x0
1786471823.386389878,5.7144,60.4,2400020480,0x0
1786471824.440747396,5.4169,59.8,2400020480,0x0
1786471825.494252784,5.6695,61.5,2400023808,0x0
1786471826.547814784,5.4094,60.4,2400023808,0x0
1786471827.601869228,5.3498,60.4,2400033792,0x0
1786471828.655398560,5.8669,59.3,2400030464,0x0
1786471829.709510152,4.8959,60.4,2400020480,0x0
1786471830.762292041,6.2771,60.4,2400030464,0x0
1786471831.816747262,5.3424,59.8,2400033792,0x0
1786471832.870352947,5.3891,59.8,2400023808,0x0
1786471833.923550446,6.1990,59.8,2400033792,0x0
1786471834.968930038,6.0685,59.8,2400037120,0x0
1786471836.023764223,5.3359,61.5,2400027136,0x0
1786471837.078532907,5.5549,60.9,2400020480,0x0
1786471838.133058055,5.9857,60.9,2400023808,0x0
1786471839.187477128,5.7783,60.9,2400030464,0x0
1786471840.243372331,5.8279,60.9,2400033792,0x0
1786471841.297483868,5.5920,60.9,2400027136,0x0
1786471842.351227200,5.6179,60.9,2400033792,0x0
1786471843.404500200,5.5414,62.6,2400030464,0x0
1786471844.457251477,5.5137,60.4,2400030464,0x0
1786471845.510272865,6.1331,60.4,2400023808,0x0
1786471846.563894957,5.6560,60.4,2400023808,0x0
1786471847.617161642,5.7102,59.3,2400027136,0x0
1786471848.670565789,6.2237,60.9,2400027136,0x0
1786471849.725639400,5.4266,62.0,2400020480,0x0
1786471850.780649343,4.6283,62.0,2400030464,0x0
1786471851.834286509,6.0246,60.4,2400030464,0x0
1786471852.887549935,6.1201,62.6,2400020480,0x0
1786471853.941101379,6.1584,60.9,2400027136,0x0
1786471854.995742378,6.0051,60.4,2400030464,0x0
1786471856.050692859,6.3306,60.9,2400027136,0x0
1786471857.105217729,5.5082,62.0,2400033792,0x0
1786471858.158664932,6.0387,60.4,2400030464,0x0
1786471859.212231931,4.8182,60.9,2400020480,0x0
1786471860.265572116,6.5457,60.9,2400033792,0x0
1786471861.320600226,6.4465,60.9,2400023808,0x0
1786471862.374137799,4.8978,60.4,2400030464,0x0
1786471863.430816447,5.6193,59.8,2400027136,0x0
1786471864.483998076,6.1140,60.9,2400033792,0x0
1786471865.537078631,6.1668,60.9,2400030464,0x0
1786471866.592177908,6.0087,60.9,2400027136,0x0
1786471867.646489148,6.1275,60.4,2400027136,0x0
1786471868.703565814,6.0122,60.9,2400030464,0x0
1786471869.756897647,4.9786,60.9,2400020480,0x0
1786471870.809887257,5.9073,60.9,2400023808,0x0
1786471871.863849627,6.0032,60.4,2400020480,0x0
1786471872.917147293,4.9174,60.9,2400027136,0x0
1786471873.970965015,5.7081,60.4,2400020480,0x0
1786471875.023679459,4.2193,61.5,2400033792,0x0
1786471876.077591958,5.7855,59.8,2400023808,0x0
1786471877.131583143,5.5818,61.5,2400037120,0x0
1786471878.186013309,6.1371,60.9,2400030464,0x0
1786471879.241176826,5.9854,60.9,2400020480,0x0
1786471880.298216585,5.9940,58.7,2400033792,0x0
1786471881.351962159,5.6439,60.9,2400020480,0x0
1786471882.406467991,5.6444,59.8,2400033792,0x0
1786471883.459884676,5.4878,60.4,2400033792,0x0
1786471884.513946305,6.0073,61.5,2400033792,0x0
1786471885.567921304,6.3202,59.8,2400023808,0x0
1786471886.620649081,6.2917,61.5,2400030464,0x0
1786471887.674940877,5.5514,59.8,2400023808,0x0
1786471888.728881969,5.8762,59.8,2400023808,0x0
1786471889.782310246,4.9020,60.4,2400020480,0x0
1786471890.835157838,5.8774,60.4,2400033792,0x0
1786471891.888865486,5.9925,59.8,2400020480,0x0
1786471892.944340911,5.8040,59.3,2400023808,0x0
1786471893.999305244,5.7108,61.5,2400023808,0x0
1786471895.052950539,4.9283,60.4,2400027136,0x0
1786471896.107498761,6.2056,60.4,2400030464,0x0
1786471897.161824297,5.5400,60.4,2400027136,0x0
1786471898.216257871,5.1819,62.0,2400027136,0x0
1786471899.270537333,5.8124,61.5,2400030464,0x0
1786471900.324079203,5.5453,59.8,2400030464,0x0
1786471901.377439147,6.2143,60.4,2400023808,0x0
1786471902.434687461,6.2872,60.4,2400030464,0x0
1786471903.488436886,4.9990,60.4,2400030464,0x0
1786471904.541044311,6.0879,60.4,2400037120,0x0
1786471905.596076366,6.1644,60.9,2400033792,0x0
1786471906.650480884,5.9439,60.4,2400023808,0x0
1786471907.704127050,5.6934,60.9,2400030464,0x0
1786471908.758005679,6.1453,60.9,2400030464,0x0
1786471909.812678012,5.9952,60.4,2400027136,0x0
1786471910.866991493,6.3255,59.3,2400027136,0x0
1786471911.921836992,6.2675,60.4,2400033792,0x0
1786471912.976400140,6.3227,59.8,2400030464,0x0
1786471914.030401065,6.0843,60.4,2400030464,0x0
1786471915.083207935,4.9554,62.0,2400030464,0x0
1786471916.137406712,5.3456,61.5,2400023808,0x0
1786471917.190444971,6.3382,61.5,2400020480,0x0
1786471918.244763285,5.5018,59.3,2400030464,0x0
1786471919.298519451,5.8261,60.4,2400020480,0x0
1786471920.352888302,6.1909,60.9,2400033792,0x0
1786471921.407360487,6.3044,60.4,2400020480,0x0
1786471922.462447078,6.0813,59.8,2400027136,0x0
1786471923.516770300,5.7151,59.8,2400033792,0x0
1786471924.570986985,6.1957,60.4,2400033792,0x0
1786471925.625595114,5.1894,60.9,2400033792,0x0
1786471926.679819039,5.8067,60.9,2400033792,0x0
1786471927.733038742,5.7788,58.7,2400023808,0x0
1786471928.786706797,5.9229,60.4,2400033792,0x0
1786471929.840230296,5.3810,60.4,2400023808,0x0
1786471930.894383129,5.7593,60.9,2400027136,0x0
1786471931.947994832,5.9793,61.5,2400023808,0x0
1786471933.001331313,5.6185,60.4,2400033792,0x0
1786471934.055795220,6.2831,60.4,2400030464,0x0
1786471935.110161515,5.5611,60.4,2400020480,0x0
1786471936.165170978,6.0455,60.4,2400030464,0x0
1786471937.219923292,5.9334,59.8,2400033792,0x0
1786471938.274082606,5.7338,60.4,2400020480,0x0
1786471939.331281680,5.8641,60.9,2400030464,0x0
1786471940.384600660,5.3702,62.6,2400030464,0x0
1786471941.437310178,5.6219,60.4,2400030464,0x0
1786471942.491667992,5.5769,60.9,2400020480,0x0
1786471943.545381918,6.1908,60.4,2400020480,0x0
1786471944.599119269,5.5840,60.9,2400030464,0x0
1786471945.652717028,5.3743,62.0,2400030464,0x0
1786471946.706097434,6.2697,61.5,2400030464,0x0
1786471947.759134878,6.0850,62.6,2400030464,0x0
1786471948.815644581,4.8466,60.9,2400023808,0x0
1786471949.871948395,6.1593,60.9,2400027136,0x0
1786471951.028259376,5.4984,61.5,2400030464,0x0
1786471952.082965765,4.7914,60.4,2400027136,0x0
1786471953.136812949,5.6613,60.4,2400027136,0x0
1786471954.190603263,4.5948,60.9,2400023808,0x0
1786471955.243406929,6.1892,60.9,2400023808,0x0
1786471956.296588688,6.1112,60.9,2400027136,0x0
1786471957.350261058,6.2460,60.9,2400023808,0x0
1786471958.403786335,6.2526,62.0,2400023808,0x0
1786471959.457466834,6.0549,61.5,2400023808,0x0
1786471960.510605259,5.3992,60.4,2400020480,0x0
1786471961.563521444,5.4011,60.9,2400027136,0x0
1786471962.617587332,6.3347,60.9,2400030464,0x0
1786471963.672083980,6.2010,59.8,2400027136,0x0
1786471964.727199461,5.7894,60.9,2400020480,0x0
1786471965.781719016,5.3906,60.9,2400023808,0x0
1786471966.835740126,5.6054,60.9,2400023808,0x0
1786471967.890267366,5.4176,61.5,2400030464,0x0
1786471968.943932069,5.7421,60.9,2400027136,0x0
1786471969.997661680,5.7026,60.9,2400030464,0x0
1786471971.051485383,6.1507,60.9,2400030464,0x0
1786471972.106669975,5.7549,62.6,2400030464,0x0
1786471973.160561122,5.6453,60.4,2400027136,0x0
1786471974.213754344,6.0998,60.4,2400027136,0x0
1786471975.267014510,5.7501,62.6,2400033792,0x0
1786471976.321321454,5.9957,60.4,2400023808,0x0
1786471977.376483768,6.2541,60.9,2400020480,0x0
1786471978.431987582,5.6357,61.5,2400023808,0x0
1786471979.486706656,5.7569,60.4,2400020480,0x0
1786471980.541255285,4.7997,60.4,2400020480,0x0
1786471981.595213617,5.8673,61.5,2400033792,0x0
1786471982.648543450,6.0472,60.9,2400020480,0x0
1786471983.705572523,5.5686,60.4,2400027136,0x0
1786471984.759174949,5.8041,60.9,2400020480,0x0
1786471985.812179596,6.3147,61.5,2400030464,0x0
1786471986.867043188,5.4809,60.4,2400023808,0x0
1786471987.919303373,5.8561,60.9,2400033792,0x0
1786471988.972188150,6.2888,62.0,2400020480,0x0
1786471990.026447594,6.3639,60.4,2400030464,0x0
1786471991.081538130,5.5533,60.9,2400027136,0x0
1786471992.135628611,5.3498,60.9,2400023808,0x0
1786471993.189604277,4.8816,61.5,2400033792,0x0
1786471994.243776073,5.9876,59.8,2400020480,0x0
1786471995.297859424,6.2707,60.9,2400020480,0x0
1786471996.351318646,5.9611,60.9,2400033792,0x0
1786471997.404928219,6.0973,60.9,2400027136,0x0
1786471998.457699681,5.3681,59.8,2400020480,0x0
1786471999.511724829,5.5800,60.4,2400027136,0x0
1786472000.564817939,4.4764,60.9,2400027136,0x0
1786472001.618063791,6.1081,60.4,2400027136,0x0
1786472002.670834975,5.8570,62.6,2400020480,0x0
1786472003.723651400,6.1033,60.9,2400037120,0x0
1786472004.778630178,5.4611,59.8,2400020480,0x0
1786472005.832940658,5.6980,60.9,2400033792,0x0
1786472006.886545028,5.9541,61.5,2400030464,0x0
1786472007.940392583,6.2130,61.5,2400033792,0x0
1786472008.994264638,6.1213,60.9,2400027136,0x0
1786472010.048163489,6.2331,62.0,2400030464,0x0
1786472011.102101989,6.0139,61.5,2400023808,0x0
1786472012.155608544,5.3570,62.0,2400027136,0x0
1786472013.208562858,6.0988,61.5,2400020480,0x0
1786472014.261315968,5.7174,60.9,2400027136,0x0
1786472015.315357764,5.5371,60.9,2400030464,0x0
1786472016.368615411,5.5824,60.9,2400030464,0x0
1786472017.420975559,5.6205,62.0,2400027136,0x0
1786472018.478444299,5.3332,62.6,2400033792,0x0
1786472019.531486910,5.6236,61.5,2400027136,0x0
1786472020.584382094,6.3327,60.9,2400030464,0x0
1786472021.638508945,5.6253,62.0,2400033792,0x0
1786472022.694270093,5.4475,60.4,2400027136,0x0
1786472023.748277444,5.3072,60.4,2400023808,0x0
1786472024.802460573,5.6480,59.3,2400023808,0x0
1786472025.855708739,6.0416,60.9,2400027136,0x0
1786472026.909962146,6.1442,60.9,2400027136,0x0
1786472027.964647127,6.2072,60.9,2400020480,0x0
1786472029.018980626,5.4757,61.5,2400020480,0x0
1786472030.072746959,5.6207,60.9,2400020480,0x0
1786472031.129178440,5.5415,62.0,2400020480,0x0
1786472032.187077161,5.5078,60.9,2400033792,0x0
1786472033.241238809,6.0545,61.5,2400027136,0x0
1786472034.295789716,5.6849,61.5,2400020480,0x0
1786472035.350587493,5.7002,61.5,2400030464,0x0
1786472036.404225325,5.7801,61.5,2400033792,0x0
1786472037.457724899,5.5872,60.9,2400023808,0x0
1786472038.510684417,5.5441,60.9,2400020480,0x0
1786472039.564294601,6.1768,62.0,2400030464,0x0
1786472040.618197767,5.7549,61.5,2400027136,0x0
1786472041.672011693,5.5751,61.5,2400020480,0x0
1786472042.725469044,6.2769,62.6,2400020480,0x0
1786472043.779581821,6.1670,62.0,2400027136,0x0
1786472044.832353357,5.5774,61.5,2400033792,0x0
1786472045.885333894,5.1954,60.9,2400030464,0x0
1786472046.939569004,3.6831,61.5,2400027136,0x0
1786472047.994130615,5.7964,62.0,2400020480,0x0
1786472049.048043725,5.5850,61.5,2400033792,0x0
1786472050.101446706,6.2061,60.9,2400033792,0x0
1786472051.155473150,5.5048,61.5,2400027136,0x0
1786472052.209453501,6.1205,60.9,2400030464,0x0
1786472053.262346389,5.4839,61.5,2400020480,0x0
1786472054.316690130,5.6576,60.9,2400020480,0x0
1786472055.370638018,4.8407,61.5,2400030464,0x0
1786472056.423955128,5.6402,60.9,2400027136,0x0
1786472057.477374276,5.9502,61.5,2400027136,0x0
1786472058.531341886,5.5088,61.5,2400030464,0x0
1786472059.584253719,5.7553,61.5,2400020480,0x0
1786472060.637626755,4.8816,62.0,2400037120,0x0
1786472061.692499292,5.6722,60.9,2400030464,0x0
1786472062.745901643,5.7463,61.5,2400020480,0x0
1786472063.799180383,6.1140,59.8,2400020480,0x0
1786472064.853505345,6.2333,61.5,2400023808,0x0
1786472065.907938437,6.2641,61.5,2400027136,0x0
1786472066.961364029,5.9960,62.0,2400033792,0x0
1786472068.015553047,6.0879,61.5,2400030464,0x0
1786472069.069451047,5.5180,60.9,2400020480,0x0
1786472070.123085527,5.6883,60.9,2400033792,0x0
1786472071.177018360,4.9416,62.0,2400023808,0x0
1786472072.231161582,6.1682,62.0,2400023808,0x0
1786472073.285005377,6.1815,60.4,2400023808,0x0
1786472074.338581173,5.6507,61.5,2400030464,0x0
1786472075.392650210,5.4522,60.9,2400033792,0x0
1786472076.446830116,6.2119,59.8,2400027136,0x0
1786472077.501314708,5.4485,61.5,2400027136,0x0
1786472078.555596467,5.5288,61.5,2400033792,0x0
1786472079.609451096,4.8891,61.5,2400030464,0x0
1786472080.664044595,5.3057,62.0,2400023808,0x0
1786472081.719056095,5.7969,61.5,2400023808,0x0
1786472082.772303761,5.4346,60.4,2400023808,0x0
1786472083.826141630,6.2512,62.6,2400033792,0x0
1786472084.880035352,5.6854,63.1,2400030464,0x0
1786472085.934137722,5.8759,61.5,2400030464,0x0
1786472086.987543258,4.2936,60.9,2400020480,0x0
1786472088.041276128,5.8089,60.9,2400033792,0x0
1786472089.095541794,6.0558,60.9,2400023808,0x0
1786472090.150111108,5.5576,61.5,2400020480,0x0
1786472091.205022959,5.6625,62.0,2400033792,0x0
1786472092.260141477,5.5885,60.9,2400023808,0x0
1786472093.313292143,5.7579,60.4,2400027136,0x0
1786472094.366841272,5.6567,61.5,2400023808,0x0
1786472095.421139457,5.0191,61.5,2400027136,0x0
1786472096.475473401,5.5960,60.4,2400023808,0x0
1786472097.528976604,5.4113,60.9,2400020480,0x0
1786472098.582190788,5.8152,62.6,2400033792,0x0
1786472099.635372510,6.3317,61.5,2400030464,0x0
1786472100.690253528,5.5799,62.6,2400033792,0x0
1786472101.742630731,5.8938,60.9,2400023808,0x0
1786472102.795984156,6.5088,62.6,2400033792,0x0
1786472103.850339859,5.8097,60.4,2400033792,0x0
1786472104.904920710,5.6650,62.0,2400027136,0x0
1786472105.957965191,5.3554,61.5,2400027136,0x0
1786472107.012011876,6.1241,61.5,2400020480,0x0
1786472108.064901505,5.5098,60.9,2400030464,0x0
1786472109.118681375,6.0423,60.9,2400033792,0x0
1786472110.171652430,5.4548,63.7,2400027136,0x0
1786472111.226361540,5.8099,61.5,2400020480,0x0
1786472112.279567836,5.5448,60.4,2400027136,0x0
1786472113.333451631,5.4634,61.5,2400023808,0x0
1786472114.386923205,5.9587,62.6,2400033792,0x0
1786472115.442220112,5.4022,62.0,2400033792,0x0
1786472116.495250907,4.3235,61.5,2400027136,0x0
1786472117.550146703,5.7594,62.0,2400033792,0x0
1786472118.604330276,5.6643,62.0,2400027136,0x0
1786472119.658463424,5.9575,62.0,2400020480,0x0
1786472120.712348757,6.0612,61.5,2400023808,0x0
1786472121.766728886,6.1008,62.0,2400030464,0x0
1786472122.819561459,5.8068,60.9,2400020480,0x0
1786472123.873265532,6.2043,61.5,2400030464,0x0
1786472124.927416328,6.2454,61.5,2400020480,0x0
1786472125.981164642,5.3853,62.0,2400030464,0x0
1786472127.033634586,5.8517,62.0,2400023808,0x0
1786472128.090946530,5.0788,63.1,2400033792,0x0
1786472129.144141511,6.3033,60.9,2400033792,0x0
1786472130.197366584,5.3674,60.9,2400030464,0x0
1786472131.251532917,5.4712,61.5,2400020480,0x0
1786472132.305705194,6.1384,61.5,2400030464,0x0
1786472133.360398397,6.1192,61.5,2400020480,0x0
1786472134.413316508,5.7854,62.6,2400027136,0x0
1786472135.467217433,5.8396,61.5,2400027136,0x0
1786472136.520617969,5.5292,60.9,2400030464,0x0
1786472137.574526247,5.1786,61.5,2400030464,0x0
1786472138.628381783,5.6261,61.5,2400033792,0x0
1786472139.682226356,5.6700,61.5,2400023808,0x0
1786472140.736031226,6.2207,63.1,2400030464,0x0
1786472141.789093244,5.7084,62.6,2400023808,0x0
1786472142.842498558,5.6472,63.1,2400030464,0x0
1786472143.896188965,5.9335,62.6,2400033792,0x0
1786472144.951054724,4.8373,63.1,2400030464,0x0
1786472146.005352371,6.1757,62.6,2400020480,0x0
1786472147.059759889,5.4683,65.3,2400023808,0x0
1786472148.114108074,6.1976,63.7,2400020480,0x0
1786472149.168291554,6.2220,63.7,2400033792,0x0
1786472150.222951276,5.5315,63.7,2400023808,0x0
1786472151.276633627,5.4805,63.7,2400027136,0x0
1786472152.330466664,6.0558,62.6,2400020480,0x0
1786472153.383769126,5.5053,61.5,2400033792,0x0
1786472154.437013940,4.8368,62.0,2400033792,0x0
1786472155.489850588,6.3542,63.7,2400027136,0x0
1786472156.542856161,5.6775,64.2,2400023808,0x0
1786472157.599414568,5.8732,61.5,2400027136,0x0
1786472158.653512401,6.1221,60.9,2400023808,0x0
1786472159.708219344,5.7053,61.5,2400033792,0x0
1786472160.763028936,5.8220,60.9,2400030464,0x0
1786472161.817041788,4.8987,61.5,2400023808,0x0
1786472162.871812398,6.2334,62.0,2400027136,0x0
1786472163.925733916,6.3550,63.1,2400030464,0x0
1786472164.979773286,6.3271,63.1,2400023808,0x0
1786472166.033626507,6.3645,63.7,2400027136,0x0
1786472167.087383247,5.4339,63.7,2400033792,0x0
1786472168.141619228,5.8107,62.6,2400020480,0x0
1786472169.195804043,5.7868,63.7,2400023808,0x0
1786472170.248626709,5.6779,62.6,2400027136,0x0
1786472171.303393504,5.3166,62.6,2400033792,0x0
1786472172.355841726,5.3007,63.1,2400023808,0x0
1786472173.409744725,5.7920,63.1,2400037120,0x0
1786472174.463957965,5.3175,62.0,2400033792,0x0
1786472175.518193168,6.2926,62.6,2400033792,0x0
1786472176.572272205,6.0749,63.7,2400033792,0x0
1786472177.626358704,5.7894,62.0,2400023808,0x0
1786472178.678886852,4.8384,63.7,2400023808,0x0
1786472179.731920314,5.8824,63.7,2400023808,0x0
1786472180.789748536,4.4963,62.0,2400023808,0x0
1786472181.844248702,6.0885,61.5,2400033792,0x0
1786472182.897900034,5.3897,62.0,2400020480,0x0
1786472183.951384997,5.7393,63.1,2400023808,0x0
1786472185.004532848,5.0025,60.4,2400033792,0x0
1786472186.057043736,6.0175,60.9,2400020480,0x0
1786472187.109408773,5.7382,60.9,2400030464,0x0
1786472188.163337865,6.1871,61.5,2400033792,0x0
1786472189.217479364,4.2478,62.0,2400033792,0x0
1786472190.272354252,5.5408,62.6,2400033792,0x0
1786472191.326523085,5.6996,62.0,2400030464,0x0
1786472192.380355103,4.9333,62.0,2400027136,0x0
1786472193.433609139,5.2771,62.0,2400027136,0x0
1786472194.488505490,5.5440,61.5,2400030464,0x0
1786472195.542593175,5.7470,62.0,2400027136,0x0
1786472196.596423693,5.8443,60.4,2400027136,0x0
1786472197.649913007,5.5398,62.6,2400030464,0x0
1786472198.703684784,5.9228,61.5,2400027136,0x0
1786472199.757226709,5.6407,62.0,2400030464,0x0
1786472200.811129524,5.6380,63.7,2400023808,0x0
1786472201.864760764,6.2921,63.7,2400020480,0x0
1786472202.919400078,6.2028,62.0,2400020480,0x0
1786472203.973440133,5.5323,62.6,2400027136,0x0
1786472205.028223077,5.6072,62.0,2400027136,0x0
1786472206.081949354,5.5018,63.1,2400020480,0x0
1786472207.135988798,5.9191,61.5,2400030464,0x0
1786472208.189914945,5.5931,60.9,2400023808,0x0
1786472209.242923778,5.8170,62.6,2400027136,0x0
1786472210.295760833,5.9722,62.0,2400030464,0x0
1786472211.349838073,4.3351,62.0,2400023808,0x0
1786472212.403449035,5.6707,63.1,2400030464,0x0
1786472213.456921498,5.3370,63.7,2400023808,0x0
1786472214.510307904,6.3473,63.7,2400027136,0x0
1786472215.562549737,6.0894,62.0,2400027136,0x0
1786472216.617437403,5.8028,62.6,2400020480,0x0
1786472217.671453421,6.1674,62.6,2400023808,0x0
1786472218.724747606,5.6228,62.0,2400033792,0x0
1786472219.779432475,6.1246,61.5,2400033792,0x0
1786472220.834579086,5.5760,61.5,2400027136,0x0
1786472221.888450770,5.9193,62.0,2400027136,0x0
1786472222.942705973,5.8667,60.9,2400027136,0x0
1786472223.997169584,5.9947,63.1,2400020480,0x0
1786472225.050884676,4.8479,61.5,2400030464,0x0
1786472226.104668935,6.1207,62.0,2400030464,0x0
1786472227.158540619,5.6378,62.0,2400027136,0x0
1786472228.212507341,5.8058,61.5,2400027136,0x0
1786472229.265532044,6.1002,62.0,2400030464,0x0
1786472230.320763895,5.7527,62.0,2400033792,0x0
1786472231.375181728,5.4954,60.9,2400033792,0x0
1786472232.428530560,6.2667,63.1,2400027136,0x0
1786472233.482834486,5.9524,63.7,2400027136,0x0
1786472234.536953652,6.1400,62.0,2400023808,0x0
1786472235.591411355,6.1331,62.0,2400027136,0x0
1786472236.645555317,6.3151,62.6,2400027136,0x0
1786472237.699363798,5.9911,63.1,2400023808,0x0
1786472238.752408001,6.1084,63.7,2400027136,0x0
1786472239.805694260,5.6112,63.1,2400023808,0x0
1786472240.860045426,5.6619,62.0,2400033792,0x0
1786472241.914689444,6.0669,62.6,2400023808,0x0
1786472242.970010202,5.7152,61.5,2400030464,0x0
1786472244.024164683,5.3633,62.6,2400033792,0x0
1786472245.078278905,5.7257,62.0,2400030464,0x0
1786472246.133196386,6.0990,60.9,2400023808,0x0
1786472247.187805848,6.3787,62.0,2400023808,0x0
1786472248.243076866,4.8964,62.6,2400023808,0x0
1786472249.297379939,5.5913,63.1,2400020480,0x0
1786472250.454208735,6.2309,62.6,2400030464,0x0
1786472251.508236771,5.1403,62.0,2400033792,0x0
1786472252.561930974,6.0302,62.0,2400027136,0x0
1786472253.615813400,5.7493,62.0,2400027136,0x0
1786472254.669162047,5.9735,60.9,2400020480,0x0
1786472255.722916009,5.8074,62.0,2400030464,0x0
1786472256.776517527,6.0909,60.9,2400020480,0x0
1786472257.830719953,4.3195,60.9,2400020480,0x0
1786472258.885848971,5.7092,61.5,2400033792,0x0
1786472259.940308266,5.8662,62.0,2400027136,0x0
1786472260.994496840,5.3784,63.7,2400020480,0x0
1786472262.048814228,6.2734,61.5,2400020480,0x0
1786472263.102814283,6.3151,62.0,2400020480,0x0
1786472264.157167023,6.1259,62.0,2400023808,0x0
1786472265.211032374,6.3659,60.9,2400023808,0x0
1786472266.264418633,6.2262,63.1,2400023808,0x0
1786472267.318128373,5.7682,62.0,2400030464,0x0
1786472268.371873206,5.2150,62.6,2400033792,0x0
1786472269.425131686,6.2384,60.4,2400027136,0x0
1786472270.478278167,5.2725,62.6,2400030464,0x0
1786472271.530501482,5.5770,62.6,2400027136,0x0
1786472272.585239573,5.6423,62.0,2400027136,0x0
1786472273.639113406,6.0365,62.6,2400033792,0x0
1786472274.691930257,6.0783,61.5,2400030464,0x0
1786472275.746040349,5.9852,62.0,2400020480,0x0
1786472276.799700071,6.0799,62.6,2400023808,0x0
1786472277.853728385,5.3186,62.6,2400033792,0x0
1786472278.907636570,6.2676,61.5,2400023808,0x0
1786472279.960710106,6.2883,62.0,2400020480,0x0
1786472281.014328772,6.0326,62.6,2400030464,0x0
1786472282.068073920,5.8604,62.6,2400033792,0x0
1786472283.121085808,5.7528,62.6,2400023808,0x0
1786472284.173911178,6.2500,62.0,2400023808,0x0
1786472285.228207047,5.8032,62.0,2400033792,0x0
1786472286.281710732,6.2541,62.6,2400033792,0x0
1786472287.335955231,5.6735,62.6,2400030464,0x0
1786472288.389976712,6.1555,63.1,2400023808,0x0
1786472289.445039749,5.2393,62.6,2400033792,0x0
1786472290.499465452,5.6242,62.0,2400030464,0x0
1786472291.553679099,4.6532,63.1,2400023808,0x0
1786472292.607051487,5.2124,62.0,2400027136,0x0
1786472293.660342579,4.9590,63.1,2400033792,0x0
1786472294.714072616,6.3899,63.7,2400033792,0x0
1786472295.767598541,5.6099,62.0,2400023808,0x0
1786472296.820965485,5.7586,61.5,2400023808,0x0
1786472297.874077299,5.5844,61.5,2400023808,0x0
1786472298.926378799,6.0837,62.0,2400020480,0x0
1786472299.980378687,5.5730,63.1,2400030464,0x0
1786472301.033472964,6.1185,62.0,2400033792,0x0
1786472302.088297352,6.2662,61.5,2400030464,0x0
1786472303.142833240,5.8139,62.0,2400033792,0x0
1786472304.197289388,5.5930,63.7,2400033792,0x0
1786472305.250606498,5.6974,60.9,2400027136,0x0
1786472306.303592942,5.7065,62.0,2400027136,0x0
1786472307.357413664,5.6322,62.6,2400030464,0x0
1786472308.512268163,4.8856,63.1,2400027136,0x0
1786472309.565625126,5.7892,61.5,2400033792,0x0
1786472310.618494180,5.5708,63.7,2400027136,0x0
1786472311.673219809,6.2024,62.0,2400033792,0x0
1786472312.725725883,5.3532,63.1,2400027136,0x0
1786472313.779870160,6.0983,61.5,2400030464,0x0
1786472314.834913659,5.8712,62.0,2400033792,0x0
1786472315.888687159,5.4220,62.6,2400027136,0x0
1786472316.941980380,6.2989,63.7,2400030464,0x0
1786472317.995843213,6.1577,62.6,2400030464,0x0
1786472319.050312212,6.1652,62.6,2400030464,0x0
1786472320.104994008,6.3571,62.6,2400027136,0x0
1786472321.159577804,6.2944,64.8,2400027136,0x0
1786472322.212956711,6.1487,64.2,2400020480,0x0
1786472323.266927062,6.1786,62.6,2400030464,0x0
1786472324.319381969,5.7940,63.7,2400020480,0x0
1786472325.372509301,5.5128,63.7,2400030464,0x0
1786472326.425629967,6.4221,63.7,2400027136,0x0
1786472327.478598189,5.8599,64.2,2400033792,0x0
1786472328.532869022,5.4429,62.6,2400033792,0x0
1786472329.586356780,5.9415,63.7,2400020480,0x0
1786472330.640992983,6.3111,63.7,2400023808,0x0
1786472331.696085760,5.6414,63.1,2400033792,0x0
1786472332.749830315,5.2840,63.1,2400027136,0x0
1786472333.804856574,5.3700,63.1,2400023808,0x0
1786472334.859032370,6.0784,64.8,2400030464,0x0
1786472335.912688795,4.8980,62.6,2400033792,0x0
1786472336.966002091,6.1113,64.2,2400020480,0x0
1786472338.020488294,6.2056,63.7,2400020480,0x0
1786472339.074612812,5.7448,63.1,2400020480,0x0
1786472340.128191700,5.8262,64.2,2400027136,0x0
1786472341.181846903,6.3471,63.1,2400023808,0x0
1786472342.236853384,4.7906,63.1,2400030464,0x0
1786472343.290514105,6.2054,63.7,2400020480,0x0
1786472344.345812957,5.5471,64.2,2400030464,0x0
1786472345.400296308,5.8773,62.6,2400023808,0x0
1786472346.454553585,5.3251,63.7,2400023808,0x0
1786472347.508426029,4.8602,62.6,2400020480,0x0
1786472348.562667362,5.3758,63.7,2400033792,0x0
1786472349.619071842,5.7758,62.0,2400027136,0x0
1786472350.672908953,5.7790,62.6,2400033792,0x0
1786472351.727520841,5.7384,60.9,2400027136,0x0
1786472352.779973692,6.3194,62.0,2400033792,0x0
1786472353.833484507,5.4002,62.0,2400030464,0x0
1786472354.886697413,5.6011,62.6,2400027136,0x0
1786472355.939866635,6.1288,59.8,2400020480,0x0
1786472356.994332857,6.2907,62.0,2400037120,0x0
1786472358.049641504,5.4695,62.6,2400020480,0x0
1786472359.103886096,5.5293,62.0,2400023808,0x0
1786472360.156952836,5.6737,62.6,2400033792,0x0
1786472361.210872965,5.0036,60.9,2400023808,0x0
1786472362.263932816,6.2153,62.0,2400027136,0x0
1786472363.316593001,6.1479,62.6,2400033792,0x0
1786472364.370687648,5.4179,62.6,2400020480,0x0
1786472365.424042370,5.5636,62.0,2400030464,0x0
1786472366.476767018,5.5432,63.1,2400033792,0x0
1786472367.529411887,6.3233,62.0,2400027136,0x0
1786472368.584053201,5.7759,62.6,2400030464,0x0
1786472369.637522571,5.5878,62.6,2400027136,0x0
1786472370.691342626,6.3512,62.0,2400030464,0x0
1786472371.746323163,5.5027,63.7,2400027136,0x0
1786472372.800964736,5.3627,62.0,2400027136,0x0
1786472373.854364013,5.7141,61.5,2400027136,0x0
1786472374.911140809,6.2828,62.6,2400023808,0x0
1786472375.965868160,6.1363,62.0,2400027136,0x0
1786472377.020423493,6.1239,64.8,2400030464,0x0
1786472378.073871251,6.2276,62.0,2400023808,0x0
1786472379.128358010,5.7590,62.6,2400023808,0x0
1786472380.182327157,5.2196,63.1,2400023808,0x0
1786472381.235605953,5.5211,62.6,2400020480,0x0
1786472382.287873360,6.3288,63.1,2400027136,0x0
1786472383.342313526,5.5473,62.0,2400030464,0x0
1786472384.394621192,5.8229,62.6,2400023808,0x0
1786472385.449752951,6.1128,62.0,2400027136,0x0
1786472386.504289043,6.1313,63.1,2400033792,0x0
1786472387.559012375,6.3074,62.0,2400023808,0x0
1786472388.613174597,6.2261,63.1,2400030464,0x0
1786472389.667646781,5.7637,62.0,2400033792,0x0
1786472390.721705059,6.3028,62.0,2400027136,0x0
1786472391.776608577,6.1014,62.6,2400027136,0x0
1786472392.831327835,6.1424,62.6,2400027136,0x0
1786472393.884904186,5.7067,62.0,2400023808,0x0
1786472394.943125723,5.3255,63.7,2400033792,0x0
1786472395.996750704,5.5586,62.0,2400033792,0x0
1786472397.050060203,6.3509,62.6,2400030464,0x0
1786472398.104039388,5.2669,63.1,2400027136,0x0
1786472399.158001146,6.2597,62.6,2400033792,0x0
1786472400.212437053,6.2934,62.0,2400020480,0x0
1786472401.266689052,5.4602,62.6,2400030464,0x0
1786472402.321596422,5.7283,63.1,2400023808,0x0
1786472403.375453458,5.8235,60.9,2400023808,0x0
1786472404.428754662,5.8198,61.5,2400033792,0x0
1786472405.582302939,5.1092,63.1,2400020480,0x0
1786472406.635040049,5.9240,61.5,2400020480,0x0
1786472407.688708308,5.3526,62.0,2400023808,0x0
1786472408.742360455,5.7310,63.1,2400027136,0x0
1786472409.795659455,6.2830,63.7,2400023808,0x0
1786472410.848518436,6.1601,62.0,2400030464,0x0
1786472411.901404046,5.7051,62.6,2400030464,0x0
1786472412.955330027,5.5736,63.7,2400027136,0x0
1786472414.010114748,5.3703,62.6,2400027136,0x0
1786472415.064405414,5.3201,62.0,2400030464,0x0
1786472416.118187655,6.2917,60.9,2400027136,0x0
1786472417.172101672,6.0651,63.7,2400023808,0x0
1786472418.226267283,6.2011,62.0,2400027136,0x0
1786472419.280373153,6.1136,62.6,2400030464,0x0
1786472420.334477985,6.3176,62.6,2400027136,0x0
1786472421.388339614,5.4740,62.6,2400020480,0x0
1786472422.441464188,5.8185,61.5,2400030464,0x0
1786472423.495203539,5.5381,62.6,2400023808,0x0
1786472424.549061687,6.1120,62.0,2400023808,0x0
1786472425.602358593,4.9701,63.1,2400020480,0x0
1786472426.654838722,5.4962,62.6,2400037120,0x0
1786472427.709092500,5.5379,62.6,2400033792,0x0
1786472428.761914629,4.8389,63.7,2400023808,0x0
1786472429.815883443,6.1703,62.6,2400030464,0x0
1786472430.870076590,4.9578,62.6,2400033792,0x0
1786472431.923696312,5.7829,63.1,2400030464,0x0
1786472432.978512533,6.2563,62.0,2400027136,0x0
1786472434.031984292,5.8844,62.6,2400020480,0x0
1786472435.086279958,6.1167,62.0,2400033792,0x0
1786472436.140027198,6.1243,63.1,2400027136,0x0
1786472437.194005716,5.5994,62.6,2400020480,0x0
1786472438.247120864,5.7368,63.1,2400023808,0x0
1786472439.300260085,6.3113,62.6,2400027136,0x0
1786472440.355172362,5.1730,62.0,2400027136,0x0
1786472441.409375973,5.5836,63.1,2400037120,0x0
1786472442.463592324,6.3149,62.0,2400030464,0x0
1786472443.517742175,5.7693,62.0,2400020480,0x0
1786472444.572279638,5.8845,62.6,2400030464,0x0
1786472445.626280470,5.7701,62.6,2400030464,0x0
1786472446.680387118,5.7237,62.0,2400023808,0x0
1786472447.733248617,5.8633,63.1,2400030464,0x0
1786472448.786875487,5.4045,63.1,2400030464,0x0
1786472449.839911523,5.6093,63.1,2400030464,0x0
1786472450.892644856,5.9993,62.6,2400023808,0x0
1786472451.945871504,5.9023,62.0,2400023808,0x0
1786472453.000152373,5.6539,64.2,2400030464,0x0
1786472454.053826225,6.3357,62.6,2400027136,0x0
1786472455.107499354,5.3944,62.6,2400037120,0x0
1786472456.161480205,5.9930,62.0,2400020480,0x0
1786472457.216240204,5.7351,62.6,2400030464,0x0
1786472458.270883852,5.7303,62.6,2400030464,0x0
1786472459.324407703,5.8024,62.6,2400023808,0x0
1786472460.377707721,5.4843,62.6,2400020480,0x0
1786472461.431442405,5.7373,62.6,2400027136,0x0
1786472462.484344849,5.8490,64.2,2400023808,0x0
1786472463.537884312,5.4003,62.0,2400030464,0x0
1786472464.591032903,5.3268,63.1,2400033792,0x0
1786472465.643950773,6.2372,62.6,2400027136,0x0
1786472466.698229476,5.5514,63.1,2400027136,0x0
1786472467.756540179,5.7346,62.6,2400033792,0x0
1786472468.809799882,5.3218,62.0,2400037120,0x0
1786472469.863917048,5.9762,62.0,2400020480,0x0
1786472470.919051066,5.7754,62.0,2400030464,0x0
1786472471.973670492,5.9676,62.0,2400027136,0x0
1786472473.027783769,6.2135,62.0,2400023808,0x0
1786472474.082264009,6.0255,61.5,2400027136,0x0
1786472475.136185675,6.1012,62.6,2400023808,0x0
1786472476.190537174,5.6311,62.0,2400027136,0x0
1786472477.244352600,6.0379,62.0,2400027136,0x0
1786472478.298869006,5.6016,62.0,2400030464,0x0
1786472479.352016728,5.1721,62.0,2400033792,0x0
1786472480.406022542,6.1438,62.0,2400030464,0x0
1786472481.459698153,5.7649,62.6,2400033792,0x0
1786472482.513037189,5.7039,63.1,2400020480,0x0
1786472483.565959077,5.5801,63.7,2400033792,0x0
1786472484.620644317,6.0883,63.1,2400027136,0x0
1786472485.674147632,5.5500,62.0,2400033792,0x0
1786472486.728357575,6.3374,62.0,2400023808,0x0
1786472487.782624223,6.3619,60.9,2400023808,0x0
1786472488.836988926,6.3442,62.6,2400020480,0x0
1786472489.891508240,6.2805,63.1,2400023808,0x0
1786472490.945443017,6.2633,62.6,2400020480,0x0
1786472491.999166869,5.7424,62.6,2400033792,0x0
1786472493.053761868,5.3901,62.0,2400020480,0x0
1786472494.107042608,5.5836,63.7,2400030464,0x0
1786472495.160255793,6.3297,62.0,2400020480,0x0
1786472496.214513014,5.5583,63.7,2400020480,0x0
1786472497.266907236,5.4771,62.0,2400033792,0x0
1786472498.321376976,5.8401,64.2,2400020480,0x0
1786472499.375540994,5.5605,62.6,2400023808,0x0
1786472500.428351808,5.8930,63.1,2400027136,0x0
1786472501.482567807,6.3414,62.0,2400020480,0x0
1786472502.537386677,3.6457,62.0,2400030464,0x0
1786472503.591634139,4.4596,62.6,2400020480,0x0
1786472504.645798713,6.2766,62.0,2400023808,0x0
1786472505.700317046,6.1134,62.0,2400033792,0x0
1786472506.754386119,5.6939,62.0,2400023808,0x0
1786472507.808192285,6.2115,62.6,2400030464,0x0
1786472508.861842247,5.7766,62.0,2400033792,0x0
1786472509.914592284,6.3564,62.0,2400020480,0x0
1786472510.968611968,5.3770,61.5,2400023808,0x0
1786472512.021937468,5.7433,62.6,2400037120,0x0
1786472513.075004708,5.5481,62.0,2400027136,0x0
1786472514.128579874,6.3914,62.6,2400023808,0x0
1786472515.183214707,5.1197,62.0,2400033792,0x0
1786472516.237083076,5.8327,62.6,2400030464,0x0
1786472517.291756168,6.2340,62.0,2400030464,0x0
1786472518.345368501,6.2562,62.0,2400023808,0x0
1786472519.399684982,5.7906,62.6,2400023808,0x0
1786472520.453172685,4.8770,62.6,2400030464,0x0
1786472521.507200129,5.9554,63.7,2400033792,0x0
1786472522.561957313,5.7596,62.0,2400033792,0x0
1786472523.615151368,5.5883,62.6,2400033792,0x0
1786472524.668223090,5.9485,62.6,2400027136,0x0
1786472525.721568163,5.2973,62.0,2400027136,0x0
1786472526.776085385,6.3459,63.1,2400020480,0x0
1786472527.830492329,5.6067,63.7,2400020480,0x0
1786472528.884410939,5.7696,62.0,2400023808,0x0
1786472529.938836457,5.7477,62.6,2400033792,0x0
1786472530.991864790,5.5510,62.6,2400030464,0x0
1786472532.045491067,5.4058,63.1,2400030464,0x0
1786472533.099362900,5.7893,62.6,2400023808,0x0
1786472534.152588899,5.7196,62.0,2400030464,0x0
1786472535.205887528,5.5804,60.9,2400027136,0x0
1786472536.258707194,6.3222,62.0,2400030464,0x0
1786472537.311796156,5.7383,62.0,2400030464,0x0
1786472538.365145008,5.7556,62.6,2400023808,0x0
1786472539.418137489,5.5630,63.1,2400033792,0x0
1786472540.471608710,5.8316,62.6,2400020480,0x0
1786472541.525657913,5.5376,62.6,2400027136,0x0
1786472542.579990487,5.6881,62.6,2400023808,0x0
1786472543.634226542,5.7930,62.6,2400020480,0x0
1786472544.690182615,6.1630,62.6,2400027136,0x0
1786472545.743714948,6.2988,62.6,2400023808,0x0
1786472546.797576929,6.0540,62.0,2400023808,0x0
1786472547.850843150,5.5650,61.5,2400027136,0x0
1786472548.903699112,5.5874,63.7,2400033792,0x0
1786472549.957726353,5.8209,62.6,2400027136,0x0
1786472551.010357296,5.3698,62.6,2400033792,0x0
1786472552.062926351,6.2862,62.0,2400023808,0x0
1786472553.117267110,6.2002,62.0,2400020480,0x0
1786472554.170394443,5.7804,62.0,2400033792,0x0
1786472555.224690220,5.5073,62.6,2400023808,0x0
1786472556.277684590,4.8328,61.5,2400033792,0x0
1786472557.331996552,6.3722,62.0,2400027136,0x0
1786472558.386996107,6.2904,62.0,2400030464,0x0
1786472559.441302217,4.5629,62.6,2400033792,0x0
1786472560.495665291,6.1712,62.6,2400030464,0x0
1786472561.550549290,6.3102,62.0,2400033792,0x0
1786472562.603285993,6.3249,63.1,2400027136,0x0
1786472563.656090381,6.2448,61.5,2400033792,0x0
1786472564.709586640,5.9597,63.7,2400020480,0x0
1786472565.763373825,6.0484,63.7,2400023808,0x0
1786472566.817131694,5.8693,62.0,2400027136,0x0
1786472567.870090990,5.3498,61.5,2400027136,0x0
1786472568.924415415,4.8213,61.5,2400023808,0x0
1786472569.979222081,6.2824,62.6,2400027136,0x0
1786472571.034272896,6.1785,62.0,2400023808,0x0
1786472572.088379988,5.7037,62.6,2400023808,0x0
1786472573.142389209,5.8307,62.0,2400030464,0x0
1786472574.197032468,5.6186,62.6,2400020480,0x0
1786472575.250641467,6.1405,62.6,2400023808,0x0
1786472576.304586467,5.3779,61.5,2400030464,0x0
1786472577.357844281,6.2667,62.0,2400030464,0x0
1786472578.411016243,6.2785,63.1,2400030464,0x0
1786472579.464335372,5.6134,62.0,2400020480,0x0
1786472580.518063594,5.7517,63.1,2400020480,0x0
1786472581.571984797,6.3544,63.7,2400033792,0x0
1786472582.618168741,5.7165,62.0,2400023808,0x0
1786472583.672402703,6.1550,62.6,2400033792,0x0
1786472584.727240702,5.6536,62.0,2400030464,0x0
1786472585.782029683,5.8882,62.0,2400027136,0x0
1786472586.835772497,5.6424,63.1,2400030464,0x0
1786472587.888968182,5.7461,62.6,2400023808,0x0
1786472588.942504366,6.1399,62.0,2400020480,0x0
1786472589.996148625,4.8664,62.0,2400027136,0x0
1786472591.049436161,6.3193,63.7,2400027136,0x0
1786472592.103189290,6.2668,62.6,2400023808,0x0
1786472593.156559901,5.7939,62.0,2400030464,0x0
1786472594.209717363,5.3159,61.5,2400020480,0x0
1786472595.262468289,6.1216,63.7,2400033792,0x0
1786472596.315668473,5.5751,62.0,2400030464,0x0
1786472597.369948695,6.0863,63.1,2400030464,0x0
1786472598.424783435,6.2516,62.6,2400020480,0x0
1786472599.478283508,4.8793,63.7,2400030464,0x0
1786472600.533031322,5.6357,63.7,2400030464,0x0
1786472601.586601563,5.7926,63.1,2400027136,0x0
1786472602.640655451,5.5637,62.0,2400023808,0x0
1786472603.693816395,5.4568,63.7,2400020480,0x0
1786472604.747402135,5.6736,63.1,2400020480,0x0
1786472605.800701967,5.7852,62.6,2400023808,0x0
1786472606.853681319,5.9975,62.0,2400027136,0x0
1786472607.906883188,4.8030,62.6,2400033792,0x0
1786472608.959974169,5.4959,62.6,2400027136,0x0
1786472610.013667687,5.5614,62.0,2400030464,0x0
1786472611.068456057,6.1934,63.1,2400030464,0x0
1786472612.122915927,5.8298,63.7,2400030464,0x0
1786472613.176878704,5.7323,63.1,2400020480,0x0
1786472614.230845907,5.6446,63.7,2400027136,0x0
1786472615.284638906,5.7969,63.1,2400033792,0x0
1786472616.339169295,4.7905,62.0,2400030464,0x0
1786472617.393186590,5.7313,62.0,2400023808,0x0
1786472618.448543404,5.6473,62.6,2400023808,0x0
1786472619.502604626,5.6882,62.6,2400033792,0x0
1786472620.555540533,5.2270,62.6,2400023808,0x0
1786472621.608792921,5.0248,60.9,2400033792,0x0
1786472622.762705254,6.2833,62.6,2400023808,0x0
1786472623.817251864,4.9898,62.6,2400033792,0x0
1786472624.870553123,5.4339,61.5,2400027136,0x0
1786472625.923937715,6.1495,62.6,2400020480,0x0
1786472626.978302418,6.3251,63.1,2400023808,0x0
1786472628.032945510,6.1805,62.0,2400023808,0x0
1786472629.087613565,5.1857,62.6,2400027136,0x0
1786472630.142370971,5.8013,62.6,2400020480,0x0
1786472631.196274971,5.8827,62.6,2400027136,0x0
1786472632.250100729,5.3604,62.6,2400027136,0x0
1786472633.304850396,5.6039,63.7,2400033792,0x0
1786472634.358440691,6.0848,63.1,2400020480,0x0
1786472635.412364913,4.4564,63.7,2400023808,0x0
1786472636.465048468,5.8074,62.0,2400033792,0x0
1786472637.518979986,5.9976,62.6,2400033792,0x0
1786472638.572542078,5.7874,62.6,2400037120,0x0
1786472639.626168262,6.1355,62.0,2400020480,0x0
1786472640.684345724,5.4386,62.6,2400033792,0x0
1786472641.738514242,5.8685,63.1,2400033792,0x0
1786472642.793756112,5.8863,62.6,2400027136,0x0
1786472643.847496445,4.9219,62.6,2400027136,0x0
1786472644.901928815,5.6111,62.6,2400033792,0x0
1786472645.955965536,5.6294,62.0,2400023808,0x0
1786472647.009419480,5.7718,62.6,2400020480,0x0
1786472648.062286294,5.4218,62.0,2400030464,0x0
1786472649.117206756,6.1499,62.6,2400027136,0x0
1786472650.171647200,5.5693,62.0,2400030464,0x0
1786472651.224781829,5.4494,62.0,2400030464,0x0
1786472652.277803903,5.2842,63.1,2400023808,0x0
1786472653.331075235,6.2838,62.0,2400020480,0x0
1786472654.387596976,5.8015,62.6,2400027136,0x0
1786472655.441605753,5.7699,63.1,2400023808,0x0
1786472656.495323548,6.1216,60.4,2400030464,0x0
1786472657.547846344,6.0347,62.6,2400030464,0x0
1786472658.602302288,6.2373,62.6,2400023808,0x0
1786472659.656523380,5.9772,62.0,2400020480,0x0
1786472660.710508064,5.3819,62.6,2400023808,0x0
1786472661.767632730,5.7873,62.6,2400033792,0x0
1786472662.821633063,5.6087,62.6,2400027136,0x0
1786472663.875040396,5.9674,63.1,2400023808,0x0
1786472664.928253895,6.2923,62.6,2400027136,0x0
1786472665.981714172,5.7674,63.7,2400020480,0x0
1786472667.035310227,5.6127,63.1,2400027136,0x0
1786472668.090564930,6.1443,63.1,2400020480,0x0
1786472669.145255448,6.1985,63.1,2400027136,0x0
1786472670.200516670,5.4642,63.7,2400023808,0x0
1786472671.255377558,5.7271,62.0,2400020480,0x0
1786472672.309383483,5.4922,63.1,2400027136,0x0
1786472673.363698112,5.0306,61.5,2400033792,0x0
1786472674.418079241,5.4209,62.6,2400023808,0x0
1786472675.471325352,5.9008,63.7,2400027136,0x0
1786472676.525047962,6.0843,62.6,2400033792,0x0
1786472677.579164962,5.3036,60.4,2400027136,0x0
1786472678.634206424,5.6980,63.1,2400030464,0x0
1786472679.687468164,6.1311,62.6,2400023808,0x0
1786472680.740389830,5.1515,62.6,2400027136,0x0
1786472681.794499181,6.0754,63.7,2400030464,0x0
1786472682.848974459,5.2886,62.0,2400023808,0x0
1786472683.903385625,6.1473,62.6,2400023808,0x0
1786472684.958128217,5.1137,62.0,2400030464,0x0
1786472686.011185734,5.8234,62.6,2400030464,0x0
1786472687.065213808,5.5699,62.6,2400030464,0x0
1786472688.119361567,5.9518,63.7,2400023808,0x0
1786472689.277191344,5.8590,63.1,2400020480,0x0
1786472690.433910602,3.9932,63.7,2400033792,0x0
1786472691.488716453,6.0089,64.2,2400020480,0x0
1786472692.542549101,5.6102,62.0,2400030464,0x0
1786472693.595989841,5.6497,64.2,2400030464,0x0
1786472694.649555174,6.2425,63.7,2400033792,0x0
1786472695.703537710,6.2239,62.6,2400033792,0x0
1786472696.759130598,5.1272,63.1,2400027136,0x0
1786472697.813724024,5.5924,62.6,2400023808,0x0
1786472698.867098116,5.7830,64.2,2400023808,0x0
1786472699.921874800,5.0789,63.7,2400033792,0x0
1786472700.975776726,5.6766,63.7,2400033792,0x0
1786472702.029387947,5.4707,63.1,2400033792,0x0
1786472703.083409372,5.8013,63.7,2400020480,0x0
1786472704.137465687,5.6592,64.2,2400030464,0x0
1786472705.190992779,5.3402,64.8,2400027136,0x0
1786472706.244508482,6.5217,65.3,2400030464,0x0
1786472707.298899685,5.6107,63.7,2400023808,0x0
1786472708.355289666,5.8942,62.6,2400033792,0x0
1786472709.408064035,5.5681,62.6,2400033792,0x0
1786472710.462027664,5.6516,62.6,2400027136,0x0
1786472711.518845886,6.1835,61.5,2400030464,0x0
1786472712.572810515,6.1394,63.1,2400027136,0x0
1786472713.626351329,5.5495,63.7,2400023808,0x0
1786472714.680572051,5.7906,62.6,2400027136,0x0
1786472715.734915735,5.3894,63.1,2400030464,0x0
1786472716.788448605,5.6460,63.1,2400033792,0x0
1786472717.942453512,5.3001,63.1,2400033792,0x0
1786472718.995895381,5.6012,63.1,2400027136,0x0
1786472720.048644548,6.0475,63.7,2400033792,0x0
1786472721.102441954,5.7939,64.2,2400030464,0x0
1786472722.156168398,6.2161,62.6,2400030464,0x0
1786472723.209847342,6.3597,63.1,2400033792,0x0
1786472724.264527230,5.8663,63.1,2400027136,0x0
1786472725.319078063,5.4557,64.8,2400027136,0x0
1786472726.373554340,6.0029,63.1,2400033792,0x0
1786472727.427558599,5.9971,63.7,2400020480,0x0
1786472728.481222024,5.6352,63.7,2400020480,0x0
1786472729.534674097,5.8830,63.7,2400020480,0x0
1786472730.588144023,6.0741,62.6,2400027136,0x0
1786472731.642276596,5.3082,64.8,2400030464,0x0
1786472732.695866633,6.1112,63.7,2400033792,0x0
1786472733.749282558,5.6032,63.1,2400023808,0x0
1786472734.803315113,6.1030,63.7,2400020480,0x0
1786472735.857822057,4.9546,63.1,2400027136,0x0
1786472736.910892056,5.5633,63.7,2400023808,0x0
1786472737.965706074,5.8262,64.8,2400027136,0x0
1786472739.019834758,6.1809,63.1,2400020480,0x0
1786472740.073420721,6.1620,62.0,2400027136,0x0
1786472741.128327516,6.3640,62.6,2400027136,0x0
1786472742.182392664,5.5888,63.7,2400033792,0x0
1786472743.237390034,5.7576,63.1,2400033792,0x0
1786472744.290664107,6.2613,63.7,2400030464,0x0
1786472745.346390736,6.0606,63.1,2400023808,0x0
1786472746.401799791,6.2673,62.6,2400033792,0x0
1786472747.456970198,5.7320,63.1,2400023808,0x0
1786472748.510939790,5.4255,62.6,2400033792,0x0
1786472749.564622956,5.7368,63.1,2400030464,0x0
1786472750.617598733,6.3713,62.6,2400030464,0x0
1786472751.672248751,5.4563,63.1,2400020480,0x0
1786472752.725798695,6.2231,62.6,2400027136,0x0
1786472753.781748027,5.8474,63.1,2400027136,0x0
1786472754.836123193,5.6971,63.7,2400027136,0x0
1786472755.889606508,5.5507,63.1,2400023808,0x0
1786472756.943287618,5.8139,61.5,2400030464,0x0
1786472757.997576580,5.7086,63.1,2400023808,0x0
1786472759.050899135,5.7769,62.6,2400027136,0x0
1786472760.104497024,5.4195,63.1,2400020480,0x0
1786472761.157845282,5.4864,64.2,2400033792,0x0
1786472762.211865596,6.3107,62.6,2400030464,0x0
1786472763.266379670,5.8205,63.1,2400030464,0x0
1786472764.319833836,5.8363,63.1,2400030464,0x0
1786472765.373171521,6.4333,63.1,2400020480,0x0
1786472766.428044038,5.3332,63.7,2400030464,0x0
1786472767.482619038,5.7286,63.1,2400020480,0x0
1786472768.536814778,5.8715,63.1,2400023808,0x0
1786472769.591091314,5.5950,63.1,2400027136,0x0
1786472770.645469425,4.8555,62.6,2400020480,0x0
1786472771.700220369,5.5402,63.7,2400030464,0x0
1786472772.754281979,5.2841,63.1,2400033792,0x0
1786472773.811918886,4.8635,61.5,2400027136,0x0
1786472774.865716626,5.6111,62.0,2400030464,0x0
1786472775.918664440,5.7359,62.6,2400020480,0x0
1786472776.973518199,6.1820,62.6,2400027136,0x0
1786472778.027518013,5.3776,61.5,2400027136,0x0
1786472779.080788475,2.3282,63.1,2400023808,0x0
1786472780.127235845,6.1147,63.7,2400027136,0x0
1786472781.180952196,5.7767,62.0,2400027136,0x0
1786472782.235159085,5.7892,62.0,2400030464,0x0
1786472783.289483825,5.8318,62.6,2400027136,0x0
1786472784.342621602,5.8246,62.6,2400030464,0x0
1786472785.395982027,5.4716,62.0,2400027136,0x0
1786472786.449636878,5.7309,62.6,2400027136,0x0
1786472787.503324581,5.7794,63.1,2400027136,0x0
1786472788.556031636,5.7341,62.0,2400030464,0x0
1786472789.609541080,5.2626,62.0,2400030464,0x0
1786472790.662665802,6.2341,62.0,2400023808,0x0
1786472791.717079153,5.2123,63.1,2400023808,0x0
1786472792.770626004,5.4947,63.7,2400020480,0x0
1786472793.823586800,6.2963,62.0,2400037120,0x0
1786472794.878406410,4.9683,63.1,2400020480,0x0
1786472795.933257150,5.7079,63.1,2400027136,0x0
1786472796.986970094,5.6926,63.7,2400027136,0x0
1786472798.044255483,6.2022,63.1,2400030464,0x0
1786472799.099069871,6.0205,63.1,2400033792,0x0
1786472800.153931278,6.1059,64.8,2400030464,0x0
1786472801.208787332,6.1284,62.0,2400030464,0x0
1786472802.262592499,5.0015,63.7,2400027136,0x0
1786472803.316310850,6.1980,64.2,2400020480,0x0
1786472804.369655219,5.0824,63.1,2400030464,0x0
1786472805.422385034,6.0278,63.1,2400023808,0x0
1786472806.475975755,5.8190,63.1,2400030464,0x0
1786472807.529095940,5.6750,63.7,2400027136,0x0
1786472808.583686939,5.7226,63.7,2400027136,0x0
1786472809.637997513,5.3391,62.0,2400030464,0x0
1786472810.692392364,6.1433,63.7,2400033792,0x0
1786472811.746947993,5.4432,64.2,2400033792,0x0
1786472812.800879048,4.9372,63.7,2400030464,0x0
1786472813.854499751,6.0062,63.7,2400030464,0x0
1786472814.908396213,6.0946,63.7,2400027136,0x0
1786472815.961928546,6.2430,63.1,2400020480,0x0
1786472817.015912119,6.0955,63.1,2400020480,0x0
1786472818.069268174,4.8019,63.1,2400020480,0x0
1786472819.121938785,5.6290,64.8,2400027136,0x0
1786472820.176076525,5.5833,62.0,2400023808,0x0
1786472821.228701191,5.6265,64.8,2400020480,0x0
1786472822.281840320,5.7971,64.2,2400030464,0x0
1786472823.335816208,6.0696,63.1,2400030464,0x0
1786472824.390671985,5.9969,63.1,2400027136,0x0
1786472825.445104096,5.5502,62.6,2400033792,0x0
1786472826.498927299,4.8837,63.7,2400027136,0x0
1786472827.552973280,5.7580,64.2,2400020480,0x0
1786472828.606935390,6.0242,63.7,2400030464,0x0
1786472829.660511075,6.0220,62.6,2400020480,0x0
1786472830.715178389,5.8472,63.7,2400027136,0x0
1786472831.769354536,4.5495,64.8,2400033792,0x0
1786472832.824309665,6.1696,64.8,2400030464,0x0
1786472833.879176369,5.5403,63.7,2400027136,0x0
1786472834.932333720,5.6034,63.1,2400023808,0x0
1786472835.985994552,6.1338,62.6,2400033792,0x0
1786472837.040453774,5.8580,63.7,2400027136,0x0
1786472838.095244662,5.5265,63.1,2400030464,0x0
1786472839.149218032,5.7283,63.7,2400023808,0x0
1786472840.203458828,5.9639,63.1,2400020480,0x0
1786472841.258110568,6.2447,64.2,2400027136,0x0
1786472842.312365771,6.3029,63.1,2400023808,0x0
1786472843.366813344,6.0848,64.2,2400020480,0x0
1786472844.420484992,5.4512,63.1,2400030464,0x0
1786472845.474093862,5.5301,64.2,2400030464,0x0
1786472846.527726880,5.7202,64.8,2400027136,0x0
1786472847.580562731,6.3883,63.1,2400033792,0x0
1786472848.633675230,5.7233,63.1,2400023808,0x0
1786472849.688188563,6.0746,64.2,2400033792,0x0
1786472850.743165155,5.7365,63.1,2400030464,0x0
1786472851.797850247,5.7563,63.1,2400027136,0x0
1786472852.852195691,6.1337,63.7,2400027136,0x0
1786472853.906987708,6.1765,64.2,2400020480,0x0
1786472854.961254745,5.4417,62.6,2400023808,0x0
1786472856.015987337,5.5826,65.3,2400027136,0x0
1786472857.069541077,5.3457,63.7,2400020480,0x0
1786472858.123417095,6.1182,64.2,2400030464,0x0
1786472859.177526020,6.3030,64.2,2400027136,0x0
1786472860.232111797,5.5404,63.1,2400027136,0x0
1786472861.286621649,5.7146,62.6,2400020480,0x0
1786472862.339796963,5.4332,63.1,2400027136,0x0
1786472863.392694110,5.5905,63.7,2400033792,0x0
1786472864.446621239,5.9829,63.1,2400037120,0x0
1786472865.501100739,6.1226,63.1,2400027136,0x0
1786472866.555760534,5.7730,62.0,2400023808,0x0
1786472867.610145497,4.8661,63.1,2400033792,0x0
1786472868.663396903,5.8279,63.1,2400033792,0x0
1786472869.718072532,5.5761,62.6,2400030464,0x0
1786472870.771538865,5.6228,63.7,2400023808,0x0
1786472871.825046031,5.6697,63.7,2400030464,0x0
1786472872.878655049,5.2298,63.7,2400030464,0x0
1786472873.931195956,6.0352,63.1,2400033792,0x0
1786472874.985592955,6.1191,63.7,2400020480,0x0
1786472876.038513806,5.7653,63.1,2400020480,0x0
1786472877.091610824,5.8548,63.1,2400027136,0x0
1786472878.145175916,5.7701,63.7,2400033792,0x0
1786472879.199978045,6.3595,63.1,2400030464,0x0
1786472880.254679434,6.0857,64.2,2400023808,0x0
1786472881.309501748,5.5815,63.1,2400033792,0x0
1786472882.363066969,5.8064,62.6,2400033792,0x0
1786472883.418010135,5.6436,63.1,2400030464,0x0
1786472884.471924727,6.1500,63.1,2400030464,0x0
1786472885.525584690,5.6216,63.7,2400023808,0x0
1786472886.579552319,5.8259,63.1,2400030464,0x0
1786472887.633976948,5.7272,63.1,2400023808,0x0
1786472888.687400780,6.0765,62.6,2400027136,0x0
1786472889.741934557,6.2072,63.1,2400023808,0x0
1786472890.796752724,5.3315,63.1,2400033792,0x0
1786472891.849963741,5.3918,64.8,2400030464,0x0
1786472892.904090982,5.8508,64.2,2400033792,0x0
1786472893.958851388,5.4205,63.1,2400030464,0x0
1786472895.013863758,6.3427,64.8,2400030464,0x0
1786472896.068660424,3.7463,63.7,2400020480,0x0
1786472897.122727701,5.4254,63.7,2400030464,0x0
1786472898.177689312,4.6905,63.1,2400020480,0x0
1786472899.231446052,5.5938,62.6,2400027136,0x0
1786472900.285796366,6.0062,64.8,2400027136,0x0
1786472901.339607606,6.0555,62.6,2400020480,0x0
1786472902.394938920,5.6541,64.2,2400020480,0x0
1786472903.448465605,5.7060,64.8,2400020480,0x0
1786472904.501769845,5.6331,62.6,2400023808,0x0
1786472905.557860104,6.0355,63.1,2400027136,0x0
1786472906.611081955,5.3429,63.7,2400037120,0x0
1786472907.665745510,6.1356,64.2,2400033792,0x0
1786472908.721139602,5.7145,63.1,2400027136,0x0
1786472909.775649027,5.7825,63.1,2400027136,0x0
1786472910.830109767,5.4296,64.2,2400023808,0x0
1786472911.883887507,6.0725,63.7,2400033792,0x0
1786472912.938301988,6.1451,63.7,2400027136,0x0
1786472913.992080043,5.6858,62.0,2400023808,0x0
1786472915.045587579,5.4303,63.7,2400027136,0x0
1786472916.099314912,5.6037,62.6,2400033792,0x0
1786472917.152873745,6.0488,63.7,2400027136,0x0
1786472918.207646689,5.6853,64.8,2400033792,0x0
1786472919.261258336,5.5432,63.7,2400023808,0x0
1786472920.315324187,5.7968,63.1,2400030464,0x0
1786472921.369860631,5.4057,63.7,2400030464,0x0
1786472922.424576871,5.6579,63.7,2400020480,0x0
1786472923.479016537,5.6151,63.7,2400033792,0x0
1786472924.532807333,5.4070,63.7,2400020480,0x0
1786472925.586859981,5.3745,63.7,2400033792,0x0
1786472926.640138443,5.4836,63.7,2400030464,0x0
1786472927.693921831,6.1072,63.1,2400023808,0x0
1786472928.748103534,5.7049,63.1,2400030464,0x0
1786472929.802529034,4.9145,63.1,2400027136,0x0
1786472930.855416996,5.7464,63.1,2400027136,0x0
1786472931.910265069,6.3289,63.7,2400020480,0x0
1786472932.963118921,5.4442,64.2,2400030464,0x0
1786472934.018079161,5.7243,63.7,2400030464,0x0
1786472935.071619049,5.4847,64.8,2400030464,0x0
1786472936.126109308,5.6401,63.1,2400027136,0x0
1786472937.180189381,6.1566,63.7,2400023808,0x0
1786472938.234212769,6.1845,62.0,2400030464,0x0
1786472939.289068269,6.1261,64.8,2400033792,0x0
1786472940.344102546,6.1425,63.7,2400020480,0x0
1786472941.398647953,5.6798,62.6,2400030464,0x0
1786472942.452613452,6.3944,63.7,2400027136,0x0
1786472943.506543655,5.9497,63.7,2400030464,0x0
1786472944.561144043,5.6291,64.2,2400023808,0x0
1786472945.615002561,5.3376,63.7,2400030464,0x0
1786472946.668235172,5.6631,63.7,2400030464,0x0
1786472947.722187578,6.3403,63.7,2400030464,0x0
1786472948.776842485,5.7798,62.6,2400020480,0x0
1786472949.830709429,6.3885,64.2,2400033792,0x0
1786472950.885313151,6.3227,63.7,2400020480,0x0
1786472951.939726280,5.6003,63.1,2400033792,0x0
1786472952.993316446,5.6014,63.1,2400020480,0x0
1786472954.047621445,5.8723,64.2,2400033792,0x0
1786472955.102386148,5.5465,64.2,2400030464,0x0
1786472956.155651907,4.8866,63.7,2400027136,0x0
1786472957.208701239,5.7659,62.6,2400030464,0x0
1786472958.262205943,5.7352,63.7,2400027136,0x0
1786472959.316947312,6.2827,63.1,2400027136,0x0
1786472960.370973830,5.9194,62.6,2400027136,0x0
1786472961.423974644,5.8509,63.1,2400023808,0x0
1786472962.477195273,5.7074,64.2,2400020480,0x0
1786472963.531731069,6.3600,63.1,2400027136,0x0
1786472964.586824087,5.3041,64.2,2400027136,0x0
1786472965.641062790,5.4156,64.2,2400030464,0x0
1786472966.693886197,5.5569,63.1,2400033792,0x0
1786472967.747936048,5.5965,63.1,2400027136,0x0
1786472968.801934399,6.2024,64.8,2400030464,0x0
1786472969.855207788,6.0109,63.7,2400027136,0x0
1786472970.909176787,5.4677,62.0,2400030464,0x0
1786472971.963052583,5.3865,63.7,2400020480,0x0
1786472973.016400860,5.6671,63.7,2400027136,0x0
1786472974.069342007,6.2118,64.2,2400020480,0x0
1786472975.122426136,5.8185,63.1,2400030464,0x0
1786472976.177214099,5.5382,63.1,2400030464,0x0
1786472977.230295246,5.3136,64.8,2400027136,0x0
1786472978.285354097,5.5295,63.7,2400027136,0x0
1786472979.339122856,5.5695,63.7,2400023808,0x0
1786472980.393020744,6.0457,63.1,2400020480,0x0
1786472981.446436244,6.1160,64.2,2400023808,0x0
1786472982.501097743,6.0205,63.7,2400020480,0x0
1786472983.556085094,6.2896,64.2,2400027136,0x0
1786472984.610151205,6.2010,63.1,2400027136,0x0
1786472985.663735315,5.5235,63.1,2400027136,0x0
1786472986.717930426,5.7564,62.6,2400030464,0x0
1786472987.772018777,5.8037,62.6,2400030464,0x0
1786472988.826290072,5.8562,64.2,2400020480,0x0
1786472989.879333146,5.9853,63.1,2400033792,0x0
1786472990.933341923,5.7289,63.7,2400033792,0x0
1786472991.987681645,6.2036,63.1,2400027136,0x0
1786472993.042206774,6.1014,64.8,2400027136,0x0
1786472994.097088051,6.1258,63.7,2400027136,0x0
1786472995.152223309,5.5887,63.7,2400023808,0x0
1786472996.205917253,5.4146,64.8,2400030464,0x0
1786472997.260551808,6.1175,62.6,2400030464,0x0
1786472998.314671752,5.3139,64.8,2400027136,0x0
1786472999.368097474,5.4939,63.1,2400033792,0x0
1786473000.422942584,5.9984,64.2,2400033792,0x0
1786473001.476537398,5.7622,63.7,2400023808,0x0
1786473002.530399768,5.6318,63.1,2400020480,0x0
1786473003.583845082,5.5018,63.1,2400027136,0x0
1786473004.638819896,6.3093,63.1,2400030464,0x0
1786473005.692880340,6.2871,64.2,2400027136,0x0
1786473006.747392617,5.7437,64.8,2400033792,0x0
1786473007.801799080,5.7843,63.1,2400023808,0x0
1786473008.855969838,5.8424,62.6,2400030464,0x0
1786473009.909862245,5.5953,63.7,2400027136,0x0
1786473010.963790244,5.8287,64.2,2400033792,0x0
1786473012.018034170,5.6157,62.0,2400030464,0x0
1786473013.072830262,5.7509,62.6,2400020480,0x0
1786473014.126708743,6.0320,62.6,2400023808,0x0
1786473015.181260075,5.3023,64.2,2400020480,0x0
1786473016.235123093,6.1190,62.6,2400027136,0x0
1786473017.287892981,6.1108,62.6,2400023808,0x0
1786473018.340754055,5.6802,63.7,2400027136,0x0
1786473019.394111980,6.0807,62.0,2400033792,0x0
1786473020.448900368,5.7923,62.6,2400033792,0x0
1786473021.503045572,5.4460,63.1,2400030464,0x0
1786473022.556279201,5.4891,63.7,2400027136,0x0
1786473023.609544552,6.3414,63.1,2400030464,0x0
1786473024.662872310,6.2819,63.1,2400033792,0x0
1786473025.716838828,6.3365,63.1,2400020480,0x0
1786473026.770268013,6.0126,62.6,2400030464,0x0
1786473027.823773809,6.0778,62.0,2400027136,0x0
1786473028.876928012,5.8084,62.6,2400020480,0x0
1786473029.929917789,5.6699,62.6,2400020480,0x0
1786473030.983329047,6.2186,62.6,2400020480,0x0
1786473032.036231880,5.7511,63.1,2400023808,0x0
1786473033.090053676,5.7846,62.6,2400027136,0x0
1786473034.144778934,5.8211,62.6,2400023808,0x0
1786473035.198912952,6.1767,63.7,2400030464,0x0
1786473036.253021026,6.3594,63.7,2400020480,0x0
1786473037.307185507,5.9294,62.6,2400023808,0x0
1786473038.361961599,5.6230,62.6,2400027136,0x0
1786473039.415872690,6.1378,63.1,2400023808,0x0
1786473040.469098060,5.8404,62.6,2400030464,0x0
1786473041.521758893,6.3584,61.5,2400020480,0x0
1786473042.575655763,6.3613,63.1,2400023808,0x0
1786473043.629291558,5.7538,62.6,2400027136,0x0
1786473044.682943669,5.4675,62.6,2400030464,0x0
1786473045.735388742,5.7554,62.6,2400033792,0x0
1786473046.787981964,6.1769,63.1,2400033792,0x0
1786473047.842023963,5.8893,62.6,2400030464,0x0
1786473048.895725611,6.3252,62.6,2400023808,0x0
1786473049.950270462,5.3659,62.0,2400030464,0x0
1786473051.007518221,5.6122,63.1,2400027136,0x0
1786473052.062112905,5.7727,62.6,2400027136,0x0
1786473053.115903423,5.5556,62.6,2400030464,0x0
1786473054.169934978,5.7770,63.1,2400030464,0x0
1786473055.223709329,5.5878,62.6,2400027136,0x0
1786473056.277260106,5.0756,62.6,2400020480,0x0
1786473057.330384254,5.4751,63.1,2400030464,0x0
1786473058.383653975,6.1336,61.5,2400027136,0x0
1786473059.438256882,4.3902,62.6,2400033792,0x0
1786473060.593514215,4.5301,62.6,2400023808,0x0
1786473061.646126751,5.4276,62.6,2400030464,0x0
1786473062.699846103,5.4786,63.1,2400027136,0x0
1786473063.755795565,6.0490,63.1,2400033792,0x0
1786473064.809972694,6.0741,62.0,2400033792,0x0
1786473065.863298841,5.7760,61.5,2400033792,0x0
1786473066.917742063,5.3729,63.7,2400023808,0x0
1786473067.972081340,4.7393,62.6,2400033792,0x0
1786473069.025421747,4.5196,63.1,2400020480,0x0
1786473070.078037746,6.1173,62.6,2400030464,0x0
1786473071.131698505,6.5503,62.0,2400027136,0x0
1786473072.185653356,5.4362,62.6,2400027136,0x0
1786473073.238405059,5.7812,62.6,2400033792,0x0
1786473074.291776170,6.1646,62.0,2400033792,0x0
1786473075.344752039,5.0732,62.0,2400033792,0x0
1786473076.398996409,5.6089,63.7,2400027136,0x0
1786473077.452717668,6.0408,63.1,2400027136,0x0
1786473078.507475019,5.7861,62.0,2400020480,0x0
1786473079.560977667,5.7059,63.1,2400030464,0x0
1786473080.614972388,5.3543,62.6,2400023808,0x0
1786473081.668547739,5.4183,63.1,2400023808,0x0
1786473082.722194442,5.3149,63.1,2400020480,0x0
1786473083.775875701,5.3365,62.6,2400030464,0x0
1786473084.829261775,5.5822,63.7,2400030464,0x0
1786473085.882557996,5.9618,63.1,2400033792,0x0
1786473086.935993051,5.1000,62.6,2400030464,0x0
1786473087.989266069,5.8025,63.1,2400027136,0x0
1786473089.042539124,6.0180,62.0,2400033792,0x0
1786473090.095812753,5.6038,62.6,2400037120,0x0
1786473091.149551160,6.1615,62.6,2400030464,0x0
1786473092.204320900,5.6697,63.1,2400033792,0x0
1786473093.258562232,4.9761,62.6,2400030464,0x0
1786473094.311646899,5.4776,62.6,2400027136,0x0
1786473095.365024250,5.3264,62.0,2400023808,0x0
1786473096.417888082,5.7391,62.6,2400020480,0x0
1786473097.471313545,5.7991,62.6,2400027136,0x0
1786473098.523834952,5.1348,62.6,2400030464,0x0
1786473099.578527914,5.7395,63.1,2400030464,0x0
1786473100.631449747,6.1922,64.2,2400023808,0x0
1786473101.685319542,5.5241,62.6,2400020480,0x0
1786473102.738220745,5.7281,63.1,2400030464,0x0
1786473103.791812856,5.4465,64.2,2400030464,0x0
1786473104.845420800,6.2468,63.1,2400027136,0x0
1786473105.900001429,5.8009,63.7,2400020480,0x0
1786473106.954251558,5.8344,63.1,2400027136,0x0
1786473108.007991224,5.7178,61.5,2400027136,0x0
1786473109.061352130,5.6360,63.7,2400030464,0x0
1786473110.115393408,5.6099,63.1,2400027136,0x0
1786473111.169962037,5.3680,63.7,2400033792,0x0
1786473112.223276314,5.7642,63.7,2400020480,0x0
1786473113.276357776,5.6875,62.6,2400030464,0x0
1786473114.330630979,5.3085,64.8,2400020480,0x0
1786473115.384044719,6.0894,64.8,2400027136,0x0
1786473116.437395182,5.8244,62.6,2400030464,0x0
1786473117.490341792,6.1088,63.7,2400030464,0x0
1786473118.545217532,5.9078,63.1,2400020480,0x0
1786473119.599772550,5.8149,62.6,2400027136,0x0
1786473120.653685642,5.8011,63.7,2400030464,0x0
1786473121.708038827,5.4074,63.1,2400020480,0x0
1786473122.760573585,6.1135,63.1,2400023808,0x0
1786473123.814625196,6.0501,63.1,2400020480,0x0
1786473124.869300695,6.1526,64.2,2400033792,0x0
1786473125.922494954,5.7650,62.6,2400033792,0x0
1786473126.978369416,5.8012,63.7,2400020480,0x0
1786473128.032630730,5.7804,63.7,2400027136,0x0
1786473129.086563007,5.8615,64.2,2400030464,0x0
1786473130.139262562,6.3228,63.7,2400033792,0x0
1786473131.192906191,5.8817,63.1,2400033792,0x0
1786473132.246075857,5.6404,63.7,2400033792,0x0
1786473133.300945172,5.1888,63.7,2400023808,0x0
1786473134.354675041,6.1037,63.7,2400033792,0x0
1786473135.409852263,6.3718,63.7,2400030464,0x0
1786473136.464452910,5.3580,62.6,2400027136,0x0
1786473137.518905910,6.0336,63.1,2400020480,0x0
1786473138.572872576,5.8987,63.7,2400020480,0x0
1786473139.626516057,5.0930,64.8,2400033792,0x0
1786473140.680439834,5.9906,64.2,2400033792,0x0
1786473141.735927815,6.2633,63.1,2400027136,0x0
1786473142.790383740,5.1753,63.1,2400033792,0x0
1786473143.844320721,6.0073,63.1,2400023808,0x0
1786473144.898878054,6.3045,64.2,2400033792,0x0
1786473145.953693108,6.0643,64.8,2400020480,0x0
1786473147.008694830,5.1523,64.2,2400030464,0x0
1786473148.062825255,6.2486,63.1,2400020480,0x0
1786473149.115888125,6.0626,63.1,2400023808,0x0
1786473150.170005143,5.8222,63.7,2400020480,0x0
1786473151.224154494,5.2979,63.1,2400030464,0x0
1786473152.277666808,6.2681,63.7,2400030464,0x0
1786473153.331679289,5.4342,63.7,2400020480,0x0
1786473154.384884252,4.6021,63.1,2400033792,0x0
1786473155.439907047,5.9754,64.2,2400020480,0x0
1786473156.493818861,5.6550,63.7,2400023808,0x0
1786473157.549742620,5.5182,63.7,2400020480,0x0
1786473158.602675545,5.6048,62.6,2400023808,0x0
1786473159.655767600,6.2047,63.1,2400027136,0x0
1786473160.710258414,4.7806,63.7,2400030464,0x0
1786473161.764486506,6.3515,64.2,2400030464,0x0
1786473162.818643006,5.8241,64.2,2400030464,0x0
1786473163.873044764,5.5949,62.6,2400020480,0x0
1786473164.927829449,5.3497,63.1,2400023808,0x0
1786473165.981884245,5.0496,63.1,2400033792,0x0
1786473167.036429948,5.8921,64.2,2400033792,0x0
1786473168.090493632,5.5590,62.6,2400030464,0x0
1786473169.143351613,5.5203,62.6,2400033792,0x0
1786473170.197763020,5.3918,62.6,2400020480,0x0
1786473171.250512908,6.2260,63.1,2400023808,0x0
1786473172.303892759,4.8780,63.7,2400027136,0x0
1786473173.356323444,5.6759,63.7,2400020480,0x0
1786473174.410677036,6.2978,63.1,2400033792,0x0
1786473175.465462795,5.7788,63.1,2400020480,0x0
1786473176.520101312,5.6223,62.6,2400033792,0x0
1786473177.573974979,5.7342,62.6,2400030464,0x0
1786473178.628281774,5.6083,63.7,2400020480,0x0
1786473179.682161477,5.8513,62.0,2400027136,0x0
1786473180.735816977,6.1828,63.7,2400027136,0x0
1786473181.789565550,4.7331,62.6,2400033792,0x0
1786473182.843469309,5.5641,62.0,2400020480,0x0
1786473183.898019623,5.7224,62.6,2400033792,0x0
1786473184.951108400,5.8930,64.8,2400033792,0x0
1786473186.003989659,6.0913,61.5,2400033792,0x0
1786473187.057846880,5.4897,62.6,2400030464,0x0
1786473188.110699935,2.4028,62.0,2400020480,0x0
1786473189.163448768,6.3861,62.6,2400027136,0x0
1786473190.217555971,5.7844,62.6,2400027136,0x0
1786473191.272155952,5.5941,63.7,2400030464,0x0
1786473192.325923099,5.1806,62.6,2400033792,0x0
1786473193.379784988,5.7574,63.1,2400023808,0x0
1786473194.433559394,5.5936,63.1,2400030464,0x0
1786473195.487532746,5.6732,63.7,2400030464,0x0
1786473196.541721023,5.4855,63.1,2400033792,0x0
1786473197.594978504,5.5287,62.6,2400027136,0x0
1786473198.648404540,5.6883,63.1,2400020480,0x0
1786473199.701003391,6.2938,63.1,2400030464,0x0
1786473200.755146780,5.3502,63.7,2400023808,0x0
1786473201.808230483,5.6118,63.1,2400033792,0x0
1786473202.861231760,6.1898,63.7,2400037120,0x0
1786473203.915247685,5.5797,61.5,2400030464,0x0
1786473204.970329055,5.7253,62.6,2400030464,0x0
1786473206.024457332,5.8374,63.1,2400023808,0x0
1786473207.078424054,5.3754,62.6,2400033792,0x0
1786473208.132297238,5.4237,62.6,2400033792,0x0
1786473209.186185052,6.3145,62.6,2400023808,0x0
1786473210.239942848,5.7858,63.1,2400023808,0x0
1786473211.295034070,5.5666,63.7,2400030464,0x0
1786473212.348204661,5.5389,63.1,2400020480,0x0
1786473213.402501883,6.2733,63.7,2400020480,0x0
1786473214.455462827,6.0851,62.6,2400023808,0x0
1786473215.508507437,5.8218,62.0,2400027136,0x0
1786473216.561753252,5.9833,62.6,2400027136,0x0
1786473217.616732103,5.4723,62.6,2400030464,0x0
1786473218.671729324,5.8074,62.6,2400030464,0x0
1786473219.724242213,5.6949,62.6,2400020480,0x0
1786473220.777553953,6.3333,64.2,2400027136,0x0
1786473221.831461119,6.3173,63.1,2400030464,0x0
1786473222.885546192,6.3197,62.6,2400033792,0x0
1786473223.939198988,6.3336,63.1,2400023808,0x0
1786473224.993293487,6.3053,63.7,2400033792,0x0
1786473226.047182876,5.4733,62.6,2400027136,0x0
1786473227.100621690,6.0047,62.6,2400023808,0x0
1786473228.154514559,5.4022,62.6,2400020480,0x0
1786473229.207162540,6.2746,64.2,2400027136,0x0
1786473230.260550651,5.5980,62.6,2400020480,0x0
1786473231.314017965,5.7375,63.7,2400033792,0x0
1786473232.368318261,5.7722,62.6,2400027136,0x0
1786473233.422439019,5.9572,62.6,2400020480,0x0
1786473234.476193371,6.3901,63.1,2400030464,0x0
1786473235.529778296,5.7557,62.6,2400030464,0x0
1786473236.583790073,5.9387,62.6,2400030464,0x0
1786473237.636807017,6.2504,63.1,2400020480,0x0
1786473238.690803368,5.3960,63.1,2400033792,0x0
1786473239.744643478,6.2930,62.6,2400023808,0x0
1786473240.798557237,5.8013,62.6,2400027136,0x0
1786473241.853901255,5.5136,62.6,2400027136,0x0
1786473242.906822736,5.6419,63.1,2400030464,0x0
1786473243.959240180,6.3571,62.6,2400023808,0x0
1786473245.013002938,5.4832,61.5,2400037120,0x0
1786473246.066165956,6.1342,62.6,2400020480,0x0
1786473247.119771678,5.9872,63.7,2400033792,0x0
1786473248.174186807,5.6489,63.7,2400020480,0x0
1786473249.228124843,5.7606,64.2,2400020480,0x0
1786473250.282293102,5.5304,62.6,2400020480,0x0
1786473251.335824490,5.3514,63.7,2400027136,0x0
1786473252.390286064,5.8301,63.1,2400030464,0x0
1786473253.445198693,6.1696,62.0,2400023808,0x0
1786473254.498427914,6.3086,62.6,2400020480,0x0
1786473255.552388728,5.7185,63.1,2400020480,0x0
1786473256.606087987,5.3831,62.6,2400033792,0x0
1786473257.659589190,6.0659,61.5,2400020480,0x0
1786473258.713627801,5.4597,64.8,2400033792,0x0
1786473259.766885448,6.1035,63.7,2400033792,0x0
1786473260.821160410,5.3168,63.1,2400030464,0x0
1786473261.875611169,5.5820,62.0,2400030464,0x0
1786473262.929614465,5.8025,63.7,2400030464,0x0
1786473263.983771112,5.7848,63.1,2400020480,0x0
1786473265.037640871,5.2873,63.1,2400023808,0x0
1786473266.091422518,6.1377,63.1,2400030464,0x0
1786473267.144880221,5.7846,63.1,2400027136,0x0
1786473268.198563628,5.7857,64.2,2400020480,0x0
1786473269.252497313,4.7762,63.1,2400020480,0x0
1786473270.305268127,6.0429,63.7,2400033792,0x0
1786473271.359284663,5.8250,63.1,2400020480,0x0
1786473272.412368663,6.0713,63.1,2400020480,0x0
1786473273.466597273,6.2473,63.7,2400020480,0x0
1786473274.521136643,5.1421,62.0,2400030464,0x0
1786473275.575809050,5.5409,63.7,2400033792,0x0
1786473276.629107438,6.1914,62.6,2400030464,0x0
1786473277.683394715,6.0980,63.7,2400020480,0x0
1786473278.737074881,6.0183,63.1,2400020480,0x0
1786473279.790383418,6.1597,62.0,2400033792,0x0
1786473280.844157621,5.3613,62.0,2400030464,0x0
1786473281.898794824,4.2033,63.7,2400033792,0x0
1786473283.055612193,5.3985,63.1,2400030464,0x0
1786473284.211961100,5.7248,64.2,2400033792,0x0
1786473285.266303100,6.2520,63.1,2400027136,0x0
1786473286.319824580,5.3346,62.6,2400030464,0x0
1786473287.372739728,5.5635,63.1,2400030464,0x0
1786473288.427549061,5.8023,63.1,2400027136,0x0
1786473289.481108893,6.1086,62.6,2400027136,0x0
1786473290.535545911,6.0889,62.6,2400023808,0x0
1786473291.590602911,6.2299,62.6,2400030464,0x0
1786473292.645380058,6.1703,62.6,2400023808,0x0
1786473293.698231409,5.9030,64.2,2400030464,0x0
1786473294.752263075,5.9775,65.3,2400020480,0x0
1786473295.806359278,6.1558,62.6,2400030464,0x0
1786473296.860489167,6.1094,63.1,2400027136,0x0
1786473297.912986407,4.4843,62.6,2400023808,0x0
1786473298.966492665,5.6941,62.6,2400027136,0x0
1786473300.019405887,6.0897,62.6,2400020480,0x0
1786473301.073681572,5.2913,62.6,2400020480,0x0
1786473302.128540978,5.5691,62.6,2400027136,0x0
1786473303.183489330,6.1908,62.6,2400023808,0x0
1786473304.238664959,6.2461,62.6,2400027136,0x0
1786473305.293231088,5.6492,63.1,2400030464,0x0
1786473306.347953383,5.4821,62.6,2400020480,0x0
1786473307.401871827,5.7746,62.6,2400020480,0x0
1786473308.456111178,5.8097,62.6,2400020480,0x0
1786473309.509053159,5.8037,62.6,2400020480,0x0
1786473310.562785455,5.8016,62.6,2400027136,0x0
1786473311.617384436,6.5473,63.1,2400033792,0x0
1786473312.671211176,5.8301,62.0,2400023808,0x0
1786473313.725028194,5.9278,63.1,2400030464,0x0
1786473314.779536063,6.2918,63.1,2400030464,0x0
1786473315.832367933,6.1056,64.2,2400033792,0x0
1786473316.887270395,6.0051,64.2,2400030464,0x0
1786473317.942016654,5.9881,62.6,2400027136,0x0
1786473318.995650616,5.8251,63.7,2400020480,0x0
1786473320.049510690,5.4012,63.1,2400023808,0x0
1786473321.106654041,5.5764,62.6,2400027136,0x0
1786473322.162231726,6.1118,63.1,2400023808,0x0
1786473323.215933447,5.8237,63.7,2400023808,0x0
1786473324.270864539,5.8319,63.1,2400020480,0x0
1786473325.327196613,5.5804,63.7,2400023808,0x0
1786473326.380842890,6.0539,62.0,2400020480,0x0
1786473327.434142056,5.9727,63.1,2400023808,0x0
1786473328.489567703,5.6094,62.6,2400027136,0x0
1786473329.542679943,5.5376,62.6,2400037120,0x0
1786473330.597252443,5.8084,63.1,2400023808,0x0
1786473331.651369127,4.8420,64.2,2400020480,0x0
1786473332.705459497,6.1701,63.1,2400023808,0x0
1786473333.759579571,6.3761,62.6,2400027136,0x0
1786473334.813941070,6.3710,62.6,2400027136,0x0
1786473335.868304143,5.9695,63.1,2400027136,0x0
1786473336.921861717,6.3417,63.7,2400033792,0x0
1786473337.976125179,6.0692,63.1,2400023808,0x0
1786473339.030401308,5.4256,63.1,2400033792,0x0
1786473340.082862789,5.7801,62.6,2400027136,0x0
1786473341.135911011,5.6725,63.7,2400023808,0x0
1786473342.188597343,6.2773,62.6,2400023808,0x0
1786473343.241730658,5.7329,62.0,2400020480,0x0
1786473344.294796064,5.5919,63.7,2400037120,0x0
1786473345.348871212,5.4625,62.6,2400037120,0x0
1786473346.403325804,6.3366,62.6,2400030464,0x0
1786473347.458304785,6.1480,62.0,2400020480,0x0
1786473348.513782969,4.8483,63.1,2400030464,0x0
1786473349.568067506,5.9572,63.7,2400023808,0x0
1786473350.621147931,5.7315,63.7,2400020480,0x0
1786473351.675366838,5.5894,64.2,2400020480,0x0
1786473352.728939930,5.9881,63.7,2400020480,0x0
1786473353.782869762,5.6055,63.7,2400023808,0x0
1786473354.836980688,5.8076,63.7,2400027136,0x0
1786473355.890688002,6.1397,63.1,2400030464,0x0
1786473356.944144131,6.0550,63.7,2400033792,0x0
1786473357.998584927,5.8818,63.1,2400030464,0x0
1786473359.052749518,6.2177,63.7,2400027136,0x0
1786473360.107490796,5.4948,65.3,2400033792,0x0
1786473361.162860684,5.5453,63.1,2400033792,0x0
1786473362.217428220,5.8805,63.1,2400033792,0x0
1786473363.272087497,5.6433,63.7,2400023808,0x0
1786473364.325534386,4.9345,63.1,2400027136,0x0
1786473365.378871830,5.5747,63.1,2400030464,0x0
1786473366.433037144,5.7275,64.2,2400030464,0x0
1786473367.486580884,5.3241,64.2,2400023808,0x0
1786473368.539595828,6.0577,63.7,2400023808,0x0
1786473369.592980586,5.3231,63.7,2400027136,0x0
1786473370.647352919,5.4958,64.8,2400033792,0x0
1786473371.701119733,5.3554,63.7,2400030464,0x0
1786473372.760067807,4.9422,62.6,2400020480,0x0
1786473373.814350325,5.4536,62.0,2400030464,0x0
1786473374.868484139,5.3311,62.6,2400033792,0x0
1786473375.922005471,5.4109,63.1,2400020480,0x0
1786473376.979210415,6.3028,63.1,2400030464,0x0
1786473378.033118637,5.8683,64.8,2400030464,0x0
1786473379.087450692,6.3337,63.7,2400027136,0x0
1786473380.141715487,5.3586,63.1,2400023808,0x0
1786473381.194292135,5.1384,63.7,2400030464,0x0
1786473382.248782801,5.4215,64.2,2400020480,0x0
1786473383.301262837,5.4563,64.2,2400023808,0x0
1786473384.354826337,6.3013,63.7,2400027136,0x0
1786473385.409091892,5.7061,64.2,2400033792,0x0
1786473386.462433187,5.8806,64.2,2400020480,0x0
1786473387.516315798,5.7716,63.1,2400033792,0x0
1786473388.569418797,6.3482,62.6,2400023808,0x0
1786473389.623315426,5.6052,62.6,2400027136,0x0
1786473390.678180111,4.9045,63.7,2400020480,0x0
1786473391.731947110,5.5875,64.2,2400020480,0x0
1786473392.785508684,4.8660,63.7,2400030464,0x0
1786473393.839253201,5.3030,62.0,2400023808,0x0
1786473394.892710867,6.1309,63.1,2400033792,0x0
1786473395.947388274,5.6858,63.7,2400030464,0x0
1786473397.001407385,5.5786,64.2,2400030464,0x0
1786473398.054509236,5.8841,65.3,2400030464,0x0
1786473399.109227198,6.3154,63.7,2400020480,0x0
1786473400.163637901,5.6615,64.8,2400030464,0x0
1786473401.216386327,6.1120,64.2,2400033792,0x0
1786473402.270145141,4.2411,63.1,2400020480,0x0
1786473403.325483103,5.4786,63.1,2400030464,0x0
1786473404.379606454,5.3959,64.8,2400023808,0x0
1786473405.433372806,5.6079,64.8,2400023808,0x0
1786473406.487293101,5.6070,63.1,2400027136,0x0
1786473407.540665730,6.2767,63.7,2400033792,0x0
1786473408.594461248,6.0493,63.1,2400030464,0x0
1786473409.648895303,5.5761,62.0,2400020480,0x0
1786473410.702451136,6.0716,62.6,2400033792,0x0
1786473411.755542246,5.5619,62.6,2400027136,0x0
1786473412.809592727,5.6466,62.6,2400023808,0x0
1786473413.864757486,5.8866,62.6,2400020480,0x0
1786473414.918243152,6.1178,63.7,2400033792,0x0
1786473415.972782596,5.4342,64.2,2400027136,0x0
1786473417.027243151,5.9727,62.0,2400030464,0x0
1786473418.080940465,5.5772,63.7,2400030464,0x0
1786473419.134237131,5.7838,63.7,2400027136,0x0
1786473420.188711982,5.4574,63.7,2400020480,0x0
1786473421.242535759,5.7978,63.1,2400027136,0x0
1786473422.296791592,5.5701,62.6,2400023808,0x0
1786473423.350770202,5.8242,63.1,2400020480,0x0
1786473424.403856646,5.4850,63.1,2400027136,0x0
1786473425.456438997,6.1171,63.1,2400033792,0x0
1786473426.510305719,5.6083,64.2,2400023808,0x0
1786473427.564263978,5.8463,63.7,2400030464,0x0
1786473428.616887607,5.2271,63.7,2400027136,0x0
1786473429.671903032,5.6696,63.7,2400023808,0x0
1786473430.725749754,5.8966,63.7,2400027136,0x0
1786473431.780321808,6.3612,63.7,2400030464,0x0
1786473432.834510419,6.5285,65.3,2400027136,0x0
1786473433.889533733,6.6023,63.7,2400030464,0x0
1786473434.944397547,5.9545,63.7,2400020480,0x0
1786473435.998883084,6.0905,64.8,2400030464,0x0
1786473437.052505639,6.1684,62.0,2400027136,0x0
1786473438.107025879,5.4310,63.7,2400027136,0x0
1786473439.160703193,5.5407,64.2,2400030464,0x0
1786473440.213571489,6.1227,63.1,2400030464,0x0
1786473441.270706932,6.1690,63.1,2400030464,0x0
1786473442.323657654,5.5899,64.2,2400033792,0x0
1786473443.378945246,5.5451,63.1,2400023808,0x0
1786473444.433671782,6.3163,64.8,2400020480,0x0
1786473445.488723874,5.7730,65.3,2400033792,0x0
1786473446.542879614,5.7138,64.2,2400037120,0x0
1786473447.597443373,5.8104,64.8,2400030464,0x0
1786473448.651573113,5.9997,63.7,2400020480,0x0
1786473449.705919964,5.7588,63.1,2400027136,0x0
1786473450.759426742,6.3407,63.1,2400027136,0x0
1786473451.813218963,5.8375,63.7,2400033792,0x0
1786473452.866409092,6.1672,63.7,2400023808,0x0
1786473453.920821555,5.7927,64.2,2400030464,0x0
1786473454.975266535,5.6931,63.1,2400027136,0x0
1786473456.028290313,6.3470,63.7,2400030464,0x0
1786473457.081236608,6.3039,65.9,2400033792,0x0
1786473458.136386608,5.6551,65.3,2400023808,0x0
1786473459.191351366,5.8360,63.7,2400023808,0x0
1786473460.244585217,5.6148,63.7,2400027136,0x0
1786473461.298991809,5.5788,64.2,2400030464,0x0
1786473462.352219846,5.6833,63.1,2400030464,0x0
1786473463.406956141,4.6311,63.7,2400023808,0x0
1786473464.461384604,5.9871,63.7,2400023808,0x0
1786473465.515038881,5.7082,63.7,2400030464,0x0
1786473466.568377454,5.6342,63.7,2400030464,0x0
1786473467.621225250,5.3370,64.2,2400023808,0x0
1786473468.674727935,5.9653,63.7,2400030464,0x0
1786473469.728539230,5.5864,63.7,2400030464,0x0
1786473470.780763007,5.7516,63.7,2400037120,0x0
1786473471.835480933,5.6737,63.7,2400027136,0x0
1786473472.888838488,6.0589,61.5,2400023808,0x0
1786473473.942843450,6.2250,63.1,2400023808,0x0
1786473474.996765986,6.0896,62.6,2400020480,0x0
1786473476.051595875,5.7081,63.7,2400020480,0x0
1786473477.105477337,3.8072,64.2,2400033792,0x0
1786473478.159543744,6.1824,62.6,2400030464,0x0
1786473479.212904262,6.2321,62.6,2400030464,0x0
1786473480.266816854,5.3783,62.6,2400027136,0x0
1786473481.320071409,5.8832,63.1,2400023808,0x0
1786473482.373134556,5.6170,63.7,2400033792,0x0
1786473483.426679963,6.1344,63.7,2400027136,0x0
1786473484.481423999,5.7697,64.2,2400030464,0x0
1786473485.536115258,5.6808,62.6,2400037120,0x0
1786473486.589890072,6.0849,62.0,2400030464,0x0
1786473487.644218831,6.0499,64.2,2400033792,0x0
1786473488.699207312,5.8194,63.7,2400027136,0x0
1786473489.754401107,5.6449,62.6,2400023808,0x0
1786473490.808542273,6.2875,63.1,2400020480,0x0
1786473491.863164087,5.8340,63.7,2400030464,0x0
1786473492.916425791,6.0564,64.8,2400033792,0x0
1786473493.971463290,6.3332,63.7,2400020480,0x0
1786473495.024998826,6.0406,63.1,2400027136,0x0
1786473496.078189011,5.8132,63.7,2400027136,0x0
1786473497.131740640,5.6043,62.6,2400023808,0x0
1786473498.184502676,6.1439,63.7,2400027136,0x0
1786473499.237634287,6.1814,64.2,2400037120,0x0
1786473500.292169860,6.1343,63.1,2400033792,0x0
1786473501.347592841,5.4392,63.7,2400030464,0x0
1786473502.401621100,6.1073,62.6,2400027136,0x0
1786473503.455283506,5.6284,60.9,2400020480,0x0
1786473504.511323284,5.7508,63.7,2400023808,0x0
1786473505.565584264,5.0974,63.7,2400023808,0x0
1786473506.619977616,5.6245,63.1,2400027136,0x0
1786473507.673142300,5.2427,63.7,2400033792,0x0
1786473508.726269226,5.2523,64.8,2400033792,0x0
1786473509.780233929,6.0834,63.1,2400030464,0x0
1786473510.834553039,5.2643,64.8,2400023808,0x0
1786473511.888051557,5.7058,62.6,2400030464,0x0
1786473512.941596408,6.3292,64.2,2400037120,0x0
1786473513.996975352,5.3803,63.7,2400020480,0x0
1786473515.051542907,4.8343,64.8,2400033792,0x0
1786473516.104569351,5.5877,64.2,2400023808,0x0
1786473517.158313276,5.5303,63.1,2400033792,0x0
1786473518.211416516,6.3436,64.8,2400020480,0x0
1786473519.265549942,6.3108,63.7,2400023808,0x0
1786473520.319616830,6.1595,64.2,2400023808,0x0
1786473521.373364162,6.0294,63.7,2400027136,0x0
1786473522.427490088,5.4019,63.7,2400027136,0x0
1786473523.481303254,5.6477,62.6,2400023808,0x0
1786473524.534637938,5.7154,62.6,2400023808,0x0
1786473525.587776067,5.9015,63.1,2400027136,0x0
1786473526.639879585,3.2088,63.1,2400033792,0x0
1786473527.693268177,5.7144,62.6,2400023808,0x0
1786473528.747673843,5.6413,62.0,2400023808,0x0
1786473529.800935861,5.7619,64.2,2400023808,0x0
1786473530.854636157,6.0665,62.6,2400033792,0x0
1786473531.909231101,3.7069,62.6,2400020480,0x0
1786473532.963704137,5.6570,64.8,2400023808,0x0
1786473534.017553933,5.4428,64.8,2400027136,0x0
1786473535.071368895,6.2359,62.6,2400033792,0x0
1786473536.124653209,6.1831,62.6,2400027136,0x0
1786473537.177856579,5.7482,63.1,2400020480,0x0
1786473538.230537634,5.6427,61.5,2400023808,0x0
1786473539.284166578,6.1539,63.1,2400027136,0x0
1786473540.338352873,5.8098,64.2,2400020480,0x0
1786473541.391905558,5.3445,64.8,2400037120,0x0
1786473542.445863094,6.0147,63.1,2400020480,0x0
1786473543.500114372,6.1390,63.1,2400027136,0x0
1786473544.554531334,5.8482,62.6,2400027136,0x0
1786473545.608928463,5.6379,63.1,2400033792,0x0
1786473546.663053610,5.6488,64.8,2400030464,0x0
1786473547.718119517,5.0257,64.2,2400020480,0x0
1786473548.771639720,6.1095,63.7,2400023808,0x0
1786473549.826259275,5.9240,63.7,2400033792,0x0
1786473550.879462071,6.1591,63.7,2400030464,0x0
1786473551.933608533,6.1449,63.7,2400027136,0x0
1786473552.987017162,5.6748,65.3,2400027136,0x0
1786473554.040365180,6.6074,63.7,2400020480,0x0
1786473555.095212309,6.3090,64.2,2400030464,0x0
1786473556.149267345,5.9812,63.7,2400023808,0x0
1786473557.203725308,5.9537,63.7,2400023808,0x0
1786473558.258105140,5.7565,63.1,2400023808,0x0
1786473559.311943492,5.3802,63.1,2400023808,0x0
1786473560.366175639,5.6852,64.2,2400027136,0x0
1786473561.419508639,5.8670,63.1,2400030464,0x0
1786473562.473512157,6.0046,65.3,2400027136,0x0
1786473563.527211971,5.9195,63.7,2400023808,0x0
1786473564.581390470,4.6256,64.2,2400033792,0x0
1786473565.634685062,6.0070,63.7,2400030464,0x0
1786473566.688319895,6.1490,63.1,2400033792,0x0
1786473567.741571431,5.5809,64.8,2400020480,0x0
1786473568.794370079,6.3324,63.7,2400030464,0x0
1786473569.848928560,6.2611,64.8,2400037120,0x0
1786473570.903885263,5.7660,63.7,2400027136,0x0
1786473571.958524595,5.6098,64.2,2400027136,0x0
1786473573.011210002,5.3648,63.1,2400027136,0x0
1786473574.065234020,6.1482,64.2,2400027136,0x0
1786473575.119415964,5.5478,63.7,2400023808,0x0
1786473576.173627722,6.2342,64.8,2400023808,0x0
1786473577.226120537,5.8816,64.8,2400027136,0x0
1786473578.280529573,5.4225,63.1,2400030464,0x0
1786473579.333604665,5.3811,63.1,2400027136,0x0
1786473580.387974331,6.2402,65.3,2400023808,0x0
1786473581.442018090,6.2812,63.7,2400027136,0x0
1786473582.495761996,5.1275,63.7,2400033792,0x0
1786473583.548663940,5.6849,63.1,2400037120,0x0
1786473584.603508569,5.6534,63.1,2400033792,0x0
1786473585.657765106,6.2899,64.2,2400030464,0x0
1786473586.712533235,6.0191,63.7,2400027136,0x0
1786473587.766844753,6.1371,64.8,2400027136,0x0
1786473588.821495548,5.5831,63.7,2400020480,0x0
1786473589.876684770,6.1552,63.1,2400023808,0x0
1786473590.930215065,5.8177,63.1,2400033792,0x0
1786473591.985407102,6.0222,63.1,2400030464,0x0
1786473593.038846879,6.0061,62.6,2400030464,0x0
1786473594.092276415,5.8956,63.1,2400020480,0x0
1786473595.145217063,5.0985,64.2,2400030464,0x0
1786473596.198799822,6.1254,63.1,2400033792,0x0
1786473597.252090228,5.6370,63.7,2400033792,0x0
1786473598.306301765,5.5456,63.1,2400027136,0x0
1786473599.360765412,6.1593,62.6,2400020480,0x0
1786473600.415365726,4.7489,63.1,2400023808,0x0
1786473601.468940800,5.8047,63.1,2400030464,0x0
1786473602.523050040,5.5357,64.2,2400033792,0x0
1786473603.577087021,5.4518,63.1,2400030464,0x0
1786473604.631221520,6.0202,62.6,2400023808,0x0
1786473605.684636594,5.8773,63.1,2400020480,0x0
1786473606.738195149,6.0844,63.1,2400023808,0x0
1786473607.898101148,5.3149,63.7,2400030464,0x0
1786473608.951463814,5.3065,63.1,2400027136,0x0
1786473610.004642813,6.0372,62.6,2400020480,0x0
1786473611.059404609,6.1550,63.1,2400020480,0x0
1786473612.113140201,5.8025,62.6,2400030464,0x0
1786473613.167666849,5.8263,63.1,2400020480,0x0
1786473614.221567515,6.3324,63.1,2400020480,0x0
1786473615.275524403,6.0278,63.1,2400023808,0x0
1786473616.329440680,5.3848,63.1,2400023808,0x0
1786473617.386462439,5.4781,62.6,2400023808,0x0
1786473618.440553382,6.1580,62.6,2400023808,0x0
1786473619.493572900,5.5012,60.9,2400030464,0x0
1786473620.547259826,5.8698,63.7,2400030464,0x0
1786473621.700895103,5.5565,62.6,2400033792,0x0
1786473622.753809954,6.0474,63.1,2400023808,0x0
1786473623.806437379,5.7298,63.1,2400020480,0x0
1786473624.859643045,5.6884,63.1,2400027136,0x0
1786473625.913037822,6.3053,62.0,2400030464,0x0
1786473626.967719766,6.0974,62.6,2400030464,0x0
1786473628.022453395,5.7019,63.1,2400033792,0x0
1786473629.076477746,5.4769,63.1,2400020480,0x0
1786473630.130518098,4.8247,62.6,2400020480,0x0
1786473631.184904245,5.5783,63.1,2400020480,0x0
1786473632.238677319,5.7893,63.7,2400020480,0x0
1786473633.293100429,5.4591,63.7,2400023808,0x0
1786473634.346504225,6.1441,63.7,2400033792,0x0
1786473635.399316576,5.3599,63.7,2400020480,0x0
1786473636.453155353,6.2976,61.5,2400023808,0x0
1786473637.506867408,6.1423,62.6,2400030464,0x0
1786473638.559791741,5.8109,62.6,2400033792,0x0
1786473639.612760870,6.2955,63.1,2400020480,0x0
1786473640.667940832,5.5972,63.7,2400027136,0x0
1786473641.722589220,5.5786,62.6,2400027136,0x0
1786473642.776873405,5.6904,63.7,2400023808,0x0
1786473643.830790034,6.1421,63.1,2400030464,0x0
1786473644.884621496,6.3155,62.6,2400023808,0x0
1786473645.939167533,6.0934,63.1,2400027136,0x0
1786473646.993462199,6.1730,64.2,2400023808,0x0
1786473648.047843031,6.3061,63.1,2400033792,0x0
1786473649.101688197,5.4443,62.6,2400020480,0x0
1786473650.156074308,5.7582,64.2,2400030464,0x0
1786473651.209727418,5.5065,63.1,2400023808,0x0
1786473652.262608918,6.3624,63.1,2400030464,0x0
1786473653.317277251,4.8674,63.1,2400030464,0x0
1786473654.370936750,5.5688,63.1,2400030464,0x0
1786473655.425073379,5.7040,63.7,2400023808,0x0
1786473656.479204452,6.1998,62.6,2400020480,0x0
1786473657.534195322,5.5133,63.7,2400030464,0x0
1786473658.588836266,5.6864,63.7,2400020480,0x0
1786473659.643247747,5.3817,63.1,2400027136,0x0
1786473660.697100024,5.6752,62.6,2400023808,0x0
1786473661.750981745,4.9014,63.1,2400033792,0x0
1786473662.803935060,6.2738,62.6,2400030464,0x0
1786473663.857703411,4.6209,63.1,2400023808,0x0
1786473664.910717966,5.5061,63.1,2400030464,0x0
1786473665.963672947,5.5725,63.7,2400027136,0x0
1786473667.015970872,5.5132,63.1,2400023808,0x0
1786473668.170281131,6.3023,63.7,2400030464,0x0
1786473669.224586352,5.5328,63.1,2400020480,0x0
1786473670.279259685,5.6270,63.1,2400033792,0x0
1786473671.332890943,5.6828,63.1,2400033792,0x0
1786473672.387253017,5.5280,62.6,2400023808,0x0
1786473673.441143164,5.0004,62.6,2400030464,0x0
1786473674.495633775,6.1250,64.2,2400033792,0x0
1786473675.549752422,5.7424,64.8,2400027136,0x0
1786473676.602895977,5.8150,63.7,2400030464,0x0
1786473677.658341643,5.8609,63.1,2400027136,0x0
1786473678.712035346,4.9214,63.1,2400030464,0x0
1786473679.766539142,6.3264,62.6,2400023808,0x0
1786473680.819399456,6.1505,63.7,2400030464,0x0
1786473681.872423067,6.1311,63.1,2400020480,0x0
1786473682.927968344,5.5698,63.1,2400027136,0x0
1786473683.982112732,5.8108,63.7,2400030464,0x0
1786473685.036234787,5.3296,64.2,2400033792,0x0
1786473686.089830620,6.2809,63.1,2400023808,0x0
1786473687.143799175,6.0386,63.7,2400033792,0x0
1786473688.197774007,6.1390,62.6,2400027136,0x0
1786473689.251823599,6.3733,63.1,2400033792,0x0
1786473690.305668247,5.6896,63.7,2400020480,0x0
1786473691.359060154,4.8534,62.0,2400033792,0x0
1786473692.411914764,5.6292,63.7,2400020480,0x0
1786473693.464541801,5.8142,64.2,2400020480,0x0
1786473694.518218096,6.2561,64.2,2400027136,0x0
1786473695.573055225,5.9809,64.8,2400030464,0x0
1786473696.626458799,5.8373,63.1,2400037120,0x0
1786473697.681374631,5.5475,63.7,2400027136,0x0
1786473698.734868872,6.0203,63.7,2400023808,0x0
1786473699.794276464,6.3450,63.7,2400020480,0x0
1786473700.848614537,5.8534,61.5,2400023808,0x0
1786473701.902630407,6.3350,64.2,2400020480,0x0
1786473702.955181073,5.2544,62.6,2400027136,0x0
1786473704.009845109,3.5550,62.6,2400023808,0x0
1786473705.063714646,6.1156,62.6,2400030464,0x0
1786473706.117201201,5.9679,62.6,2400033792,0x0
1786473707.169612070,5.7806,62.6,2400027136,0x0
1786473708.223308033,6.2421,62.6,2400033792,0x0
1786473709.276510162,6.0793,63.7,2400030464,0x0
1786473710.330133939,5.7210,63.1,2400027136,0x0
1786473711.384556920,5.6403,62.6,2400033792,0x0
1786473712.438664271,6.2181,64.2,2400020480,0x0
1786473713.493193548,5.6004,63.1,2400030464,0x0
1786473714.547625788,5.4788,62.6,2400023808,0x0
1786473715.601585380,6.1922,62.6,2400023808,0x0
1786473716.755799250,6.0444,63.7,2400020480,0x0
1786473717.808201971,5.8427,62.6,2400027136,0x0
1786473718.861697360,5.6402,62.6,2400020480,0x0
1786473719.914585044,5.8077,63.1,2400020480,0x0
1786473720.968348562,4.5111,63.7,2400020480,0x0
1786473722.021987543,6.1751,63.7,2400030464,0x0
1786473723.077011894,5.8957,62.6,2400027136,0x0
1786473724.130061690,6.0257,63.7,2400020480,0x0
1786473725.175119300,5.8933,62.6,2400023808,0x0
1786473726.330189966,6.0106,63.1,2400023808,0x0
1786473727.383981466,5.5300,64.2,2400027136,0x0
1786473728.437155743,5.8191,64.2,2400027136,0x0
1786473729.491678501,6.0689,63.1,2400033792,0x0
1786473730.546146779,6.3268,62.6,2400023808,0x0
1786473731.599776871,6.3347,62.6,2400023808,0x0
1786473732.654017018,6.3150,63.7,2400027136,0x0
1786473733.708381906,6.1448,63.1,2400027136,0x0
1786473734.762384313,5.4904,63.1,2400020480,0x0
1786473735.815824442,5.2702,63.1,2400030464,0x0
1786473736.868759645,6.0752,63.7,2400030464,0x0
1786473737.922520311,4.9778,63.1,2400020480,0x0
1786473738.976151051,5.7500,62.6,2400037120,0x0
1786473740.030295384,6.2434,63.1,2400020480,0x0
1786473741.084999254,6.1339,62.6,2400027136,0x0
1786473742.139390586,3.7289,62.0,2400033792,0x0
1786473743.193761475,5.8223,63.1,2400033792,0x0
1786473744.247731770,5.3905,63.1,2400033792,0x0
1786473745.301395529,5.7382,62.6,2400033792,0x0
1786473746.356050288,6.2483,62.6,2400027136,0x0
1786473747.410256028,6.1219,63.7,2400033792,0x0
1786473748.463463416,5.9407,63.1,2400033792,0x0
1786473749.518037804,5.4989,63.1,2400023808,0x0
1786473750.571887693,5.5982,62.6,2400023808,0x0
1786473751.625346285,6.0264,63.1,2400033792,0x0
1786473752.678318376,6.1634,64.2,2400033792,0x0
1786473753.731559580,5.7549,63.1,2400033792,0x0
1786473754.785114764,6.2956,63.7,2400020480,0x0
1786473755.839613430,5.7774,63.1,2400033792,0x0
1786473756.893033744,5.7549,61.5,2400023808,0x0
1786473757.946936040,5.7928,62.6,2400020480,0x0
1786473758.999657002,5.6414,62.6,2400023808,0x0
1786473760.054236465,5.6034,63.1,2400033792,0x0
1786473761.108156705,5.0502,62.6,2400023808,0x0
1786473762.160748815,6.2455,64.2,2400027136,0x0
1786473763.213995704,6.2444,63.1,2400020480,0x0
1786473764.267199351,5.6817,63.1,2400023808,0x0
1786473765.321511110,5.7738,64.2,2400020480,0x0
1786473766.374400424,6.1491,63.7,2400030464,0x0
1786473767.427894923,6.0885,63.1,2400037120,0x0
1786473768.482135849,5.6342,63.1,2400030464,0x0
1786473769.536469403,5.5062,63.7,2400023808,0x0
1786473770.590709884,5.3327,64.2,2400027136,0x0
1786473771.643513587,5.3803,63.1,2400030464,0x0
1786473772.798371087,5.5032,62.6,2400030464,0x0
1786473773.852238753,6.0776,63.1,2400020480,0x0
1786473774.906311178,6.1222,63.7,2400033792,0x0
1786473775.960009177,5.9510,62.6,2400020480,0x0
1786473777.014034918,5.8298,64.2,2400020480,0x0
1786473778.067904195,5.6749,63.1,2400023808,0x0
1786473779.122313268,6.3290,63.1,2400023808,0x0
1786473780.175802379,5.7568,62.6,2400023808,0x0
1786473781.230401285,5.6783,62.6,2400027136,0x0
1786473782.284393470,5.3777,62.0,2400020480,0x0
1786473783.338293432,6.3154,62.6,2400020480,0x0
1786473784.392367913,5.9276,62.6,2400020480,0x0
1786473785.445899598,5.4381,63.7,2400030464,0x0
1786473786.499879727,6.2872,63.1,2400030464,0x0
1786473787.554455430,5.4901,62.6,2400020480,0x0
1786473788.607966466,5.8986,63.1,2400030464,0x0
1786473789.661713966,6.2825,64.2,2400030464,0x0
1786473790.715246520,6.3631,63.1,2400023808,0x0
1786473791.768726668,4.7511,63.7,2400027136,0x0
1786473792.821528427,5.4285,63.1,2400020480,0x0
1786473793.875262907,6.3051,63.1,2400020480,0x0
1786473794.928449203,6.3084,62.6,2400023808,0x0
1786473795.982070814,6.3227,63.1,2400023808,0x0
1786473797.035680350,6.4337,62.6,2400027136,0x0
1786473798.089373590,5.1236,60.9,2400033792,0x0
1786473799.144348404,5.7389,63.7,2400020480,0x0
1786473800.198318070,5.8480,62.6,2400027136,0x0
1786473801.252089533,5.1543,63.7,2400023808,0x0
1786473802.305068217,5.7169,63.1,2400023808,0x0
1786473803.357748365,5.6028,63.7,2400033792,0x0
1786473804.412577253,5.5066,64.2,2400020480,0x0
1786473805.465871234,6.0644,62.6,2400030464,0x0
1786473806.519357418,5.6666,63.1,2400030464,0x0
1786473807.573488566,5.7341,63.1,2400023808,0x0
1786473808.626457139,6.3847,63.1,2400020480,0x0
1786473809.681715694,6.2627,63.7,2400027136,0x0
1786473810.736434212,5.4886,63.1,2400030464,0x0
1786473811.791203526,5.6930,62.6,2400023808,0x0
1786473812.845675322,5.0711,63.1,2400030464,0x0
1786473813.899502581,5.5676,62.0,2400023808,0x0
1786473814.953127284,5.6190,63.7,2400030464,0x0
1786473816.007205654,5.5555,64.2,2400020480,0x0
1786473817.060151357,5.7711,63.1,2400030464,0x0
1786473818.113345375,6.1505,64.8,2400023808,0x0
1786473819.270649152,6.2780,63.1,2400030464,0x0
1786473820.426204095,6.1560,64.2,2400033792,0x0
1786473821.478692076,5.7930,62.6,2400030464,0x0
1786473822.531568631,4.4771,63.7,2400027136,0x0
1786473823.584618001,6.0295,62.6,2400033792,0x0
1786473824.639052204,5.6694,62.0,2400023808,0x0
1786473825.693762277,6.0379,63.1,2400023808,0x0
1786473826.748284703,5.3244,63.1,2400027136,0x0
1786473827.802035684,6.0962,63.1,2400023808,0x0
1786473828.856262924,6.1449,63.1,2400027136,0x0
1786473829.909098182,5.3269,63.1,2400023808,0x0
1786473830.962912163,5.8072,63.1,2400023808,0x0
1786473832.016767588,5.8045,63.1,2400030464,0x0
1786473833.069992014,5.5885,63.1,2400027136,0x0
1786473834.123891143,5.8585,62.6,2400020480,0x0
1786473835.177232901,5.7296,62.6,2400033792,0x0
1786473836.231058753,6.1048,62.6,2400030464,0x0
1786473837.284284141,6.3239,62.6,2400030464,0x0
1786473838.339291251,5.4741,64.2,2400030464,0x0
1786473839.393766380,5.3167,64.2,2400033792,0x0
1786473840.447180491,5.5531,63.1,2400030464,0x0
1786473841.501157898,5.2886,63.7,2400023808,0x0
1786473842.554575508,6.0719,63.1,2400027136,0x0
1786473843.608310915,6.3310,61.5,2400027136,0x0
1786473844.662121025,6.1289,63.1,2400030464,0x0
1786473845.716180451,5.4658,63.7,2400030464,0x0
1786473846.771389728,5.5946,62.6,2400023808,0x0
1786473847.826883894,5.7066,64.2,2400020480,0x0
1786473848.881455856,5.0184,63.7,2400033792,0x0
1786473849.935837522,5.5441,63.7,2400030464,0x0
1786473850.988972633,5.3255,63.7,2400030464,0x0
1786473852.042802595,5.5766,63.7,2400020480,0x0
1786473853.096691057,5.7869,63.7,2400023808,0x0
1786473854.150727353,6.1161,64.2,2400027136,0x0
1786473855.204928852,5.8276,63.7,2400027136,0x0
1786473856.259889889,5.5705,63.1,2400027136,0x0
1786473857.314673092,5.6648,64.2,2400027136,0x0
1786473858.369410258,5.7658,64.2,2400033792,0x0
1786473859.424152368,5.0830,63.7,2400023808,0x0
1786473860.477013868,6.0866,63.1,2400030464,0x0
1786473861.531088589,6.1843,63.1,2400027136,0x0
1786473862.585644422,6.1353,63.7,2400030464,0x0
1786473863.638697236,5.1430,64.8,2400030464,0x0
1786473864.691751902,6.2117,63.7,2400030464,0x0
1786473865.745174513,5.7809,64.2,2400030464,0x0
1786473866.798965660,6.2555,65.3,2400030464,0x0
1786473867.854201252,6.2593,64.2,2400030464,0x0
1786473868.908382215,5.1934,63.7,2400023808,0x0
1786473869.962224770,5.8054,66.4,2400027136,0x0
1786473871.016057195,6.2920,64.2,2400027136,0x0
1786473872.070618157,5.6447,64.2,2400030464,0x0
1786473873.124386342,4.8646,64.2,2400030464,0x0
1786473874.177397286,5.4671,63.7,2400033792,0x0
1786473875.230872044,5.7601,62.0,2400033792,0x0
1786473876.285445377,6.0670,62.6,2400033792,0x0
1786473877.340390376,5.0108,62.6,2400027136,0x0
1786473878.393951764,5.5578,62.6,2400020480,0x0
1786473879.447323097,6.2138,63.1,2400037120,0x0
1786473880.500651634,4.4748,63.1,2400023808,0x0
1786473881.555251818,5.3037,62.6,2400030464,0x0
1786473882.609183892,5.6002,63.7,2400030464,0x0
1786473883.663467576,4.8144,64.2,2400033792,0x0
1786473884.717251020,5.2770,62.6,2400033792,0x0
1786473885.774646427,6.3308,64.2,2400030464,0x0
1786473886.828755574,6.1730,61.5,2400027136,0x0
1786473887.881195907,5.6522,62.6,2400030464,0x0
1786473888.935285721,5.3991,63.1,2400033792,0x0
1786473889.988388832,5.3547,62.6,2400027136,0x0
1786473891.041899257,6.1182,62.0,2400027136,0x0
1786473892.095427145,6.0245,63.1,2400033792,0x0
1786473893.149505274,5.8395,63.7,2400020480,0x0
1786473894.202332977,5.3542,63.7,2400020480,0x0
1786473895.256778791,5.7949,62.6,2400020480,0x0
1786473896.309874420,5.7486,62.6,2400030464,0x0
1786473897.363992327,6.1332,63.7,2400023808,0x0
1786473898.418842549,6.3738,63.1,2400030464,0x0
1786473899.472624770,6.3439,62.6,2400030464,0x0
1786473900.527306881,6.0149,63.1,2400020480,0x0
1786473901.581285732,6.2981,62.6,2400023808,0x0
1786473902.634122343,5.3758,61.5,2400030464,0x0
1786473903.690790768,5.7567,64.2,2400027136,0x0
1786473904.744456490,5.8511,64.2,2400030464,0x0
1786473905.798523156,6.0240,62.6,2400027136,0x0
1786473906.852268210,6.0454,62.6,2400027136,0x0
1786473907.906051636,5.7229,62.0,2400027136,0x0
1786473908.960378561,5.7392,63.7,2400033792,0x0
1786473910.014180209,6.3633,63.7,2400027136,0x0
1786473911.069438189,5.7227,63.7,2400023808,0x0
1786473912.124047670,5.8157,63.7,2400033792,0x0
1786473913.178999225,5.8256,63.7,2400030464,0x0
1786473914.233407725,5.8144,64.8,2400030464,0x0
1786473915.288103483,5.6426,63.7,2400027136,0x0
1786473916.341262927,5.7847,63.7,2400023808,0x0
1786473917.395257167,6.5271,63.7,2400023808,0x0
1786473918.449171426,6.3348,63.7,2400023808,0x0
1786473919.502025425,5.6557,63.7,2400027136,0x0
1786473920.555728665,5.0145,64.8,2400033792,0x0
1786473921.608793961,5.3298,63.7,2400030464,0x0
1786473922.658484220,5.4858,63.7,2400033792,0x0
1786473923.712452126,6.3966,62.6,2400023808,0x0
1786473924.767328181,5.4484,63.7,2400033792,0x0
1786473925.822360403,5.4542,64.8,2400020480,0x0
1786473926.877155921,5.4503,63.1,2400023808,0x0
1786473927.931527235,5.6398,63.7,2400033792,0x0
1786473928.985560864,5.2877,63.7,2400023808,0x0
1786473930.039436789,5.5731,64.8,2400020480,0x0
1786473931.092570474,5.6243,63.1,2400033792,0x0
1786473932.146241473,6.3964,63.1,2400027136,0x0
1786473933.200124010,5.2312,62.6,2400033792,0x0
1786473934.253181231,5.7462,63.7,2400030464,0x0
1786473935.306945786,6.2152,63.7,2400023808,0x0
1786473936.362007119,6.3232,63.7,2400030464,0x0
1786473937.416325007,6.0857,63.1,2400033792,0x0
1786473938.470607914,5.8158,63.7,2400027136,0x0
1786473939.525187858,6.2241,63.7,2400023808,0x0
1786473940.578596024,5.6834,64.2,2400020480,0x0
1786473941.632649153,5.8140,63.7,2400033792,0x0
1786473942.686471615,5.5034,63.7,2400023808,0x0
1786473943.741030096,5.5340,63.7,2400030464,0x0
1786473944.795109780,5.7792,63.7,2400023808,0x0
1786473945.848186335,5.7156,64.2,2400030464,0x0
1786473946.901964890,3.9069,64.2,2400030464,0x0
1786473947.956815816,6.2392,64.2,2400023808,0x0
1786473949.010104963,5.4702,63.1,2400033792,0x0
1786473950.062808074,6.1822,63.7,2400030464,0x0
1786473951.117049925,5.7859,63.7,2400027136,0x0
1786473952.171483035,5.3794,63.7,2400027136,0x0
1786473953.224422350,5.3062,64.2,2400033792,0x0
1786473954.278881571,6.1387,63.7,2400020480,0x0
1786473955.333240904,6.3570,64.2,2400030464,0x0
1786473956.387581848,6.3411,64.2,2400033792,0x0
1786473957.442163717,6.3620,63.7,2400027136,0x0
1786473958.496983550,6.3710,63.7,2400030464,0x0
1786473959.551041605,6.2652,63.7,2400020480,0x0
1786473960.604772549,5.7935,63.7,2400023808,0x0
1786473961.657924919,5.5148,63.1,2400027136,0x0
1786473962.711170233,6.0809,62.0,2400027136,0x0
1786473963.764848065,5.3662,63.7,2400020480,0x0
1786473964.818456046,5.4056,63.7,2400020480,0x0
1786473965.872269120,6.0435,63.7,2400023808,0x0
1786473966.925786786,6.1270,64.8,2400027136,0x0
1786473967.979902081,5.8610,64.8,2400023808,0x0
1786473969.035172859,4.5728,64.2,2400020480,0x0
1786473970.089060228,5.6315,62.6,2400023808,0x0
1786473971.143390228,5.5589,63.7,2400030464,0x0
1786473972.196388931,5.6494,63.7,2400023808,0x0
1786473973.251061541,5.4313,63.1,2400023808,0x0
1786473974.304424837,6.2990,64.2,2400027136,0x0
1786473975.359635947,5.6132,63.7,2400033792,0x0
1786473976.414367725,5.4800,62.6,2400027136,0x0
1786473977.468714317,5.7932,63.7,2400020480,0x0
1786473978.521742686,5.3679,63.7,2400030464,0x0
1786473979.576322297,6.2067,65.3,2400027136,0x0
1786473980.631540852,6.2476,63.7,2400023808,0x0
1786473981.686356055,5.8166,64.8,2400033792,0x0
1786473982.739844073,5.5492,63.7,2400023808,0x0
1786473983.794658331,5.5983,64.2,2400027136,0x0
1786473984.849154164,6.2526,63.7,2400033792,0x0
1786473985.903148145,5.5344,64.2,2400027136,0x0
1786473986.957481292,5.4485,63.7,2400027136,0x0
1786473988.010797607,5.6805,63.7,2400020480,0x0
1786473989.063737791,5.5749,63.7,2400020480,0x0
1786473990.118220346,6.0568,63.7,2400030464,0x0
1786473991.171662605,5.6219,63.7,2400027136,0x0
1786473992.224404252,6.1687,63.7,2400033792,0x0
1786473993.279306066,5.4389,62.6,2400027136,0x0
1786473994.333809862,5.6512,63.7,2400033792,0x0
1786473995.387893917,6.0743,63.7,2400023808,0x0
1786473996.441567972,6.1364,63.1,2400030464,0x0
1786473997.496452471,6.1301,64.8,2400027136,0x0
1786473998.551250137,6.2407,64.2,2400023808,0x0
1786473999.605832711,6.3240,65.3,2400030464,0x0
1786474000.659934988,6.2205,63.7,2400027136,0x0
1786474001.713659450,6.1999,65.3,2400027136,0x0
1786474002.767335209,5.1086,65.3,2400033792,0x0
1786474003.820741690,5.6389,63.1,2400020480,0x0
1786474004.874111874,5.8699,64.8,2400027136,0x0
1786474005.927590411,5.2805,64.2,2400023808,0x0
1786474006.980896484,5.8090,63.7,2400023808,0x0
1786474008.035444743,6.2108,65.3,2400023808,0x0
1786474009.090369057,6.2481,64.2,2400023808,0x0
1786474010.145386630,5.4654,64.2,2400030464,0x0
1786474011.199721926,5.8830,63.7,2400020480,0x0
1786474012.253672500,5.8116,63.7,2400033792,0x0
1786474013.308008369,5.5683,62.6,2400023808,0x0
1786474014.361283313,6.1997,64.8,2400033792,0x0
1786474015.414947312,5.8057,64.8,2400027136,0x0
1786474016.469979219,6.1346,64.2,2400027136,0x0
1786474017.523131163,6.3443,64.2,2400027136,0x0
1786474018.576751718,5.3275,63.1,2400027136,0x0
1786474019.629690903,5.3474,63.1,2400020480,0x0
1786474020.682860920,5.3663,65.3,2400037120,0x0
1786474021.736543809,6.2799,64.2,2400033792,0x0
1786474022.791899864,5.6108,64.8,2400027136,0x0
1786474023.846718307,5.7635,63.7,2400030464,0x0
1786474024.900031603,5.3941,62.6,2400020480,0x0
1786474025.954336825,6.1514,63.7,2400030464,0x0
1786474027.008138824,4.7275,63.7,2400020480,0x0
1786474028.061568564,6.2380,63.7,2400027136,0x0
1786474029.116088323,5.7057,63.1,2400033792,0x0
1786474030.170578285,5.5717,63.1,2400027136,0x0
1786474031.223732840,5.6272,63.7,2400033792,0x0
1786474032.276494728,6.3196,63.7,2400027136,0x0
1786474033.330705135,5.7145,64.2,2400030464,0x0
1786474034.383252375,5.4101,63.7,2400030464,0x0
1786474035.436199134,5.5621,63.7,2400030464,0x0
1786474036.491303559,5.6001,64.2,2400020480,0x0
1786474037.544713670,5.5431,63.1,2400033792,0x0
1786474038.598179002,6.3857,64.2,2400023808,0x0
1786474039.652328354,6.5619,63.7,2400027136,0x0
1786474040.707004001,6.1354,62.6,2400030464,0x0
1786474041.760811352,6.0523,62.6,2400030464,0x0
1786474042.815391592,5.9752,63.1,2400033792,0x0
1786474043.870251888,6.1432,62.6,2400033792,0x0
1786474044.922611850,5.8512,63.7,2400030464,0x0
1786474045.976344202,5.7447,62.6,2400030464,0x0
1786474047.029644423,6.2139,63.7,2400027136,0x0
1786474048.082942515,5.5521,63.1,2400030464,0x0
1786474049.137186607,5.7805,63.1,2400033792,0x0
1786474050.191057699,5.4212,63.1,2400033792,0x0
1786474051.244779902,6.3525,62.6,2400023808,0x0
1786474052.299191902,6.3554,63.1,2400030464,0x0
1786474053.354201679,5.5516,63.7,2400020480,0x0
1786474054.407514900,5.5486,63.1,2400020480,0x0
1786474055.462154566,5.6514,63.1,2400030464,0x0
1786474056.515602177,6.2884,62.0,2400027136,0x0
1786474057.569473195,5.9825,60.9,2400020480,0x0
1786474058.623647342,6.3605,63.7,2400023808,0x0
1786474059.677714323,4.7353,64.2,2400033792,0x0
1786474060.730128082,5.7894,62.6,2400027136,0x0
1786474061.783585229,5.9602,64.2,2400027136,0x0
1786474062.834863377,2.3442,61.5,2400027136,0x0
1786474063.875706043,2.2669,59.3,2400023808,0x0
